P 1.50000000000000000e+00 3.49999999999999978e-01 1.26796050936045762e-01
L 1.50000000000000000e+00 3.49999999999999978e-01 1.12370074380603244e-01
P 1.50000000000000000e+00 6.99999999999999956e-01 2.94465268795908564e-01
L 1.50000000000000000e+00 6.99999999999999956e-01 2.60963049817618253e-01
P 1.50000000000000000e+00 1.04999999999999982e+00 4.48087236660289379e-01
L 1.50000000000000000e+00 1.04999999999999982e+00 3.97106974080070951e-01
P 1.50000000000000000e+00 1.39999999999999991e+00 5.76500082944540138e-01
L 1.50000000000000000e+00 1.39999999999999991e+00 5.10909896031200295e-01
P 1.50000000000000000e+00 1.75000000000000000e+00 6.79237879194360072e-01
L 1.50000000000000000e+00 1.75000000000000000e+00 6.01958897329470166e-01
P 1.50000000000000000e+00 2.09999999999999964e+00 7.59338114790383489e-01
L 1.50000000000000000e+00 2.09999999999999964e+00 6.72945882849775634e-01
P 1.50000000000000000e+00 2.44999999999999973e+00 8.20732196315649642e-01
L 1.50000000000000000e+00 2.44999999999999973e+00 7.27354970960908287e-01
P 1.50000000000000000e+00 2.79999999999999982e+00 8.67221641977768076e-01
L 1.50000000000000000e+00 2.79999999999999982e+00 7.68555169456050624e-01
P 1.50000000000000000e+00 3.14999999999999991e+00 9.02107347290010853e-01
L 1.50000000000000000e+00 3.14999999999999991e+00 7.99471820817170498e-01
P 1.50000000000000000e+00 3.50000000000000000e+00 9.28102227503533994e-01
L 1.50000000000000000e+00 3.50000000000000000e+00 8.22509183586313863e-01
P 1.50000000000000000e+00 3.84999999999999964e+00 9.47363733991275603e-01
L 1.50000000000000000e+00 3.84999999999999964e+00 8.39579249260533400e-01
P 1.50000000000000000e+00 4.19999999999999929e+00 9.61570681142110084e-01
L 1.50000000000000000e+00 4.19999999999999929e+00 8.52169828354087278e-01
P 1.50000000000000000e+00 4.54999999999999982e+00 9.72009542067841958e-01
L 1.50000000000000000e+00 4.54999999999999982e+00 8.61421027977527620e-01
P 1.50000000000000000e+00 4.89999999999999947e+00 9.79655001484790233e-01
L 1.50000000000000000e+00 4.89999999999999947e+00 8.68196639970283512e-01
P 1.50000000000000000e+00 5.25000000000000000e+00 9.85239102856008464e-01
L 1.50000000000000000e+00 5.25000000000000000e+00 8.73145420959914764e-01
P 1.50000000000000000e+00 5.59999999999999964e+00 9.89307870909994946e-01
L 1.50000000000000000e+00 5.59999999999999964e+00 8.76751272762779643e-01
P 1.50000000000000000e+00 5.94999999999999929e+00 9.92266312201455003e-01
L 1.50000000000000000e+00 5.94999999999999929e+00 8.79373123092642817e-01
P 1.50000000000000000e+00 6.29999999999999982e+00 9.94413453902697309e-01
L 1.50000000000000000e+00 6.29999999999999982e+00 8.81275977881046169e-01
P 1.50000000000000000e+00 6.64999999999999947e+00 9.95969224583292512e-01
L 1.50000000000000000e+00 6.64999999999999947e+00 8.82654743748019555e-01
P 1.50000000000000000e+00 7.00000000000000000e+00 9.97094847225730163e-01
L 1.50000000000000000e+00 7.00000000000000000e+00 8.83652300841647143e-01
P 1.50000000000000000e+00 7.34999999999999964e+00 9.97908176380389977e-01
L 1.50000000000000000e+00 7.34999999999999964e+00 8.84373095037762402e-01
P 1.50000000000000000e+00 7.69999999999999929e+00 9.98495153140388614e-01
L 1.50000000000000000e+00 7.69999999999999929e+00 8.84893289647088244e-01
P 1.50000000000000000e+00 8.04999999999999893e+00 9.98918312350870252e-01
L 1.50000000000000000e+00 8.04999999999999893e+00 8.85268304733170308e-01
P 1.50000000000000000e+00 8.39999999999999858e+00 9.99223071050939105e-01
L 1.50000000000000000e+00 8.39999999999999858e+00 8.85538390098937311e-01
P 1.50000000000000000e+00 8.75000000000000000e+00 9.99442358511861806e-01
L 1.50000000000000000e+00 8.75000000000000000e+00 8.85732728551221205e-01
P 1.50000000000000000e+00 9.09999999999999964e+00 9.99600013778947027e-01
L 1.50000000000000000e+00 9.09999999999999964e+00 8.85872446893851584e-01
P 1.50000000000000000e+00 9.44999999999999929e+00 9.99713271583791530e-01
L 1.50000000000000000e+00 9.44999999999999929e+00 8.85972819010022450e-01
P 1.50000000000000000e+00 9.79999999999999893e+00 9.99794576652657696e-01
L 1.50000000000000000e+00 9.79999999999999893e+00 8.86044873751227424e-01
P 1.50000000000000000e+00 1.01499999999999986e+01 9.99852904925967345e-01
L 1.50000000000000000e+00 1.01499999999999986e+01 8.86096565837549588e-01
P 1.50000000000000000e+00 1.05000000000000000e+01 9.99894723818227305e-01
L 1.50000000000000000e+00 1.05000000000000000e+01 8.86133626865863055e-01
P 1.50000000000000000e+00 1.08499999999999996e+01 9.99924688918356619e-01
L 1.50000000000000000e+00 1.08499999999999996e+01 8.86160182744421543e-01
P 1.50000000000000000e+00 1.11999999999999993e+01 9.99946148680765368e-01
L 1.50000000000000000e+00 1.11999999999999993e+01 8.86179200963681968e-01
P 1.50000000000000000e+00 1.15499999999999989e+01 9.99961509511338331e-01
L 1.50000000000000000e+00 1.15499999999999989e+01 8.86192814145333019e-01
P 1.50000000000000000e+00 1.18999999999999986e+01 9.99972499529615755e-01
L 1.50000000000000000e+00 1.18999999999999986e+01 8.86202553795441661e-01
P 1.50000000000000000e+00 1.22500000000000000e+01 9.99980358907905931e-01
L 1.50000000000000000e+00 1.22500000000000000e+01 8.86209518988099743e-01
P 1.50000000000000000e+00 1.25999999999999996e+01 9.99985977081165878e-01
L 1.50000000000000000e+00 1.25999999999999996e+01 8.86214497964514569e-01
P 1.50000000000000000e+00 1.29499999999999993e+01 9.99989991562013625e-01
L 1.50000000000000000e+00 1.29499999999999993e+01 8.86218055705533581e-01
P 1.50000000000000000e+00 1.32999999999999989e+01 9.99992859041521465e-01
L 1.50000000000000000e+00 1.32999999999999989e+01 8.86220596943081640e-01
P 1.50000000000000000e+00 1.36499999999999986e+01 9.99994906506727399e-01
L 1.50000000000000000e+00 1.36499999999999986e+01 8.86222411461876081e-01
P 1.50000000000000000e+00 1.40000000000000000e+01 9.99996367963437494e-01
L 1.50000000000000000e+00 1.40000000000000000e+01 8.86223706644162945e-01
P 1.50000000000000000e+00 1.43499999999999996e+01 9.99997410799272179e-01
L 1.50000000000000000e+00 1.43499999999999996e+01 8.86224630833358451e-01
P 1.50000000000000000e+00 1.46999999999999993e+01 9.99998154697129493e-01
L 1.50000000000000000e+00 1.46999999999999993e+01 8.86225290095669416e-01
P 1.50000000000000000e+00 1.50499999999999989e+01 9.99998685195878423e-01
L 1.50000000000000000e+00 1.50499999999999989e+01 8.86225760237944638e-01
P 1.50000000000000000e+00 1.53999999999999986e+01 9.99999063407607025e-01
L 1.50000000000000000e+00 1.53999999999999986e+01 8.86226095419362037e-01
P 1.50000000000000000e+00 1.57499999999999982e+01 9.99999332977057787e-01
L 1.50000000000000000e+00 1.57499999999999982e+01 8.86226334319067499e-01
P 1.50000000000000000e+00 1.60999999999999979e+01 9.99999525063415273e-01
L 1.50000000000000000e+00 1.60999999999999979e+01 8.86226504551169580e-01
P 1.50000000000000000e+00 1.64499999999999993e+01 9.99999661904752868e-01
L 1.50000000000000000e+00 1.64499999999999993e+01 8.86226625823647418e-01
P 1.50000000000000000e+00 1.67999999999999972e+01 9.99999759367246277e-01
L 1.50000000000000000e+00 1.67999999999999972e+01 8.86226712197533351e-01
P 1.50000000000000000e+00 1.71499999999999986e+01 9.99999828767546228e-01
L 1.50000000000000000e+00 1.71499999999999986e+01 8.86226773701947801e-01
P 1.50000000000000000e+00 1.75000000000000000e+01 9.99999878175029111e-01
L 1.50000000000000000e+00 1.75000000000000000e+01 8.86226817488189433e-01
P 1.50000000000000000e+00 1.78499999999999979e+01 9.99999913342031088e-01
L 1.50000000000000000e+00 1.78499999999999979e+01 8.86226848654133481e-01
P 1.50000000000000000e+00 1.81999999999999993e+01 9.99999938368102526e-01
L 1.50000000000000000e+00 1.81999999999999993e+01 8.86226870832911851e-01
P 1.50000000000000000e+00 1.85499999999999972e+01 9.99999956174172921e-01
L 1.50000000000000000e+00 1.85499999999999972e+01 8.86226886613130871e-01
P 1.50000000000000000e+00 1.88999999999999986e+01 9.99999968840902365e-01
L 1.50000000000000000e+00 1.88999999999999986e+01 8.86226897838727545e-01
P 1.50000000000000000e+00 1.92500000000000000e+01 9.99999977850079769e-01
L 1.50000000000000000e+00 1.92500000000000000e+01 8.86226905822903088e-01
P 1.50000000000000000e+00 1.95999999999999979e+01 9.99999984256750296e-01
L 1.50000000000000000e+00 1.95999999999999979e+01 8.86226911500667014e-01
P 1.50000000000000000e+00 1.99499999999999993e+01 9.99999988811966056e-01
L 1.50000000000000000e+00 1.99499999999999993e+01 8.86226915537621895e-01
P 1.50000000000000000e+00 2.02999999999999972e+01 9.99999992050273567e-01
L 1.50000000000000000e+00 2.02999999999999972e+01 8.86226918407497233e-01
P 1.50000000000000000e+00 2.06499999999999986e+01 9.99999994352036681e-01
L 1.50000000000000000e+00 2.06499999999999986e+01 8.86226920447381716e-01
P 1.50000000000000000e+00 2.10000000000000000e+01 9.99999995987873369e-01
L 1.50000000000000000e+00 2.10000000000000000e+01 8.86226921897104170e-01
P 1.50000000000000000e+00 2.13499999999999979e+01 9.99999997150279429e-01
L 1.50000000000000000e+00 2.13499999999999979e+01 8.86226922927259686e-01
P 1.50000000000000000e+00 2.16999999999999993e+01 9.99999997976158461e-01
L 1.50000000000000000e+00 2.16999999999999993e+01 8.86226923659175991e-01
P 1.50000000000000000e+00 2.20499999999999972e+01 9.99999998562860370e-01
L 1.50000000000000000e+00 2.20499999999999972e+01 8.86226924179126962e-01
P 1.50000000000000000e+00 2.23999999999999986e+01 9.99999998979598126e-01
L 1.50000000000000000e+00 2.23999999999999986e+01 8.86226924548451200e-01
P 1.50000000000000000e+00 2.27500000000000000e+01 9.99999999275572704e-01
L 1.50000000000000000e+00 2.27500000000000000e+01 8.86226924810751826e-01
P 1.50000000000000000e+00 2.30999999999999979e+01 9.99999999485753799e-01
L 1.50000000000000000e+00 2.30999999999999979e+01 8.86226924997020049e-01
P 1.50000000000000000e+00 2.34499999999999993e+01 9.99999999634992864e-01
L 1.50000000000000000e+00 2.34499999999999993e+01 8.86226925129279697e-01
P 1.50000000000000000e+00 2.37999999999999972e+01 9.99999999740947887e-01
L 1.50000000000000000e+00 2.37999999999999972e+01 8.86226925223179918e-01
P 1.50000000000000000e+00 2.41499999999999986e+01 9.99999999816164387e-01
L 1.50000000000000000e+00 2.41499999999999986e+01 8.86226925289838707e-01
P 1.50000000000000000e+00 2.45000000000000000e+01 9.99999999869554235e-01
L 1.50000000000000000e+00 2.45000000000000000e+01 8.86226925337154303e-01
P 1.50000000000000000e+00 2.48499999999999979e+01 9.99999999907447257e-01
L 1.50000000000000000e+00 2.48499999999999979e+01 8.86226925370736107e-01
P 1.50000000000000000e+00 2.51999999999999993e+01 9.99999999934338857e-01
L 1.50000000000000000e+00 2.51999999999999993e+01 8.86226925394568155e-01
P 1.50000000000000000e+00 2.55499999999999972e+01 9.99999999953421148e-01
L 1.50000000000000000e+00 2.55499999999999972e+01 8.86226925411479405e-01
P 1.50000000000000000e+00 2.58999999999999986e+01 9.99999999966960651e-01
L 1.50000000000000000e+00 2.58999999999999986e+01 8.86226925423478473e-01
P 1.50000000000000000e+00 2.62500000000000000e+01 9.99999999976566523e-01
L 1.50000000000000000e+00 2.62500000000000000e+01 8.86226925431991441e-01
P 1.50000000000000000e+00 2.65999999999999979e+01 9.99999999983380849e-01
L 1.50000000000000000e+00 2.65999999999999979e+01 8.86226925438030499e-01
P 1.50000000000000000e+00 2.69499999999999993e+01 9.99999999988214650e-01
L 1.50000000000000000e+00 2.69499999999999993e+01 8.86226925442314295e-01
P 1.50000000000000000e+00 2.72999999999999972e+01 9.99999999991643129e-01
L 1.50000000000000000e+00 2.72999999999999972e+01 8.86226925445352753e-01
P 1.50000000000000000e+00 2.76499999999999986e+01 9.99999999994074740e-01
L 1.50000000000000000e+00 2.76499999999999986e+01 8.86226925447507696e-01
P 1.50000000000000000e+00 2.80000000000000000e+01 9.99999999995799027e-01
L 1.50000000000000000e+00 2.80000000000000000e+01 8.86226925449035807e-01
P 1.50000000000000000e+00 2.83499999999999979e+01 9.99999999997021827e-01
L 1.50000000000000000e+00 2.83499999999999979e+01 8.86226925450119496e-01
P 1.50000000000000000e+00 2.86999999999999993e+01 9.99999999997888800e-01
L 1.50000000000000000e+00 2.86999999999999993e+01 8.86226925450887881e-01
P 1.50000000000000000e+00 2.90499999999999972e+01 9.99999999998503530e-01
L 1.50000000000000000e+00 2.90499999999999972e+01 8.86226925451432668e-01
P 1.50000000000000000e+00 2.93999999999999986e+01 9.99999999998939293e-01
L 1.50000000000000000e+00 2.93999999999999986e+01 8.86226925451818803e-01
P 1.50000000000000000e+00 2.97499999999999964e+01 9.99999999999248268e-01
L 1.50000000000000000e+00 2.97499999999999964e+01 8.86226925452092584e-01
P 1.50000000000000000e+00 3.00999999999999979e+01 9.99999999999467204e-01
L 1.50000000000000000e+00 3.00999999999999979e+01 8.86226925452286651e-01
P 1.50000000000000000e+00 3.04499999999999993e+01 9.99999999999622524e-01
L 1.50000000000000000e+00 3.04499999999999993e+01 8.86226925452424319e-01
P 1.50000000000000000e+00 3.07999999999999972e+01 9.99999999999732436e-01
L 1.50000000000000000e+00 3.07999999999999972e+01 8.86226925452521686e-01
P 1.50000000000000000e+00 3.11499999999999986e+01 9.99999999999810485e-01
L 1.50000000000000000e+00 3.11499999999999986e+01 8.86226925452590852e-01
P 1.50000000000000000e+00 3.14999999999999964e+01 9.99999999999865663e-01
L 1.50000000000000000e+00 3.14999999999999964e+01 8.86226925452639813e-01
P 1.50000000000000000e+00 3.18499999999999979e+01 9.99999999999904854e-01
L 1.50000000000000000e+00 3.18499999999999979e+01 8.86226925452674563e-01
P 1.50000000000000000e+00 3.21999999999999957e+01 9.99999999999932609e-01
L 1.50000000000000000e+00 3.21999999999999957e+01 8.86226925452699099e-01
P 1.50000000000000000e+00 3.25499999999999972e+01 9.99999999999952260e-01
L 1.50000000000000000e+00 3.25499999999999972e+01 8.86226925452716530e-01
P 1.50000000000000000e+00 3.28999999999999986e+01 9.99999999999966138e-01
L 1.50000000000000000e+00 3.28999999999999986e+01 8.86226925452728853e-01
P 1.50000000000000000e+00 3.32500000000000000e+01 9.99999999999976019e-01
L 1.50000000000000000e+00 3.32500000000000000e+01 8.86226925452737624e-01
P 1.50000000000000000e+00 3.35999999999999943e+01 9.99999999999983014e-01
L 1.50000000000000000e+00 3.35999999999999943e+01 8.86226925452743730e-01
P 1.50000000000000000e+00 3.39499999999999957e+01 9.99999999999988010e-01
L 1.50000000000000000e+00 3.39499999999999957e+01 8.86226925452748171e-01
P 1.50000000000000000e+00 3.42999999999999972e+01 9.99999999999991451e-01
L 1.50000000000000000e+00 3.42999999999999972e+01 8.86226925452751280e-01
P 1.50000000000000000e+00 3.46499999999999986e+01 9.99999999999994005e-01
L 1.50000000000000000e+00 3.46499999999999986e+01 8.86226925452753500e-01
P 1.50000000000000000e+00 3.50000000000000000e+01 9.99999999999995781e-01
L 1.50000000000000000e+00 3.50000000000000000e+01 8.86226925452755054e-01
P 1.50000000000000000e+00 3.53499999999999943e+01 9.99999999999997002e-01
L 1.50000000000000000e+00 3.53499999999999943e+01 8.86226925452756165e-01
P 1.50000000000000000e+00 3.56999999999999957e+01 9.99999999999997891e-01
L 1.50000000000000000e+00 3.56999999999999957e+01 8.86226925452756942e-01
P 1.50000000000000000e+00 3.60499999999999972e+01 9.99999999999998446e-01
L 1.50000000000000000e+00 3.60499999999999972e+01 8.86226925452757497e-01
P 1.50000000000000000e+00 3.63999999999999986e+01 9.99999999999998890e-01
L 1.50000000000000000e+00 3.63999999999999986e+01 8.86226925452757830e-01
P 1.50000000000000000e+00 3.67500000000000000e+01 9.99999999999999223e-01
L 1.50000000000000000e+00 3.67500000000000000e+01 8.86226925452758163e-01
P 1.50000000000000000e+00 3.70999999999999943e+01 9.99999999999999445e-01
L 1.50000000000000000e+00 3.70999999999999943e+01 8.86226925452758385e-01
P 1.50000000000000000e+00 3.74499999999999957e+01 9.99999999999999667e-01
L 1.50000000000000000e+00 3.74499999999999957e+01 8.86226925452758496e-01
P 1.50000000000000000e+00 3.77999999999999972e+01 9.99999999999999778e-01
L 1.50000000000000000e+00 3.77999999999999972e+01 8.86226925452758607e-01
P 1.50000000000000000e+00 3.81499999999999986e+01 9.99999999999999778e-01
L 1.50000000000000000e+00 3.81499999999999986e+01 8.86226925452758607e-01
P 1.50000000000000000e+00 3.85000000000000000e+01 9.99999999999999889e-01
L 1.50000000000000000e+00 3.85000000000000000e+01 8.86226925452758718e-01
P 1.50000000000000000e+00 3.88499999999999943e+01 9.99999999999999889e-01
L 1.50000000000000000e+00 3.88499999999999943e+01 8.86226925452758718e-01
P 1.50000000000000000e+00 3.91999999999999957e+01 9.99999999999999889e-01
L 1.50000000000000000e+00 3.91999999999999957e+01 8.86226925452758718e-01
P 1.50000000000000000e+00 3.95499999999999972e+01 1.00000000000000000e+00
L 1.50000000000000000e+00 3.95499999999999972e+01 8.86226925452758829e-01
P 1.50000000000000000e+00 3.98999999999999986e+01 1.00000000000000000e+00
L 1.50000000000000000e+00 3.98999999999999986e+01 8.86226925452758829e-01
P 1.50000000000000000e+00 4.02500000000000000e+01 1.00000000000000000e+00
L 1.50000000000000000e+00 4.02500000000000000e+01 8.86226925452758829e-01
P 1.50000000000000000e+00 4.05999999999999943e+01 1.00000000000000000e+00
L 1.50000000000000000e+00 4.05999999999999943e+01 8.86226925452758829e-01
P 1.50000000000000000e+00 4.09499999999999957e+01 1.00000000000000000e+00
L 1.50000000000000000e+00 4.09499999999999957e+01 8.86226925452758829e-01
P 1.50000000000000000e+00 4.12999999999999972e+01 1.00000000000000000e+00
L 1.50000000000000000e+00 4.12999999999999972e+01 8.86226925452758829e-01
P 1.50000000000000000e+00 4.16499999999999986e+01 1.00000000000000000e+00
L 1.50000000000000000e+00 4.16499999999999986e+01 8.86226925452758829e-01
P 1.50000000000000000e+00 4.20000000000000000e+01 1.00000000000000000e+00
L 1.50000000000000000e+00 4.20000000000000000e+01 8.86226925452758829e-01
P 1.50000000000000000e+00 4.23499999999999943e+01 1.00000000000000000e+00
L 1.50000000000000000e+00 4.23499999999999943e+01 8.86226925452758829e-01
P 1.50000000000000000e+00 4.26999999999999957e+01 1.00000000000000000e+00
L 1.50000000000000000e+00 4.26999999999999957e+01 8.86226925452758829e-01
P 1.50000000000000000e+00 4.30499999999999972e+01 1.00000000000000000e+00
L 1.50000000000000000e+00 4.30499999999999972e+01 8.86226925452758829e-01
P 1.50000000000000000e+00 4.33999999999999986e+01 1.00000000000000000e+00
L 1.50000000000000000e+00 4.33999999999999986e+01 8.86226925452758829e-01
P 1.50000000000000000e+00 4.37500000000000000e+01 1.00000000000000000e+00
L 1.50000000000000000e+00 4.37500000000000000e+01 8.86226925452758829e-01
P 1.50000000000000000e+00 4.40999999999999943e+01 1.00000000000000000e+00
L 1.50000000000000000e+00 4.40999999999999943e+01 8.86226925452758829e-01
P 1.50000000000000000e+00 4.44499999999999957e+01 1.00000000000000000e+00
L 1.50000000000000000e+00 4.44499999999999957e+01 8.86226925452758829e-01
P 1.50000000000000000e+00 4.47999999999999972e+01 1.00000000000000000e+00
L 1.50000000000000000e+00 4.47999999999999972e+01 8.86226925452758829e-01
P 1.50000000000000000e+00 4.51499999999999986e+01 1.00000000000000000e+00
L 1.50000000000000000e+00 4.51499999999999986e+01 8.86226925452758829e-01
P 1.50000000000000000e+00 4.55000000000000000e+01 1.00000000000000000e+00
L 1.50000000000000000e+00 4.55000000000000000e+01 8.86226925452758829e-01
P 1.50000000000000000e+00 4.58499999999999943e+01 1.00000000000000000e+00
L 1.50000000000000000e+00 4.58499999999999943e+01 8.86226925452758829e-01
P 1.50000000000000000e+00 4.61999999999999957e+01 1.00000000000000000e+00
L 1.50000000000000000e+00 4.61999999999999957e+01 8.86226925452758829e-01
P 1.50000000000000000e+00 4.65499999999999972e+01 1.00000000000000000e+00
L 1.50000000000000000e+00 4.65499999999999972e+01 8.86226925452758829e-01
P 1.50000000000000000e+00 4.68999999999999986e+01 1.00000000000000000e+00
L 1.50000000000000000e+00 4.68999999999999986e+01 8.86226925452758829e-01
P 1.50000000000000000e+00 4.72500000000000000e+01 1.00000000000000000e+00
L 1.50000000000000000e+00 4.72500000000000000e+01 8.86226925452758829e-01
P 1.50000000000000000e+00 4.75999999999999943e+01 1.00000000000000000e+00
L 1.50000000000000000e+00 4.75999999999999943e+01 8.86226925452758829e-01
P 1.50000000000000000e+00 4.79499999999999957e+01 1.00000000000000000e+00
L 1.50000000000000000e+00 4.79499999999999957e+01 8.86226925452758829e-01
P 1.50000000000000000e+00 4.82999999999999972e+01 1.00000000000000000e+00
L 1.50000000000000000e+00 4.82999999999999972e+01 8.86226925452758829e-01
P 1.50000000000000000e+00 4.86499999999999986e+01 1.00000000000000000e+00
L 1.50000000000000000e+00 4.86499999999999986e+01 8.86226925452758829e-01
P 1.50000000000000000e+00 4.90000000000000000e+01 1.00000000000000000e+00
L 1.50000000000000000e+00 4.90000000000000000e+01 8.86226925452758829e-01
P 1.50000000000000000e+00 4.93499999999999943e+01 1.00000000000000000e+00
L 1.50000000000000000e+00 4.93499999999999943e+01 8.86226925452758829e-01
P 1.50000000000000000e+00 4.96999999999999957e+01 1.00000000000000000e+00
L 1.50000000000000000e+00 4.96999999999999957e+01 8.86226925452758829e-01
P 1.50000000000000000e+00 5.00499999999999972e+01 1.00000000000000000e+00
L 1.50000000000000000e+00 5.00499999999999972e+01 8.86226925452758829e-01
P 1.50000000000000000e+00 5.03999999999999986e+01 1.00000000000000000e+00
L 1.50000000000000000e+00 5.03999999999999986e+01 8.86226925452758829e-01
P 1.50000000000000000e+00 5.07500000000000000e+01 1.00000000000000000e+00
L 1.50000000000000000e+00 5.07500000000000000e+01 8.86226925452758829e-01
P 1.50000000000000000e+00 5.10999999999999943e+01 1.00000000000000000e+00
L 1.50000000000000000e+00 5.10999999999999943e+01 8.86226925452758829e-01
P 1.50000000000000000e+00 5.14499999999999957e+01 1.00000000000000000e+00
L 1.50000000000000000e+00 5.14499999999999957e+01 8.86226925452758829e-01
P 1.50000000000000000e+00 5.17999999999999972e+01 1.00000000000000000e+00
L 1.50000000000000000e+00 5.17999999999999972e+01 8.86226925452758829e-01
P 1.50000000000000000e+00 5.21499999999999986e+01 1.00000000000000000e+00
L 1.50000000000000000e+00 5.21499999999999986e+01 8.86226925452758829e-01
P 1.50000000000000000e+00 5.25000000000000000e+01 1.00000000000000000e+00
L 1.50000000000000000e+00 5.25000000000000000e+01 8.86226925452758829e-01
P 1.50000000000000000e+00 5.28499999999999943e+01 1.00000000000000000e+00
L 1.50000000000000000e+00 5.28499999999999943e+01 8.86226925452758829e-01
P 1.50000000000000000e+00 5.31999999999999957e+01 1.00000000000000000e+00
L 1.50000000000000000e+00 5.31999999999999957e+01 8.86226925452758829e-01
P 1.50000000000000000e+00 5.35499999999999972e+01 1.00000000000000000e+00
L 1.50000000000000000e+00 5.35499999999999972e+01 8.86226925452758829e-01
P 1.50000000000000000e+00 5.38999999999999986e+01 1.00000000000000000e+00
L 1.50000000000000000e+00 5.38999999999999986e+01 8.86226925452758829e-01
P 1.50000000000000000e+00 5.42500000000000000e+01 1.00000000000000000e+00
L 1.50000000000000000e+00 5.42500000000000000e+01 8.86226925452758829e-01
P 1.50000000000000000e+00 5.45999999999999943e+01 1.00000000000000000e+00
L 1.50000000000000000e+00 5.45999999999999943e+01 8.86226925452758829e-01
P 1.50000000000000000e+00 5.49499999999999957e+01 1.00000000000000000e+00
L 1.50000000000000000e+00 5.49499999999999957e+01 8.86226925452758829e-01
P 1.50000000000000000e+00 5.52999999999999972e+01 1.00000000000000000e+00
L 1.50000000000000000e+00 5.52999999999999972e+01 8.86226925452758829e-01
P 1.50000000000000000e+00 5.56499999999999986e+01 1.00000000000000000e+00
L 1.50000000000000000e+00 5.56499999999999986e+01 8.86226925452758829e-01
P 1.50000000000000000e+00 5.60000000000000000e+01 1.00000000000000000e+00
L 1.50000000000000000e+00 5.60000000000000000e+01 8.86226925452758829e-01
P 1.50000000000000000e+00 5.63499999999999943e+01 1.00000000000000000e+00
L 1.50000000000000000e+00 5.63499999999999943e+01 8.86226925452758829e-01
P 1.50000000000000000e+00 5.66999999999999957e+01 1.00000000000000000e+00
L 1.50000000000000000e+00 5.66999999999999957e+01 8.86226925452758829e-01
P 1.50000000000000000e+00 5.70499999999999972e+01 1.00000000000000000e+00
L 1.50000000000000000e+00 5.70499999999999972e+01 8.86226925452758829e-01
P 1.50000000000000000e+00 5.73999999999999986e+01 1.00000000000000000e+00
L 1.50000000000000000e+00 5.73999999999999986e+01 8.86226925452758829e-01
P 1.50000000000000000e+00 5.77499999999999929e+01 1.00000000000000000e+00
L 1.50000000000000000e+00 5.77499999999999929e+01 8.86226925452758829e-01
P 1.50000000000000000e+00 5.80999999999999943e+01 1.00000000000000000e+00
L 1.50000000000000000e+00 5.80999999999999943e+01 8.86226925452758829e-01
P 1.50000000000000000e+00 5.84499999999999957e+01 1.00000000000000000e+00
L 1.50000000000000000e+00 5.84499999999999957e+01 8.86226925452758829e-01
P 1.50000000000000000e+00 5.87999999999999972e+01 1.00000000000000000e+00
L 1.50000000000000000e+00 5.87999999999999972e+01 8.86226925452758829e-01
P 1.50000000000000000e+00 5.91499999999999986e+01 1.00000000000000000e+00
L 1.50000000000000000e+00 5.91499999999999986e+01 8.86226925452758829e-01
P 1.50000000000000000e+00 5.94999999999999929e+01 1.00000000000000000e+00
L 1.50000000000000000e+00 5.94999999999999929e+01 8.86226925452758829e-01
P 1.50000000000000000e+00 5.98499999999999943e+01 1.00000000000000000e+00
L 1.50000000000000000e+00 5.98499999999999943e+01 8.86226925452758829e-01
P 1.50000000000000000e+00 6.01999999999999957e+01 1.00000000000000000e+00
L 1.50000000000000000e+00 6.01999999999999957e+01 8.86226925452758829e-01
P 1.50000000000000000e+00 6.05499999999999972e+01 1.00000000000000000e+00
L 1.50000000000000000e+00 6.05499999999999972e+01 8.86226925452758829e-01
P 1.50000000000000000e+00 6.08999999999999986e+01 1.00000000000000000e+00
L 1.50000000000000000e+00 6.08999999999999986e+01 8.86226925452758829e-01
P 1.50000000000000000e+00 6.12499999999999929e+01 1.00000000000000000e+00
L 1.50000000000000000e+00 6.12499999999999929e+01 8.86226925452758829e-01
P 1.50000000000000000e+00 6.15999999999999943e+01 1.00000000000000000e+00
L 1.50000000000000000e+00 6.15999999999999943e+01 8.86226925452758829e-01
P 1.50000000000000000e+00 6.19499999999999957e+01 1.00000000000000000e+00
L 1.50000000000000000e+00 6.19499999999999957e+01 8.86226925452758829e-01
P 1.50000000000000000e+00 6.22999999999999972e+01 1.00000000000000000e+00
L 1.50000000000000000e+00 6.22999999999999972e+01 8.86226925452758829e-01
P 1.50000000000000000e+00 6.26499999999999986e+01 1.00000000000000000e+00
L 1.50000000000000000e+00 6.26499999999999986e+01 8.86226925452758829e-01
P 1.50000000000000000e+00 6.29999999999999929e+01 1.00000000000000000e+00
L 1.50000000000000000e+00 6.29999999999999929e+01 8.86226925452758829e-01
P 1.50000000000000000e+00 6.33499999999999943e+01 1.00000000000000000e+00
L 1.50000000000000000e+00 6.33499999999999943e+01 8.86226925452758829e-01
P 1.50000000000000000e+00 6.36999999999999957e+01 1.00000000000000000e+00
L 1.50000000000000000e+00 6.36999999999999957e+01 8.86226925452758829e-01
P 1.50000000000000000e+00 6.40499999999999972e+01 1.00000000000000000e+00
L 1.50000000000000000e+00 6.40499999999999972e+01 8.86226925452758829e-01
P 1.50000000000000000e+00 6.43999999999999915e+01 1.00000000000000000e+00
L 1.50000000000000000e+00 6.43999999999999915e+01 8.86226925452758829e-01
P 1.50000000000000000e+00 6.47500000000000000e+01 1.00000000000000000e+00
L 1.50000000000000000e+00 6.47500000000000000e+01 8.86226925452758829e-01
P 1.50000000000000000e+00 6.50999999999999943e+01 1.00000000000000000e+00
L 1.50000000000000000e+00 6.50999999999999943e+01 8.86226925452758829e-01
P 1.50000000000000000e+00 6.54500000000000028e+01 1.00000000000000000e+00
L 1.50000000000000000e+00 6.54500000000000028e+01 8.86226925452758829e-01
P 1.50000000000000000e+00 6.57999999999999972e+01 1.00000000000000000e+00
L 1.50000000000000000e+00 6.57999999999999972e+01 8.86226925452758829e-01
P 1.50000000000000000e+00 6.61499999999999915e+01 1.00000000000000000e+00
L 1.50000000000000000e+00 6.61499999999999915e+01 8.86226925452758829e-01
P 1.50000000000000000e+00 6.65000000000000000e+01 1.00000000000000000e+00
L 1.50000000000000000e+00 6.65000000000000000e+01 8.86226925452758829e-01
P 1.50000000000000000e+00 6.68499999999999943e+01 1.00000000000000000e+00
L 1.50000000000000000e+00 6.68499999999999943e+01 8.86226925452758829e-01
P 1.50000000000000000e+00 6.71999999999999886e+01 1.00000000000000000e+00
L 1.50000000000000000e+00 6.71999999999999886e+01 8.86226925452758829e-01
P 1.50000000000000000e+00 6.75499999999999972e+01 1.00000000000000000e+00
L 1.50000000000000000e+00 6.75499999999999972e+01 8.86226925452758829e-01
P 1.50000000000000000e+00 6.78999999999999915e+01 1.00000000000000000e+00
L 1.50000000000000000e+00 6.78999999999999915e+01 8.86226925452758829e-01
P 1.50000000000000000e+00 6.82500000000000000e+01 1.00000000000000000e+00
L 1.50000000000000000e+00 6.82500000000000000e+01 8.86226925452758829e-01
P 1.50000000000000000e+00 6.85999999999999943e+01 1.00000000000000000e+00
L 1.50000000000000000e+00 6.85999999999999943e+01 8.86226925452758829e-01
P 1.50000000000000000e+00 6.89499999999999886e+01 1.00000000000000000e+00
L 1.50000000000000000e+00 6.89499999999999886e+01 8.86226925452758829e-01
P 1.50000000000000000e+00 6.92999999999999972e+01 1.00000000000000000e+00
L 1.50000000000000000e+00 6.92999999999999972e+01 8.86226925452758829e-01
P 1.50000000000000000e+00 6.96499999999999915e+01 1.00000000000000000e+00
L 1.50000000000000000e+00 6.96499999999999915e+01 8.86226925452758829e-01
P 1.50000000000000000e+00 7.00000000000000000e+01 1.00000000000000000e+00
L 1.50000000000000000e+00 7.00000000000000000e+01 8.86226925452758829e-01
P 1.50000000000000000e+00 7.03499999999999943e+01 1.00000000000000000e+00
L 1.50000000000000000e+00 7.03499999999999943e+01 8.86226925452758829e-01
P 1.50000000000000000e+00 7.06999999999999886e+01 1.00000000000000000e+00
L 1.50000000000000000e+00 7.06999999999999886e+01 8.86226925452758829e-01
P 1.50000000000000000e+00 7.10499999999999972e+01 1.00000000000000000e+00
L 1.50000000000000000e+00 7.10499999999999972e+01 8.86226925452758829e-01
P 1.50000000000000000e+00 7.13999999999999915e+01 1.00000000000000000e+00
L 1.50000000000000000e+00 7.13999999999999915e+01 8.86226925452758829e-01
P 1.50000000000000000e+00 7.17500000000000000e+01 1.00000000000000000e+00
L 1.50000000000000000e+00 7.17500000000000000e+01 8.86226925452758829e-01
P 1.50000000000000000e+00 7.20999999999999943e+01 1.00000000000000000e+00
L 1.50000000000000000e+00 7.20999999999999943e+01 8.86226925452758829e-01
P 1.50000000000000000e+00 7.24499999999999886e+01 1.00000000000000000e+00
L 1.50000000000000000e+00 7.24499999999999886e+01 8.86226925452758829e-01
P 1.50000000000000000e+00 7.27999999999999972e+01 1.00000000000000000e+00
L 1.50000000000000000e+00 7.27999999999999972e+01 8.86226925452758829e-01
P 1.50000000000000000e+00 7.31499999999999915e+01 1.00000000000000000e+00
L 1.50000000000000000e+00 7.31499999999999915e+01 8.86226925452758829e-01
P 1.50000000000000000e+00 7.35000000000000000e+01 1.00000000000000000e+00
L 1.50000000000000000e+00 7.35000000000000000e+01 8.86226925452758829e-01
P 1.50000000000000000e+00 7.38499999999999943e+01 1.00000000000000000e+00
L 1.50000000000000000e+00 7.38499999999999943e+01 8.86226925452758829e-01
P 1.50000000000000000e+00 7.41999999999999886e+01 1.00000000000000000e+00
L 1.50000000000000000e+00 7.41999999999999886e+01 8.86226925452758829e-01
P 1.50000000000000000e+00 7.45499999999999972e+01 1.00000000000000000e+00
L 1.50000000000000000e+00 7.45499999999999972e+01 8.86226925452758829e-01
P 1.50000000000000000e+00 7.48999999999999915e+01 1.00000000000000000e+00
L 1.50000000000000000e+00 7.48999999999999915e+01 8.86226925452758829e-01
P 1.50000000000000000e+00 7.52500000000000000e+01 1.00000000000000000e+00
L 1.50000000000000000e+00 7.52500000000000000e+01 8.86226925452758829e-01
P 1.50000000000000000e+00 7.55999999999999943e+01 1.00000000000000000e+00
L 1.50000000000000000e+00 7.55999999999999943e+01 8.86226925452758829e-01
P 1.50000000000000000e+00 7.59499999999999886e+01 1.00000000000000000e+00
L 1.50000000000000000e+00 7.59499999999999886e+01 8.86226925452758829e-01
P 1.50000000000000000e+00 7.62999999999999972e+01 1.00000000000000000e+00
L 1.50000000000000000e+00 7.62999999999999972e+01 8.86226925452758829e-01
P 1.50000000000000000e+00 7.66499999999999915e+01 1.00000000000000000e+00
L 1.50000000000000000e+00 7.66499999999999915e+01 8.86226925452758829e-01
P 1.50000000000000000e+00 7.70000000000000000e+01 1.00000000000000000e+00
L 1.50000000000000000e+00 7.70000000000000000e+01 8.86226925452758829e-01
P 7.50000000000000000e-01 3.49999999999999978e-01 4.28456899513762590e-01
L 7.50000000000000000e-01 3.49999999999999978e-01 5.25038240950609136e-01
P 7.50000000000000000e-01 6.99999999999999956e-01 6.30171429771786640e-01
L 7.50000000000000000e-01 6.99999999999999956e-01 7.72222595458709304e-01
P 7.50000000000000000e-01 1.04999999999999982e+00 7.54532415188995498e-01
L 7.50000000000000000e-01 1.04999999999999982e+00 9.24616624123985487e-01
P 7.50000000000000000e-01 1.39999999999999991e+00 8.34945541710467753e-01
L 7.50000000000000000e-01 1.39999999999999991e+00 1.02315621246084310e+00
P 7.50000000000000000e-01 1.75000000000000000e+00 8.88113507110127598e-01
L 7.50000000000000000e-01 1.75000000000000000e+00 1.08830912529767709e+00
P 7.50000000000000000e-01 2.09999999999999964e+00 9.23728894933404376e-01
L 7.50000000000000000e-01 2.09999999999999964e+00 1.13195281640109524e+00
P 7.50000000000000000e-01 2.44999999999999973e+00 9.47792165290260002e-01
L 7.50000000000000000e-01 2.44999999999999973e+00 1.16144034981232136e+00
P 7.50000000000000000e-01 2.79999999999999982e+00 9.64149632173216031e-01
L 7.50000000000000000e-01 2.79999999999999982e+00 1.18148506294071676e+00
P 7.50000000000000000e-01 3.14999999999999991e+00 9.75319588861950582e-01
L 7.50000000000000000e-01 3.14999999999999991e+00 1.19517291443290463e+00
P 7.50000000000000000e-01 3.50000000000000000e+00 9.82974098157599840e-01
L 7.50000000000000000e-01 3.50000000000000000e+00 1.20455287797296817e+00
P 7.50000000000000000e-01 3.84999999999999964e+00 9.88234327948457780e-01
L 7.50000000000000000e-01 3.84999999999999964e+00 1.21099885141749053e+00
P 7.50000000000000000e-01 4.19999999999999929e+00 9.91857506536329314e-01
L 7.50000000000000000e-01 4.19999999999999929e+00 1.21543875497508247e+00
P 7.50000000000000000e-01 4.54999999999999982e+00 9.94357880853294240e-01
L 7.50000000000000000e-01 4.54999999999999982e+00 1.21850275542550635e+00
P 7.50000000000000000e-01 4.89999999999999947e+00 9.96086192657727354e-01
L 7.50000000000000000e-01 4.89999999999999947e+00 1.22062065757772631e+00
P 7.50000000000000000e-01 5.25000000000000000e+00 9.97282492832557654e-01
L 7.50000000000000000e-01 5.25000000000000000e+00 1.22208662379312538e+00
P 7.50000000000000000e-01 5.59999999999999964e+00 9.98111539033571082e-01
L 7.50000000000000000e-01 5.59999999999999964e+00 1.22310255085496267e+00
P 7.50000000000000000e-01 5.94999999999999929e+00 9.98686677564892711e-01
L 7.50000000000000000e-01 5.94999999999999929e+00 1.22380733521747542e+00
P 7.50000000000000000e-01 6.29999999999999982e+00 9.99086040362504368e-01
L 7.50000000000000000e-01 6.29999999999999982e+00 1.22429672106001197e+00
P 7.50000000000000000e-01 6.64999999999999947e+00 9.99363576412839238e-01
L 7.50000000000000000e-01 6.64999999999999947e+00 1.22463681837162852e+00
P 7.50000000000000000e-01 7.00000000000000000e+00 9.99556591027558006e-01
L 7.50000000000000000e-01 7.00000000000000000e+00 1.22487334170432471e+00
P 7.50000000000000000e-01 7.34999999999999964e+00 9.99690913285962157e-01
L 7.50000000000000000e-01 7.34999999999999964e+00 1.22503794244328601e+00
P 7.50000000000000000e-01 7.69999999999999929e+00 9.99784446394485382e-01
L 7.50000000000000000e-01 7.69999999999999929e+00 1.22515255947670387e+00
P 7.50000000000000000e-01 8.04999999999999893e+00 9.99849612037341795e-01
L 7.50000000000000000e-01 8.04999999999999893e+00 1.22523241454388709e+00
P 7.50000000000000000e-01 8.39999999999999858e+00 9.99895036245750379e-01
L 7.50000000000000000e-01 8.39999999999999858e+00 1.22528807812756724e+00
P 7.50000000000000000e-01 8.75000000000000000e+00 9.99926713930478717e-01
L 7.50000000000000000e-01 8.75000000000000000e+00 1.22532689649152871e+00
P 7.50000000000000000e-01 9.09999999999999964e+00 9.99948814377265127e-01
L 7.50000000000000000e-01 9.09999999999999964e+00 1.22535397874815266e+00
P 7.50000000000000000e-01 9.44999999999999929e+00 9.99964239059938476e-01
L 7.50000000000000000e-01 9.44999999999999929e+00 1.22537288041193082e+00
P 7.50000000000000000e-01 9.79999999999999893e+00 9.99975008337009141e-01
L 7.50000000000000000e-01 9.79999999999999893e+00 1.22538607726392668e+00
P 7.50000000000000000e-01 1.01499999999999986e+01 9.99982529775197304e-01
L 7.50000000000000000e-01 1.01499999999999986e+01 1.22539529415990911e+00
P 7.50000000000000000e-01 1.05000000000000000e+01 9.99987784491913834e-01
L 7.50000000000000000e-01 1.05000000000000000e+01 1.22540173337754021e+00
P 7.50000000000000000e-01 1.08499999999999996e+01 9.99991456662527645e-01
L 7.50000000000000000e-01 1.08499999999999996e+01 1.22540623331674459e+00
P 7.50000000000000000e-01 1.11999999999999993e+01 9.99994023589022563e-01
L 7.50000000000000000e-01 1.11999999999999993e+01 1.22540937887134560e+00
P 7.50000000000000000e-01 1.15499999999999989e+01 9.99995818379384116e-01
L 7.50000000000000000e-01 1.15499999999999989e+01 1.22541157823743196e+00
P 7.50000000000000000e-01 1.18999999999999986e+01 9.99997073591376906e-01
L 7.50000000000000000e-01 1.18999999999999986e+01 1.22541311639517314e+00
P 7.50000000000000000e-01 1.22500000000000000e+01 9.99997951637672022e-01
L 7.50000000000000000e-01 1.22500000000000000e+01 1.22541419236776861e+00
P 7.50000000000000000e-01 1.25999999999999996e+01 9.99998565978228449e-01
L 7.50000000000000000e-01 1.25999999999999996e+01 1.22541494519094751e+00
P 7.50000000000000000e-01 1.29499999999999993e+01 9.99998995897891985e-01
L 7.50000000000000000e-01 1.29499999999999993e+01 1.22541547202168388e+00
P 7.50000000000000000e-01 1.32999999999999989e+01 9.99999296815158645e-01
L 7.50000000000000000e-01 1.32999999999999989e+01 1.22541584077072851e+00
P 7.50000000000000000e-01 1.36499999999999986e+01 9.99999507476224014e-01
L 7.50000000000000000e-01 1.36499999999999986e+01 1.22541609891831671e+00
P 7.50000000000000000e-01 1.40000000000000000e+01 9.99999654977184349e-01
L 7.50000000000000000e-01 1.40000000000000000e+01 1.22541627966845712e+00
P 7.50000000000000000e-01 1.43499999999999996e+01 9.99999758271192585e-01
L 7.50000000000000000e-01 1.43499999999999996e+01 1.22541640624665993e+00
P 7.50000000000000000e-01 1.46999999999999993e+01 9.99999830618400809e-01
L 7.50000000000000000e-01 1.46999999999999993e+01 1.22541649490213733e+00
P 7.50000000000000000e-01 1.50499999999999989e+01 9.99999881297810145e-01
L 7.50000000000000000e-01 1.50499999999999989e+01 1.22541655700553198e+00
P 7.50000000000000000e-01 1.53999999999999986e+01 9.99999916803791633e-01
L 7.50000000000000000e-01 1.53999999999999986e+01 1.22541660051515477e+00
P 7.50000000000000000e-01 1.57499999999999982e+01 9.99999941682565452e-01
L 7.50000000000000000e-01 1.57499999999999982e+01 1.22541663100201981e+00
P 7.50000000000000000e-01 1.60999999999999979e+01 9.99999959117146120e-01
L 7.50000000000000000e-01 1.60999999999999979e+01 1.22541665236664610e+00
P 7.50000000000000000e-01 1.64499999999999993e+01 9.99999971336446136e-01
L 7.50000000000000000e-01 1.64499999999999993e+01 1.22541666734038035e+00
P 7.50000000000000000e-01 1.67999999999999972e+01 9.99999979901526448e-01
L 7.50000000000000000e-01 1.67999999999999972e+01 1.22541667783617281e+00
P 7.50000000000000000e-01 1.71499999999999986e+01 9.99999985905864364e-01
L 7.50000000000000000e-01 1.71499999999999986e+01 1.22541668519398894e+00
P 7.50000000000000000e-01 1.75000000000000000e+01 9.99999990115501558e-01
L 7.50000000000000000e-01 1.75000000000000000e+01 1.22541669035254852e+00
P 7.50000000000000000e-01 1.78499999999999979e+01 9.99999993067178794e-01
L 7.50000000000000000e-01 1.78499999999999979e+01 1.22541669396958319e+00
P 7.50000000000000000e-01 1.81999999999999993e+01 9.99999995137008990e-01
L 7.50000000000000000e-01 1.81999999999999993e+01 1.22541669650598761e+00
P 7.50000000000000000e-01 1.85499999999999972e+01 9.99999996588594731e-01
L 7.50000000000000000e-01 1.85499999999999972e+01 1.22541669828478517e+00
P 7.50000000000000000e-01 1.88999999999999986e+01 9.99999997606697222e-01
L 7.50000000000000000e-01 1.88999999999999986e+01 1.22541669953238497e+00
P 7.50000000000000000e-01 1.92500000000000000e+01 9.99999998320822536e-01
L 7.50000000000000000e-01 1.92500000000000000e+01 1.22541670040748607e+00
P 7.50000000000000000e-01 1.95999999999999979e+01 9.99999998821774261e-01
L 7.50000000000000000e-01 1.95999999999999979e+01 1.22541670102136058e+00
P 7.50000000000000000e-01 1.99499999999999993e+01 9.99999999173217358e-01
L 7.50000000000000000e-01 1.99499999999999993e+01 1.22541670145202475e+00
P 7.50000000000000000e-01 2.02999999999999972e+01 9.99999999419791785e-01
L 7.50000000000000000e-01 2.02999999999999972e+01 1.22541670175418127e+00
P 7.50000000000000000e-01 2.06499999999999986e+01 9.99999999592800837e-01
L 7.50000000000000000e-01 2.06499999999999986e+01 1.22541670196618946e+00
P 7.50000000000000000e-01 2.10000000000000000e+01 9.99999999714202503e-01
L 7.50000000000000000e-01 2.10000000000000000e+01 1.22541670211495712e+00
P 7.50000000000000000e-01 2.13499999999999979e+01 9.99999999799396910e-01
L 7.50000000000000000e-01 2.13499999999999979e+01 1.22541670221935561e+00
P 7.50000000000000000e-01 2.16999999999999993e+01 9.99999999859186750e-01
L 7.50000000000000000e-01 2.16999999999999993e+01 1.22541670229262323e+00
P 7.50000000000000000e-01 2.20499999999999972e+01 9.99999999901150183e-01
L 7.50000000000000000e-01 2.20499999999999972e+01 1.22541670234404587e+00
P 7.50000000000000000e-01 2.23999999999999986e+01 9.99999999930604289e-01
L 7.50000000000000000e-01 2.23999999999999986e+01 1.22541670238013944e+00
P 7.50000000000000000e-01 2.27500000000000000e+01 9.99999999951279195e-01
L 7.50000000000000000e-01 2.27500000000000000e+01 1.22541670240547473e+00
P 7.50000000000000000e-01 2.30999999999999979e+01 9.99999999965792585e-01
L 7.50000000000000000e-01 2.30999999999999979e+01 1.22541670242325984e+00
P 7.50000000000000000e-01 2.34499999999999993e+01 9.99999999975981324e-01
L 7.50000000000000000e-01 2.34499999999999993e+01 1.22541670243574519e+00
P 7.50000000000000000e-01 2.37999999999999972e+01 9.99999999983134491e-01
L 7.50000000000000000e-01 2.37999999999999972e+01 1.22541670244451084e+00
P 7.50000000000000000e-01 2.41499999999999986e+01 9.99999999988156696e-01
L 7.50000000000000000e-01 2.41499999999999986e+01 1.22541670245066503e+00
P 7.50000000000000000e-01 2.45000000000000000e+01 9.99999999991682986e-01
L 7.50000000000000000e-01 2.45000000000000000e+01 1.22541670245498624e+00
P 7.50000000000000000e-01 2.48499999999999979e+01 9.99999999994159117e-01
L 7.50000000000000000e-01 2.48499999999999979e+01 1.22541670245802048e+00
P 7.50000000000000000e-01 2.51999999999999993e+01 9.99999999995897837e-01
L 7.50000000000000000e-01 2.51999999999999993e+01 1.22541670246015122e+00
P 7.50000000000000000e-01 2.55499999999999972e+01 9.99999999997118860e-01
L 7.50000000000000000e-01 2.55499999999999972e+01 1.22541670246164758e+00
P 7.50000000000000000e-01 2.58999999999999986e+01 9.99999999997976285e-01
L 7.50000000000000000e-01 2.58999999999999986e+01 1.22541670246269829e+00
P 7.50000000000000000e-01 2.62500000000000000e+01 9.99999999998578581e-01
L 7.50000000000000000e-01 2.62500000000000000e+01 1.22541670246343615e+00
P 7.50000000000000000e-01 2.65999999999999979e+01 9.99999999999001465e-01
L 7.50000000000000000e-01 2.65999999999999979e+01 1.22541670246395440e+00
P 7.50000000000000000e-01 2.69499999999999993e+01 9.99999999999298561e-01
L 7.50000000000000000e-01 2.69499999999999993e+01 1.22541670246431855e+00
P 7.50000000000000000e-01 2.72999999999999972e+01 9.99999999999507283e-01
L 7.50000000000000000e-01 2.72999999999999972e+01 1.22541670246457435e+00
P 7.50000000000000000e-01 2.76499999999999986e+01 9.99999999999653832e-01
L 7.50000000000000000e-01 2.76499999999999986e+01 1.22541670246475398e+00
P 7.50000000000000000e-01 2.80000000000000000e+01 9.99999999999756861e-01
L 7.50000000000000000e-01 2.80000000000000000e+01 1.22541670246488010e+00
P 7.50000000000000000e-01 2.83499999999999979e+01 9.99999999999829137e-01
L 7.50000000000000000e-01 2.83499999999999979e+01 1.22541670246496870e+00
P 7.50000000000000000e-01 2.86999999999999993e+01 9.99999999999879985e-01
L 7.50000000000000000e-01 2.86999999999999993e+01 1.22541670246503109e+00
P 7.50000000000000000e-01 2.90499999999999972e+01 9.99999999999915623e-01
L 7.50000000000000000e-01 2.90499999999999972e+01 1.22541670246507461e+00
P 7.50000000000000000e-01 2.93999999999999986e+01 9.99999999999940714e-01
L 7.50000000000000000e-01 2.93999999999999986e+01 1.22541670246510548e+00
P 7.50000000000000000e-01 2.97499999999999964e+01 9.99999999999958367e-01
L 7.50000000000000000e-01 2.97499999999999964e+01 1.22541670246512702e+00
P 7.50000000000000000e-01 3.00999999999999979e+01 9.99999999999970690e-01
L 7.50000000000000000e-01 3.00999999999999979e+01 1.22541670246514212e+00
P 7.50000000000000000e-01 3.04499999999999993e+01 9.99999999999979461e-01
L 7.50000000000000000e-01 3.04499999999999993e+01 1.22541670246515300e+00
P 7.50000000000000000e-01 3.07999999999999972e+01 9.99999999999985567e-01
L 7.50000000000000000e-01 3.07999999999999972e+01 1.22541670246516032e+00
P 7.50000000000000000e-01 3.11499999999999986e+01 9.99999999999989897e-01
L 7.50000000000000000e-01 3.11499999999999986e+01 1.22541670246516565e+00
P 7.50000000000000000e-01 3.14999999999999964e+01 9.99999999999992895e-01
L 7.50000000000000000e-01 3.14999999999999964e+01 1.22541670246516943e+00
P 7.50000000000000000e-01 3.18499999999999979e+01 9.99999999999995004e-01
L 7.50000000000000000e-01 3.18499999999999979e+01 1.22541670246517187e+00
P 7.50000000000000000e-01 3.21999999999999957e+01 9.99999999999996447e-01
L 7.50000000000000000e-01 3.21999999999999957e+01 1.22541670246517365e+00
P 7.50000000000000000e-01 3.25499999999999972e+01 9.99999999999997558e-01
L 7.50000000000000000e-01 3.25499999999999972e+01 1.22541670246517520e+00
P 7.50000000000000000e-01 3.28999999999999986e+01 9.99999999999998224e-01
L 7.50000000000000000e-01 3.28999999999999986e+01 1.22541670246517587e+00
P 7.50000000000000000e-01 3.32500000000000000e+01 9.99999999999998779e-01
L 7.50000000000000000e-01 3.32500000000000000e+01 1.22541670246517653e+00
P 7.50000000000000000e-01 3.35999999999999943e+01 9.99999999999999112e-01
L 7.50000000000000000e-01 3.35999999999999943e+01 1.22541670246517698e+00
P 7.50000000000000000e-01 3.39499999999999957e+01 9.99999999999999445e-01
L 7.50000000000000000e-01 3.39499999999999957e+01 1.22541670246517742e+00
P 7.50000000000000000e-01 3.42999999999999972e+01 9.99999999999999556e-01
L 7.50000000000000000e-01 3.42999999999999972e+01 1.22541670246517764e+00
P 7.50000000000000000e-01 3.46499999999999986e+01 9.99999999999999667e-01
L 7.50000000000000000e-01 3.46499999999999986e+01 1.22541670246517764e+00
P 7.50000000000000000e-01 3.50000000000000000e+01 9.99999999999999778e-01
L 7.50000000000000000e-01 3.50000000000000000e+01 1.22541670246517787e+00
P 7.50000000000000000e-01 3.53499999999999943e+01 9.99999999999999889e-01
L 7.50000000000000000e-01 3.53499999999999943e+01 1.22541670246517787e+00
P 7.50000000000000000e-01 3.56999999999999957e+01 9.99999999999999889e-01
L 7.50000000000000000e-01 3.56999999999999957e+01 1.22541670246517787e+00
P 7.50000000000000000e-01 3.60499999999999972e+01 9.99999999999999889e-01
L 7.50000000000000000e-01 3.60499999999999972e+01 1.22541670246517787e+00
P 7.50000000000000000e-01 3.63999999999999986e+01 1.00000000000000000e+00
L 7.50000000000000000e-01 3.63999999999999986e+01 1.22541670246517809e+00
P 7.50000000000000000e-01 3.67500000000000000e+01 1.00000000000000000e+00
L 7.50000000000000000e-01 3.67500000000000000e+01 1.22541670246517809e+00
P 7.50000000000000000e-01 3.70999999999999943e+01 1.00000000000000000e+00
L 7.50000000000000000e-01 3.70999999999999943e+01 1.22541670246517809e+00
P 7.50000000000000000e-01 3.74499999999999957e+01 1.00000000000000000e+00
L 7.50000000000000000e-01 3.74499999999999957e+01 1.22541670246517809e+00
P 7.50000000000000000e-01 3.77999999999999972e+01 1.00000000000000000e+00
L 7.50000000000000000e-01 3.77999999999999972e+01 1.22541670246517809e+00
P 7.50000000000000000e-01 3.81499999999999986e+01 1.00000000000000000e+00
L 7.50000000000000000e-01 3.81499999999999986e+01 1.22541670246517809e+00
P 7.50000000000000000e-01 3.85000000000000000e+01 1.00000000000000000e+00
L 7.50000000000000000e-01 3.85000000000000000e+01 1.22541670246517809e+00
P 7.50000000000000000e-01 3.88499999999999943e+01 1.00000000000000000e+00
L 7.50000000000000000e-01 3.88499999999999943e+01 1.22541670246517809e+00
P 7.50000000000000000e-01 3.91999999999999957e+01 1.00000000000000000e+00
L 7.50000000000000000e-01 3.91999999999999957e+01 1.22541670246517809e+00
P 7.50000000000000000e-01 3.95499999999999972e+01 1.00000000000000000e+00
L 7.50000000000000000e-01 3.95499999999999972e+01 1.22541670246517809e+00
P 7.50000000000000000e-01 3.98999999999999986e+01 1.00000000000000000e+00
L 7.50000000000000000e-01 3.98999999999999986e+01 1.22541670246517809e+00
P 7.50000000000000000e-01 4.02500000000000000e+01 1.00000000000000000e+00
L 7.50000000000000000e-01 4.02500000000000000e+01 1.22541670246517809e+00
P 7.50000000000000000e-01 4.05999999999999943e+01 1.00000000000000000e+00
L 7.50000000000000000e-01 4.05999999999999943e+01 1.22541670246517809e+00
P 7.50000000000000000e-01 4.09499999999999957e+01 1.00000000000000000e+00
L 7.50000000000000000e-01 4.09499999999999957e+01 1.22541670246517809e+00
P 7.50000000000000000e-01 4.12999999999999972e+01 1.00000000000000000e+00
L 7.50000000000000000e-01 4.12999999999999972e+01 1.22541670246517809e+00
P 7.50000000000000000e-01 4.16499999999999986e+01 1.00000000000000000e+00
L 7.50000000000000000e-01 4.16499999999999986e+01 1.22541670246517809e+00
P 7.50000000000000000e-01 4.20000000000000000e+01 1.00000000000000000e+00
L 7.50000000000000000e-01 4.20000000000000000e+01 1.22541670246517809e+00
P 7.50000000000000000e-01 4.23499999999999943e+01 1.00000000000000000e+00
L 7.50000000000000000e-01 4.23499999999999943e+01 1.22541670246517809e+00
P 7.50000000000000000e-01 4.26999999999999957e+01 1.00000000000000000e+00
L 7.50000000000000000e-01 4.26999999999999957e+01 1.22541670246517809e+00
P 7.50000000000000000e-01 4.30499999999999972e+01 1.00000000000000000e+00
L 7.50000000000000000e-01 4.30499999999999972e+01 1.22541670246517809e+00
P 7.50000000000000000e-01 4.33999999999999986e+01 1.00000000000000000e+00
L 7.50000000000000000e-01 4.33999999999999986e+01 1.22541670246517809e+00
P 7.50000000000000000e-01 4.37500000000000000e+01 1.00000000000000000e+00
L 7.50000000000000000e-01 4.37500000000000000e+01 1.22541670246517809e+00
P 7.50000000000000000e-01 4.40999999999999943e+01 1.00000000000000000e+00
L 7.50000000000000000e-01 4.40999999999999943e+01 1.22541670246517809e+00
P 7.50000000000000000e-01 4.44499999999999957e+01 1.00000000000000000e+00
L 7.50000000000000000e-01 4.44499999999999957e+01 1.22541670246517809e+00
P 7.50000000000000000e-01 4.47999999999999972e+01 1.00000000000000000e+00
L 7.50000000000000000e-01 4.47999999999999972e+01 1.22541670246517809e+00
P 7.50000000000000000e-01 4.51499999999999986e+01 1.00000000000000000e+00
L 7.50000000000000000e-01 4.51499999999999986e+01 1.22541670246517809e+00
P 7.50000000000000000e-01 4.55000000000000000e+01 1.00000000000000000e+00
L 7.50000000000000000e-01 4.55000000000000000e+01 1.22541670246517809e+00
P 7.50000000000000000e-01 4.58499999999999943e+01 1.00000000000000000e+00
L 7.50000000000000000e-01 4.58499999999999943e+01 1.22541670246517809e+00
P 7.50000000000000000e-01 4.61999999999999957e+01 1.00000000000000000e+00
L 7.50000000000000000e-01 4.61999999999999957e+01 1.22541670246517809e+00
P 7.50000000000000000e-01 4.65499999999999972e+01 1.00000000000000000e+00
L 7.50000000000000000e-01 4.65499999999999972e+01 1.22541670246517809e+00
P 7.50000000000000000e-01 4.68999999999999986e+01 1.00000000000000000e+00
L 7.50000000000000000e-01 4.68999999999999986e+01 1.22541670246517809e+00
P 7.50000000000000000e-01 4.72500000000000000e+01 1.00000000000000000e+00
L 7.50000000000000000e-01 4.72500000000000000e+01 1.22541670246517809e+00
P 7.50000000000000000e-01 4.75999999999999943e+01 1.00000000000000000e+00
L 7.50000000000000000e-01 4.75999999999999943e+01 1.22541670246517809e+00
P 7.50000000000000000e-01 4.79499999999999957e+01 1.00000000000000000e+00
L 7.50000000000000000e-01 4.79499999999999957e+01 1.22541670246517809e+00
P 7.50000000000000000e-01 4.82999999999999972e+01 1.00000000000000000e+00
L 7.50000000000000000e-01 4.82999999999999972e+01 1.22541670246517809e+00
P 7.50000000000000000e-01 4.86499999999999986e+01 1.00000000000000000e+00
L 7.50000000000000000e-01 4.86499999999999986e+01 1.22541670246517809e+00
P 7.50000000000000000e-01 4.90000000000000000e+01 1.00000000000000000e+00
L 7.50000000000000000e-01 4.90000000000000000e+01 1.22541670246517809e+00
P 7.50000000000000000e-01 4.93499999999999943e+01 1.00000000000000000e+00
L 7.50000000000000000e-01 4.93499999999999943e+01 1.22541670246517809e+00
P 7.50000000000000000e-01 4.96999999999999957e+01 1.00000000000000000e+00
L 7.50000000000000000e-01 4.96999999999999957e+01 1.22541670246517809e+00
P 7.50000000000000000e-01 5.00499999999999972e+01 1.00000000000000000e+00
L 7.50000000000000000e-01 5.00499999999999972e+01 1.22541670246517809e+00
P 7.50000000000000000e-01 5.03999999999999986e+01 1.00000000000000000e+00
L 7.50000000000000000e-01 5.03999999999999986e+01 1.22541670246517809e+00
P 7.50000000000000000e-01 5.07500000000000000e+01 1.00000000000000000e+00
L 7.50000000000000000e-01 5.07500000000000000e+01 1.22541670246517809e+00
P 7.50000000000000000e-01 5.10999999999999943e+01 1.00000000000000000e+00
L 7.50000000000000000e-01 5.10999999999999943e+01 1.22541670246517809e+00
P 7.50000000000000000e-01 5.14499999999999957e+01 1.00000000000000000e+00
L 7.50000000000000000e-01 5.14499999999999957e+01 1.22541670246517809e+00
P 7.50000000000000000e-01 5.17999999999999972e+01 1.00000000000000000e+00
L 7.50000000000000000e-01 5.17999999999999972e+01 1.22541670246517809e+00
P 7.50000000000000000e-01 5.21499999999999986e+01 1.00000000000000000e+00
L 7.50000000000000000e-01 5.21499999999999986e+01 1.22541670246517809e+00
P 7.50000000000000000e-01 5.25000000000000000e+01 1.00000000000000000e+00
L 7.50000000000000000e-01 5.25000000000000000e+01 1.22541670246517809e+00
P 7.50000000000000000e-01 5.28499999999999943e+01 1.00000000000000000e+00
L 7.50000000000000000e-01 5.28499999999999943e+01 1.22541670246517809e+00
P 7.50000000000000000e-01 5.31999999999999957e+01 1.00000000000000000e+00
L 7.50000000000000000e-01 5.31999999999999957e+01 1.22541670246517809e+00
P 7.50000000000000000e-01 5.35499999999999972e+01 1.00000000000000000e+00
L 7.50000000000000000e-01 5.35499999999999972e+01 1.22541670246517809e+00
P 7.50000000000000000e-01 5.38999999999999986e+01 1.00000000000000000e+00
L 7.50000000000000000e-01 5.38999999999999986e+01 1.22541670246517809e+00
P 7.50000000000000000e-01 5.42500000000000000e+01 1.00000000000000000e+00
L 7.50000000000000000e-01 5.42500000000000000e+01 1.22541670246517809e+00
P 7.50000000000000000e-01 5.45999999999999943e+01 1.00000000000000000e+00
L 7.50000000000000000e-01 5.45999999999999943e+01 1.22541670246517809e+00
P 7.50000000000000000e-01 5.49499999999999957e+01 1.00000000000000000e+00
L 7.50000000000000000e-01 5.49499999999999957e+01 1.22541670246517809e+00
P 7.50000000000000000e-01 5.52999999999999972e+01 1.00000000000000000e+00
L 7.50000000000000000e-01 5.52999999999999972e+01 1.22541670246517809e+00
P 7.50000000000000000e-01 5.56499999999999986e+01 1.00000000000000000e+00
L 7.50000000000000000e-01 5.56499999999999986e+01 1.22541670246517809e+00
P 7.50000000000000000e-01 5.60000000000000000e+01 1.00000000000000000e+00
L 7.50000000000000000e-01 5.60000000000000000e+01 1.22541670246517809e+00
P 7.50000000000000000e-01 5.63499999999999943e+01 1.00000000000000000e+00
L 7.50000000000000000e-01 5.63499999999999943e+01 1.22541670246517809e+00
P 7.50000000000000000e-01 5.66999999999999957e+01 1.00000000000000000e+00
L 7.50000000000000000e-01 5.66999999999999957e+01 1.22541670246517809e+00
P 7.50000000000000000e-01 5.70499999999999972e+01 1.00000000000000000e+00
L 7.50000000000000000e-01 5.70499999999999972e+01 1.22541670246517809e+00
P 7.50000000000000000e-01 5.73999999999999986e+01 1.00000000000000000e+00
L 7.50000000000000000e-01 5.73999999999999986e+01 1.22541670246517809e+00
P 7.50000000000000000e-01 5.77499999999999929e+01 1.00000000000000000e+00
L 7.50000000000000000e-01 5.77499999999999929e+01 1.22541670246517809e+00
P 7.50000000000000000e-01 5.80999999999999943e+01 1.00000000000000000e+00
L 7.50000000000000000e-01 5.80999999999999943e+01 1.22541670246517809e+00
P 7.50000000000000000e-01 5.84499999999999957e+01 1.00000000000000000e+00
L 7.50000000000000000e-01 5.84499999999999957e+01 1.22541670246517809e+00
P 7.50000000000000000e-01 5.87999999999999972e+01 1.00000000000000000e+00
L 7.50000000000000000e-01 5.87999999999999972e+01 1.22541670246517809e+00
P 7.50000000000000000e-01 5.91499999999999986e+01 1.00000000000000000e+00
L 7.50000000000000000e-01 5.91499999999999986e+01 1.22541670246517809e+00
P 7.50000000000000000e-01 5.94999999999999929e+01 1.00000000000000000e+00
L 7.50000000000000000e-01 5.94999999999999929e+01 1.22541670246517809e+00
P 7.50000000000000000e-01 5.98499999999999943e+01 1.00000000000000000e+00
L 7.50000000000000000e-01 5.98499999999999943e+01 1.22541670246517809e+00
P 7.50000000000000000e-01 6.01999999999999957e+01 1.00000000000000000e+00
L 7.50000000000000000e-01 6.01999999999999957e+01 1.22541670246517809e+00
P 7.50000000000000000e-01 6.05499999999999972e+01 1.00000000000000000e+00
L 7.50000000000000000e-01 6.05499999999999972e+01 1.22541670246517809e+00
P 7.50000000000000000e-01 6.08999999999999986e+01 1.00000000000000000e+00
L 7.50000000000000000e-01 6.08999999999999986e+01 1.22541670246517809e+00
P 7.50000000000000000e-01 6.12499999999999929e+01 1.00000000000000000e+00
L 7.50000000000000000e-01 6.12499999999999929e+01 1.22541670246517809e+00
P 7.50000000000000000e-01 6.15999999999999943e+01 1.00000000000000000e+00
L 7.50000000000000000e-01 6.15999999999999943e+01 1.22541670246517809e+00
P 7.50000000000000000e-01 6.19499999999999957e+01 1.00000000000000000e+00
L 7.50000000000000000e-01 6.19499999999999957e+01 1.22541670246517809e+00
P 7.50000000000000000e-01 6.22999999999999972e+01 1.00000000000000000e+00
L 7.50000000000000000e-01 6.22999999999999972e+01 1.22541670246517809e+00
P 7.50000000000000000e-01 6.26499999999999986e+01 1.00000000000000000e+00
L 7.50000000000000000e-01 6.26499999999999986e+01 1.22541670246517809e+00
P 7.50000000000000000e-01 6.29999999999999929e+01 1.00000000000000000e+00
L 7.50000000000000000e-01 6.29999999999999929e+01 1.22541670246517809e+00
P 7.50000000000000000e-01 6.33499999999999943e+01 1.00000000000000000e+00
L 7.50000000000000000e-01 6.33499999999999943e+01 1.22541670246517809e+00
P 7.50000000000000000e-01 6.36999999999999957e+01 1.00000000000000000e+00
L 7.50000000000000000e-01 6.36999999999999957e+01 1.22541670246517809e+00
P 7.50000000000000000e-01 6.40499999999999972e+01 1.00000000000000000e+00
L 7.50000000000000000e-01 6.40499999999999972e+01 1.22541670246517809e+00
P 7.50000000000000000e-01 6.43999999999999915e+01 1.00000000000000000e+00
L 7.50000000000000000e-01 6.43999999999999915e+01 1.22541670246517809e+00
P 7.50000000000000000e-01 6.47500000000000000e+01 1.00000000000000000e+00
L 7.50000000000000000e-01 6.47500000000000000e+01 1.22541670246517809e+00
P 7.50000000000000000e-01 6.50999999999999943e+01 1.00000000000000000e+00
L 7.50000000000000000e-01 6.50999999999999943e+01 1.22541670246517809e+00
P 7.50000000000000000e-01 6.54500000000000028e+01 1.00000000000000000e+00
L 7.50000000000000000e-01 6.54500000000000028e+01 1.22541670246517809e+00
P 7.50000000000000000e-01 6.57999999999999972e+01 1.00000000000000000e+00
L 7.50000000000000000e-01 6.57999999999999972e+01 1.22541670246517809e+00
P 7.50000000000000000e-01 6.61499999999999915e+01 1.00000000000000000e+00
L 7.50000000000000000e-01 6.61499999999999915e+01 1.22541670246517809e+00
P 7.50000000000000000e-01 6.65000000000000000e+01 1.00000000000000000e+00
L 7.50000000000000000e-01 6.65000000000000000e+01 1.22541670246517809e+00
P 7.50000000000000000e-01 6.68499999999999943e+01 1.00000000000000000e+00
L 7.50000000000000000e-01 6.68499999999999943e+01 1.22541670246517809e+00
P 7.50000000000000000e-01 6.71999999999999886e+01 1.00000000000000000e+00
L 7.50000000000000000e-01 6.71999999999999886e+01 1.22541670246517809e+00
P 7.50000000000000000e-01 6.75499999999999972e+01 1.00000000000000000e+00
L 7.50000000000000000e-01 6.75499999999999972e+01 1.22541670246517809e+00
P 7.50000000000000000e-01 6.78999999999999915e+01 1.00000000000000000e+00
L 7.50000000000000000e-01 6.78999999999999915e+01 1.22541670246517809e+00
P 7.50000000000000000e-01 6.82500000000000000e+01 1.00000000000000000e+00
L 7.50000000000000000e-01 6.82500000000000000e+01 1.22541670246517809e+00
P 7.50000000000000000e-01 6.85999999999999943e+01 1.00000000000000000e+00
L 7.50000000000000000e-01 6.85999999999999943e+01 1.22541670246517809e+00
P 7.50000000000000000e-01 6.89499999999999886e+01 1.00000000000000000e+00
L 7.50000000000000000e-01 6.89499999999999886e+01 1.22541670246517809e+00
P 7.50000000000000000e-01 6.92999999999999972e+01 1.00000000000000000e+00
L 7.50000000000000000e-01 6.92999999999999972e+01 1.22541670246517809e+00
P 7.50000000000000000e-01 6.96499999999999915e+01 1.00000000000000000e+00
L 7.50000000000000000e-01 6.96499999999999915e+01 1.22541670246517809e+00
P 7.50000000000000000e-01 7.00000000000000000e+01 1.00000000000000000e+00
L 7.50000000000000000e-01 7.00000000000000000e+01 1.22541670246517809e+00
P 7.50000000000000000e-01 7.03499999999999943e+01 1.00000000000000000e+00
L 7.50000000000000000e-01 7.03499999999999943e+01 1.22541670246517809e+00
P 7.50000000000000000e-01 7.06999999999999886e+01 1.00000000000000000e+00
L 7.50000000000000000e-01 7.06999999999999886e+01 1.22541670246517809e+00
P 7.50000000000000000e-01 7.10499999999999972e+01 1.00000000000000000e+00
L 7.50000000000000000e-01 7.10499999999999972e+01 1.22541670246517809e+00
P 7.50000000000000000e-01 7.13999999999999915e+01 1.00000000000000000e+00
L 7.50000000000000000e-01 7.13999999999999915e+01 1.22541670246517809e+00
P 7.50000000000000000e-01 7.17500000000000000e+01 1.00000000000000000e+00
L 7.50000000000000000e-01 7.17500000000000000e+01 1.22541670246517809e+00
P 7.50000000000000000e-01 7.20999999999999943e+01 1.00000000000000000e+00
L 7.50000000000000000e-01 7.20999999999999943e+01 1.22541670246517809e+00
P 7.50000000000000000e-01 7.24499999999999886e+01 1.00000000000000000e+00
L 7.50000000000000000e-01 7.24499999999999886e+01 1.22541670246517809e+00
P 7.50000000000000000e-01 7.27999999999999972e+01 1.00000000000000000e+00
L 7.50000000000000000e-01 7.27999999999999972e+01 1.22541670246517809e+00
P 7.50000000000000000e-01 7.31499999999999915e+01 1.00000000000000000e+00
L 7.50000000000000000e-01 7.31499999999999915e+01 1.22541670246517809e+00
P 7.50000000000000000e-01 7.35000000000000000e+01 1.00000000000000000e+00
L 7.50000000000000000e-01 7.35000000000000000e+01 1.22541670246517809e+00
P 7.50000000000000000e-01 7.38499999999999943e+01 1.00000000000000000e+00
L 7.50000000000000000e-01 7.38499999999999943e+01 1.22541670246517809e+00
P 7.50000000000000000e-01 7.41999999999999886e+01 1.00000000000000000e+00
L 7.50000000000000000e-01 7.41999999999999886e+01 1.22541670246517809e+00
P 7.50000000000000000e-01 7.45499999999999972e+01 1.00000000000000000e+00
L 7.50000000000000000e-01 7.45499999999999972e+01 1.22541670246517809e+00
P 7.50000000000000000e-01 7.48999999999999915e+01 1.00000000000000000e+00
L 7.50000000000000000e-01 7.48999999999999915e+01 1.22541670246517809e+00
P 7.50000000000000000e-01 7.52500000000000000e+01 1.00000000000000000e+00
L 7.50000000000000000e-01 7.52500000000000000e+01 1.22541670246517809e+00
P 7.50000000000000000e-01 7.55999999999999943e+01 1.00000000000000000e+00
L 7.50000000000000000e-01 7.55999999999999943e+01 1.22541670246517809e+00
P 7.50000000000000000e-01 7.59499999999999886e+01 1.00000000000000000e+00
L 7.50000000000000000e-01 7.59499999999999886e+01 1.22541670246517809e+00
P 7.50000000000000000e-01 7.62999999999999972e+01 1.00000000000000000e+00
L 7.50000000000000000e-01 7.62999999999999972e+01 1.22541670246517809e+00
P 7.50000000000000000e-01 7.66499999999999915e+01 1.00000000000000000e+00
L 7.50000000000000000e-01 7.66499999999999915e+01 1.22541670246517809e+00
P 7.50000000000000000e-01 7.70000000000000000e+01 1.00000000000000000e+00
L 7.50000000000000000e-01 7.70000000000000000e+01 1.22541670246517809e+00
P 1.00009999999999999e+00 3.49999999999999978e-01 2.95265795527442365e-01
L 1.00009999999999999e+00 3.49999999999999978e-01 2.95248755243269656e-01
P 1.00009999999999999e+00 6.99999999999999956e-01 5.03366368712827139e-01
L 1.00009999999999999e+00 6.99999999999999956e-01 5.03337318595625027e-01
P 1.00009999999999999e+00 1.04999999999999982e+00 6.50020157353525141e-01
L 1.00009999999999999e+00 1.04999999999999982e+00 6.49982643600266030e-01
P 1.00009999999999999e+00 1.39999999999999991e+00 7.53368882372612791e-01
L 1.00009999999999999e+00 1.39999999999999991e+00 7.53325404191133807e-01
P 1.00009999999999999e+00 1.75000000000000000e+00 8.26199351807895388e-01
L 1.00009999999999999e+00 1.75000000000000000e+00 8.26151670457900389e-01
P 1.00009999999999999e+00 2.09999999999999964e+00 8.77523155695490664e-01
L 1.00009999999999999e+00 2.09999999999999964e+00 8.77472512362711621e-01
P 1.00009999999999999e+00 2.44999999999999973e+00 9.13691037592207045e-01
L 1.00009999999999999e+00 2.44999999999999973e+00 9.13638306950316115e-01
P 1.00009999999999999e+00 2.79999999999999982e+00 9.39178480076551470e-01
L 1.00009999999999999e+00 2.79999999999999982e+00 9.39124278511616395e-01
P 1.00009999999999999e+00 3.14999999999999991e+00 9.57139403154316559e-01
L 1.00009999999999999e+00 3.14999999999999991e+00 9.57084165034393086e-01
P 1.00009999999999999e+00 3.50000000000000000e+00 9.69796393108480759e-01
L 1.00009999999999999e+00 3.50000000000000000e+00 9.69740424532443357e-01
P 1.00009999999999999e+00 3.84999999999999964e+00 9.78715712783828296e-01
L 1.00009999999999999e+00 3.84999999999999964e+00 9.78659229458896163e-01
P 1.00009999999999999e+00 4.19999999999999929e+00 9.85001108497963740e-01
L 1.00009999999999999e+00 4.19999999999999929e+00 9.84944262432305373e-01
P 1.00009999999999999e+00 4.54999999999999982e+00 9.89430389040105718e-01
L 1.00009999999999999e+00 4.54999999999999982e+00 9.89373287353240038e-01
P 1.00009999999999999e+00 4.89999999999999947e+00 9.92551674371638160e-01
L 1.00009999999999999e+00 4.89999999999999947e+00 9.92494392550162141e-01
P 1.00009999999999999e+00 5.25000000000000000e+00 9.94751222726532047e-01
L 1.00009999999999999e+00 5.25000000000000000e+00 9.94693813965432216e-01
P 1.00009999999999999e+00 5.59999999999999964e+00 9.96301228616094159e-01
L 1.00009999999999999e+00 5.59999999999999964e+00 9.96243730401555339e-01
P 1.00009999999999999e+00 5.94999999999999929e+00 9.97393506149075404e-01
L 1.00009999999999999e+00 5.94999999999999929e+00 9.97335944897368543e-01
P 1.00009999999999999e+00 6.29999999999999982e+00 9.98163225655365194e-01
L 1.00009999999999999e+00 6.29999999999999982e+00 9.98105619981854986e-01
P 1.00009999999999999e+00 6.64999999999999947e+00 9.98705640843716047e-01
L 1.00009999999999999e+00 6.64999999999999947e+00 9.98648003866515754e-01
P 1.00009999999999999e+00 7.00000000000000000e+00 9.99087876382406814e-01
L 1.00009999999999999e+00 7.00000000000000000e+00 9.99030217345752591e-01
P 1.00009999999999999e+00 7.34999999999999964e+00 9.99357234563301611e-01
L 1.00009999999999999e+00 7.34999999999999964e+00 9.99299559981535079e-01
P 1.00009999999999999e+00 7.69999999999999929e+00 9.99547048970719110e-01
L 1.00009999999999999e+00 7.69999999999999929e+00 9.99489363434444833e-01
P 1.00009999999999999e+00 8.04999999999999893e+00 9.99680809531900083e-01
L 1.00009999999999999e+00 8.04999999999999893e+00 9.99623116276079582e-01
P 1.00009999999999999e+00 8.39999999999999858e+00 9.99775069416710571e-01
L 1.00009999999999999e+00 8.39999999999999858e+00 9.99717370720994092e-01
P 1.00009999999999999e+00 8.75000000000000000e+00 9.99841493512058421e-01
L 1.00009999999999999e+00 8.75000000000000000e+00 9.99783790982895937e-01
P 1.00009999999999999e+00 9.09999999999999964e+00 9.99888301968421045e-01
L 1.00009999999999999e+00 9.09999999999999964e+00 9.99830596737864119e-01
P 1.00009999999999999e+00 9.44999999999999929e+00 9.99921287457159247e-01
L 1.00009999999999999e+00 9.44999999999999929e+00 9.99863580322954415e-01
P 1.00009999999999999e+00 9.79999999999999893e+00 9.99944532024409694e-01
L 1.00009999999999999e+00 9.79999999999999893e+00 9.99886823548721937e-01
P 1.00009999999999999e+00 1.01499999999999986e+01 9.99960912252675582e-01
L 1.00009999999999999e+00 1.01499999999999986e+01 9.99903202831657345e-01
P 1.00009999999999999e+00 1.05000000000000000e+01 9.99972455244293013e-01
L 1.00009999999999999e+00 1.05000000000000000e+01 9.99914745157109430e-01
P 1.00009999999999999e+00 1.08499999999999996e+01 9.99980589480151560e-01
L 1.00009999999999999e+00 1.08499999999999996e+01 9.99922878923527603e-01
P 1.00009999999999999e+00 1.11999999999999993e+01 9.99986321597790884e-01
L 1.00009999999999999e+00 1.11999999999999993e+01 9.99928610710356769e-01
P 1.00009999999999999e+00 1.15499999999999989e+01 9.99990360965456793e-01
L 1.00009999999999999e+00 1.15499999999999989e+01 9.99932649844903931e-01
P 1.00009999999999999e+00 1.18999999999999986e+01 9.99993207468374834e-01
L 1.00009999999999999e+00 1.18999999999999986e+01 9.99935496183545602e-01
P 1.00009999999999999e+00 1.22500000000000000e+01 9.99995213370983294e-01
L 1.00009999999999999e+00 1.22500000000000000e+01 9.99937501970389997e-01
P 1.00009999999999999e+00 1.25999999999999996e+01 9.99996626910704900e-01
L 1.00009999999999999e+00 1.25999999999999996e+01 9.99938915428533859e-01
P 1.00009999999999999e+00 1.29499999999999993e+01 9.99997623018080151e-01
L 1.00009999999999999e+00 1.29499999999999993e+01 9.99939911478422094e-01
P 1.00009999999999999e+00 1.32999999999999989e+01 9.99998324964982199e-01
L 1.00009999999999999e+00 1.32999999999999989e+01 9.99940613384813659e-01
P 1.00009999999999999e+00 1.36499999999999986e+01 9.99998819619908219e-01
L 1.00009999999999999e+00 1.36499999999999986e+01 9.99941108011192292e-01
P 1.00009999999999999e+00 1.40000000000000000e+01 9.99999168198235089e-01
L 1.00009999999999999e+00 1.40000000000000000e+01 9.99941456569402143e-01
P 1.00009999999999999e+00 1.43499999999999996e+01 9.99999413837846407e-01
L 1.00009999999999999e+00 1.43499999999999996e+01 9.99941702194837134e-01
P 1.00009999999999999e+00 1.46999999999999993e+01 9.99999586937578511e-01
L 1.00009999999999999e+00 1.46999999999999993e+01 9.99941875284579340e-01
P 1.00009999999999999e+00 1.50499999999999989e+01 9.99999708919187102e-01
L 1.00009999999999999e+00 1.50499999999999989e+01 9.99941997259148230e-01
P 1.00009999999999999e+00 1.53999999999999986e+01 9.99999794878374204e-01
L 1.00009999999999999e+00 1.53999999999999986e+01 9.99942083213374411e-01
P 1.00009999999999999e+00 1.57499999999999982e+01 9.99999855452926356e-01
L 1.00009999999999999e+00 1.57499999999999982e+01 9.99942143784430804e-01
P 1.00009999999999999e+00 1.60999999999999979e+01 9.99999898139188659e-01
L 1.00009999999999999e+00 1.60999999999999979e+01 9.99942186468229521e-01
P 1.00009999999999999e+00 1.64499999999999993e+01 9.99999928219753809e-01
L 1.00009999999999999e+00 1.64499999999999993e+01 9.99942216547058726e-01
P 1.00009999999999999e+00 1.67999999999999972e+01 9.99999949417214706e-01
L 1.00009999999999999e+00 1.67999999999999972e+01 9.99942237743296269e-01
P 1.00009999999999999e+00 1.71499999999999986e+01 9.99999964354843507e-01
L 1.00009999999999999e+00 1.71499999999999986e+01 9.99942252680062982e-01
P 1.00009999999999999e+00 1.75000000000000000e+01 9.99999974881237486e-01
L 1.00009999999999999e+00 1.75000000000000000e+01 9.99942263205849446e-01
P 1.00009999999999999e+00 1.78499999999999979e+01 9.99999982299073276e-01
L 1.00009999999999999e+00 1.78499999999999979e+01 9.99942270623257135e-01
P 1.00009999999999999e+00 1.81999999999999993e+01 9.99999987526344225e-01
L 1.00009999999999999e+00 1.81999999999999993e+01 9.99942275850226436e-01
P 1.00009999999999999e+00 1.85499999999999972e+01 9.99999991209948758e-01
L 1.00009999999999999e+00 1.85499999999999972e+01 9.99942279533618361e-01
P 1.00009999999999999e+00 1.88999999999999986e+01 9.99999993805744447e-01
L 1.00009999999999999e+00 1.88999999999999986e+01 9.99942282129264282e-01
P 1.00009999999999999e+00 1.92500000000000000e+01 9.99999995634972660e-01
L 1.00009999999999999e+00 1.92500000000000000e+01 9.99942283958386913e-01
P 1.00009999999999999e+00 1.95999999999999979e+01 9.99999996924011647e-01
L 1.00009999999999999e+00 1.95999999999999979e+01 9.99942285247351514e-01
P 1.00009999999999999e+00 1.99499999999999993e+01 9.99999997832385357e-01
L 1.00009999999999999e+00 1.99499999999999993e+01 9.99942286155672821e-01
P 1.00009999999999999e+00 2.02999999999999972e+01 9.99999998472504759e-01
L 1.00009999999999999e+00 2.02999999999999972e+01 9.99942286795755253e-01
P 1.00009999999999999e+00 2.06499999999999986e+01 9.99999998923590483e-01
L 1.00009999999999999e+00 2.06499999999999986e+01 9.99942287246814998e-01
P 1.00009999999999999e+00 2.10000000000000000e+01 9.99999999241465876e-01
L 1.00009999999999999e+00 2.10000000000000000e+01 9.99942287564671961e-01
P 1.00009999999999999e+00 2.13499999999999979e+01 9.99999999465469136e-01
L 1.00009999999999999e+00 2.13499999999999979e+01 9.99942287788662343e-01
P 1.00009999999999999e+00 2.16999999999999993e+01 9.99999999623321867e-01
L 1.00009999999999999e+00 2.16999999999999993e+01 9.99942287946505970e-01
P 1.00009999999999999e+00 2.20499999999999972e+01 9.99999999734558997e-01
L 1.00009999999999999e+00 2.20499999999999972e+01 9.99942288057736661e-01
P 1.00009999999999999e+00 2.23999999999999986e+01 9.99999999812946627e-01
L 1.00009999999999999e+00 2.23999999999999986e+01 9.99942288136119739e-01
P 1.00009999999999999e+00 2.27500000000000000e+01 9.99999999868185552e-01
L 1.00009999999999999e+00 2.27500000000000000e+01 9.99942288191355555e-01
P 1.00009999999999999e+00 2.30999999999999979e+01 9.99999999907111747e-01
L 1.00009999999999999e+00 2.30999999999999979e+01 9.99942288230279419e-01
P 1.00009999999999999e+00 2.34499999999999993e+01 9.99999999934542694e-01
L 1.00009999999999999e+00 2.34499999999999993e+01 9.99942288257708811e-01
P 1.00009999999999999e+00 2.37999999999999972e+01 9.99999999953872898e-01
L 1.00009999999999999e+00 2.37999999999999972e+01 9.99942288277037905e-01
P 1.00009999999999999e+00 2.41499999999999986e+01 9.99999999967494779e-01
L 1.00009999999999999e+00 2.41499999999999986e+01 9.99942288290659009e-01
P 1.00009999999999999e+00 2.45000000000000000e+01 9.99999999977093879e-01
L 1.00009999999999999e+00 2.45000000000000000e+01 9.99942288300257554e-01
P 1.00009999999999999e+00 2.48499999999999979e+01 9.99999999983858356e-01
L 1.00009999999999999e+00 2.48499999999999979e+01 9.99942288307021587e-01
P 1.00009999999999999e+00 2.51999999999999993e+01 9.99999999988625099e-01
L 1.00009999999999999e+00 2.51999999999999993e+01 9.99942288311788108e-01
P 1.00009999999999999e+00 2.55499999999999972e+01 9.99999999991984301e-01
L 1.00009999999999999e+00 2.55499999999999972e+01 9.99942288315147088e-01
P 1.00009999999999999e+00 2.58999999999999986e+01 9.99999999994351407e-01
L 1.00009999999999999e+00 2.58999999999999986e+01 9.99942288317514083e-01
P 1.00009999999999999e+00 2.62500000000000000e+01 9.99999999996019517e-01
L 1.00009999999999999e+00 2.62500000000000000e+01 9.99942288319182082e-01
P 1.00009999999999999e+00 2.65999999999999979e+01 9.99999999997195022e-01
L 1.00009999999999999e+00 2.65999999999999979e+01 9.99942288320357475e-01
P 1.00009999999999999e+00 2.69499999999999993e+01 9.99999999998023359e-01
L 1.00009999999999999e+00 2.69499999999999993e+01 9.99942288321185813e-01
P 1.00009999999999999e+00 2.72999999999999972e+01 9.99999999998607114e-01
L 1.00009999999999999e+00 2.72999999999999972e+01 9.99942288321769568e-01
P 1.00009999999999999e+00 2.76499999999999986e+01 9.99999999999018452e-01
L 1.00009999999999999e+00 2.76499999999999986e+01 9.99942288322180906e-01
P 1.00009999999999999e+00 2.80000000000000000e+01 9.99999999999308331e-01
L 1.00009999999999999e+00 2.80000000000000000e+01 9.99942288322470674e-01
P 1.00009999999999999e+00 2.83499999999999979e+01 9.99999999999512612e-01
L 1.00009999999999999e+00 2.83499999999999979e+01 9.99942288322674955e-01
P 1.00009999999999999e+00 2.86999999999999993e+01 9.99999999999656497e-01
L 1.00009999999999999e+00 2.86999999999999993e+01 9.99942288322818840e-01
P 1.00009999999999999e+00 2.90499999999999972e+01 9.99999999999757971e-01
L 1.00009999999999999e+00 2.90499999999999972e+01 9.99942288322920314e-01
P 1.00009999999999999e+00 2.93999999999999986e+01 9.99999999999829470e-01
L 1.00009999999999999e+00 2.93999999999999986e+01 9.99942288322991812e-01
P 1.00009999999999999e+00 2.97499999999999964e+01 9.99999999999879763e-01
L 1.00009999999999999e+00 2.97499999999999964e+01 9.99942288323042106e-01
P 1.00009999999999999e+00 3.00999999999999979e+01 9.99999999999915290e-01
L 1.00009999999999999e+00 3.00999999999999979e+01 9.99942288323077633e-01
P 1.00009999999999999e+00 3.04499999999999993e+01 9.99999999999940270e-01
L 1.00009999999999999e+00 3.04499999999999993e+01 9.99942288323102613e-01
P 1.00009999999999999e+00 3.07999999999999972e+01 9.99999999999957923e-01
L 1.00009999999999999e+00 3.07999999999999972e+01 9.99942288323120265e-01
P 1.00009999999999999e+00 3.11499999999999986e+01 9.99999999999970357e-01
L 1.00009999999999999e+00 3.11499999999999986e+01 9.99942288323132700e-01
P 1.00009999999999999e+00 3.14999999999999964e+01 9.99999999999979128e-01
L 1.00009999999999999e+00 3.14999999999999964e+01 9.99942288323141470e-01
P 1.00009999999999999e+00 3.18499999999999979e+01 9.99999999999985234e-01
L 1.00009999999999999e+00 3.18499999999999979e+01 9.99942288323147577e-01
P 1.00009999999999999e+00 3.21999999999999957e+01 9.99999999999989675e-01
L 1.00009999999999999e+00 3.21999999999999957e+01 9.99942288323152018e-01
P 1.00009999999999999e+00 3.25499999999999972e+01 9.99999999999992673e-01
L 1.00009999999999999e+00 3.25499999999999972e+01 9.99942288323155015e-01
P 1.00009999999999999e+00 3.28999999999999986e+01 9.99999999999994893e-01
L 1.00009999999999999e+00 3.28999999999999986e+01 9.99942288323157236e-01
P 1.00009999999999999e+00 3.32500000000000000e+01 9.99999999999996336e-01
L 1.00009999999999999e+00 3.32500000000000000e+01 9.99942288323158679e-01
P 1.00009999999999999e+00 3.35999999999999943e+01 9.99999999999997446e-01
L 1.00009999999999999e+00 3.35999999999999943e+01 9.99942288323159789e-01
P 1.00009999999999999e+00 3.39499999999999957e+01 9.99999999999998224e-01
L 1.00009999999999999e+00 3.39499999999999957e+01 9.99942288323160566e-01
P 1.00009999999999999e+00 3.42999999999999972e+01 9.99999999999998779e-01
L 1.00009999999999999e+00 3.42999999999999972e+01 9.99942288323161121e-01
P 1.00009999999999999e+00 3.46499999999999986e+01 9.99999999999999112e-01
L 1.00009999999999999e+00 3.46499999999999986e+01 9.99942288323161454e-01
P 1.00009999999999999e+00 3.50000000000000000e+01 9.99999999999999334e-01
L 1.00009999999999999e+00 3.50000000000000000e+01 9.99942288323161677e-01
P 1.00009999999999999e+00 3.53499999999999943e+01 9.99999999999999556e-01
L 1.00009999999999999e+00 3.53499999999999943e+01 9.99942288323161899e-01
P 1.00009999999999999e+00 3.56999999999999957e+01 9.99999999999999667e-01
L 1.00009999999999999e+00 3.56999999999999957e+01 9.99942288323162010e-01
P 1.00009999999999999e+00 3.60499999999999972e+01 9.99999999999999778e-01
L 1.00009999999999999e+00 3.60499999999999972e+01 9.99942288323162121e-01
P 1.00009999999999999e+00 3.63999999999999986e+01 9.99999999999999889e-01
L 1.00009999999999999e+00 3.63999999999999986e+01 9.99942288323162232e-01
P 1.00009999999999999e+00 3.67500000000000000e+01 9.99999999999999889e-01
L 1.00009999999999999e+00 3.67500000000000000e+01 9.99942288323162232e-01
P 1.00009999999999999e+00 3.70999999999999943e+01 9.99999999999999889e-01
L 1.00009999999999999e+00 3.70999999999999943e+01 9.99942288323162232e-01
P 1.00009999999999999e+00 3.74499999999999957e+01 1.00000000000000000e+00
L 1.00009999999999999e+00 3.74499999999999957e+01 9.99942288323162343e-01
P 1.00009999999999999e+00 3.77999999999999972e+01 1.00000000000000000e+00
L 1.00009999999999999e+00 3.77999999999999972e+01 9.99942288323162343e-01
P 1.00009999999999999e+00 3.81499999999999986e+01 1.00000000000000000e+00
L 1.00009999999999999e+00 3.81499999999999986e+01 9.99942288323162343e-01
P 1.00009999999999999e+00 3.85000000000000000e+01 1.00000000000000000e+00
L 1.00009999999999999e+00 3.85000000000000000e+01 9.99942288323162343e-01
P 1.00009999999999999e+00 3.88499999999999943e+01 1.00000000000000000e+00
L 1.00009999999999999e+00 3.88499999999999943e+01 9.99942288323162343e-01
P 1.00009999999999999e+00 3.91999999999999957e+01 1.00000000000000000e+00
L 1.00009999999999999e+00 3.91999999999999957e+01 9.99942288323162343e-01
P 1.00009999999999999e+00 3.95499999999999972e+01 1.00000000000000000e+00
L 1.00009999999999999e+00 3.95499999999999972e+01 9.99942288323162343e-01
P 1.00009999999999999e+00 3.98999999999999986e+01 1.00000000000000000e+00
L 1.00009999999999999e+00 3.98999999999999986e+01 9.99942288323162343e-01
P 1.00009999999999999e+00 4.02500000000000000e+01 1.00000000000000000e+00
L 1.00009999999999999e+00 4.02500000000000000e+01 9.99942288323162343e-01
P 1.00009999999999999e+00 4.05999999999999943e+01 1.00000000000000000e+00
L 1.00009999999999999e+00 4.05999999999999943e+01 9.99942288323162343e-01
P 1.00009999999999999e+00 4.09499999999999957e+01 1.00000000000000000e+00
L 1.00009999999999999e+00 4.09499999999999957e+01 9.99942288323162343e-01
P 1.00009999999999999e+00 4.12999999999999972e+01 1.00000000000000000e+00
L 1.00009999999999999e+00 4.12999999999999972e+01 9.99942288323162343e-01
P 1.00009999999999999e+00 4.16499999999999986e+01 1.00000000000000000e+00
L 1.00009999999999999e+00 4.16499999999999986e+01 9.99942288323162343e-01
P 1.00009999999999999e+00 4.20000000000000000e+01 1.00000000000000000e+00
L 1.00009999999999999e+00 4.20000000000000000e+01 9.99942288323162343e-01
P 1.00009999999999999e+00 4.23499999999999943e+01 1.00000000000000000e+00
L 1.00009999999999999e+00 4.23499999999999943e+01 9.99942288323162343e-01
P 1.00009999999999999e+00 4.26999999999999957e+01 1.00000000000000000e+00
L 1.00009999999999999e+00 4.26999999999999957e+01 9.99942288323162343e-01
P 1.00009999999999999e+00 4.30499999999999972e+01 1.00000000000000000e+00
L 1.00009999999999999e+00 4.30499999999999972e+01 9.99942288323162343e-01
P 1.00009999999999999e+00 4.33999999999999986e+01 1.00000000000000000e+00
L 1.00009999999999999e+00 4.33999999999999986e+01 9.99942288323162343e-01
P 1.00009999999999999e+00 4.37500000000000000e+01 1.00000000000000000e+00
L 1.00009999999999999e+00 4.37500000000000000e+01 9.99942288323162343e-01
P 1.00009999999999999e+00 4.40999999999999943e+01 1.00000000000000000e+00
L 1.00009999999999999e+00 4.40999999999999943e+01 9.99942288323162343e-01
P 1.00009999999999999e+00 4.44499999999999957e+01 1.00000000000000000e+00
L 1.00009999999999999e+00 4.44499999999999957e+01 9.99942288323162343e-01
P 1.00009999999999999e+00 4.47999999999999972e+01 1.00000000000000000e+00
L 1.00009999999999999e+00 4.47999999999999972e+01 9.99942288323162343e-01
P 1.00009999999999999e+00 4.51499999999999986e+01 1.00000000000000000e+00
L 1.00009999999999999e+00 4.51499999999999986e+01 9.99942288323162343e-01
P 1.00009999999999999e+00 4.55000000000000000e+01 1.00000000000000000e+00
L 1.00009999999999999e+00 4.55000000000000000e+01 9.99942288323162343e-01
P 1.00009999999999999e+00 4.58499999999999943e+01 1.00000000000000000e+00
L 1.00009999999999999e+00 4.58499999999999943e+01 9.99942288323162343e-01
P 1.00009999999999999e+00 4.61999999999999957e+01 1.00000000000000000e+00
L 1.00009999999999999e+00 4.61999999999999957e+01 9.99942288323162343e-01
P 1.00009999999999999e+00 4.65499999999999972e+01 1.00000000000000000e+00
L 1.00009999999999999e+00 4.65499999999999972e+01 9.99942288323162343e-01
P 1.00009999999999999e+00 4.68999999999999986e+01 1.00000000000000000e+00
L 1.00009999999999999e+00 4.68999999999999986e+01 9.99942288323162343e-01
P 1.00009999999999999e+00 4.72500000000000000e+01 1.00000000000000000e+00
L 1.00009999999999999e+00 4.72500000000000000e+01 9.99942288323162343e-01
P 1.00009999999999999e+00 4.75999999999999943e+01 1.00000000000000000e+00
L 1.00009999999999999e+00 4.75999999999999943e+01 9.99942288323162343e-01
P 1.00009999999999999e+00 4.79499999999999957e+01 1.00000000000000000e+00
L 1.00009999999999999e+00 4.79499999999999957e+01 9.99942288323162343e-01
P 1.00009999999999999e+00 4.82999999999999972e+01 1.00000000000000000e+00
L 1.00009999999999999e+00 4.82999999999999972e+01 9.99942288323162343e-01
P 1.00009999999999999e+00 4.86499999999999986e+01 1.00000000000000000e+00
L 1.00009999999999999e+00 4.86499999999999986e+01 9.99942288323162343e-01
P 1.00009999999999999e+00 4.90000000000000000e+01 1.00000000000000000e+00
L 1.00009999999999999e+00 4.90000000000000000e+01 9.99942288323162343e-01
P 1.00009999999999999e+00 4.93499999999999943e+01 1.00000000000000000e+00
L 1.00009999999999999e+00 4.93499999999999943e+01 9.99942288323162343e-01
P 1.00009999999999999e+00 4.96999999999999957e+01 1.00000000000000000e+00
L 1.00009999999999999e+00 4.96999999999999957e+01 9.99942288323162343e-01
P 1.00009999999999999e+00 5.00499999999999972e+01 1.00000000000000000e+00
L 1.00009999999999999e+00 5.00499999999999972e+01 9.99942288323162343e-01
P 1.00009999999999999e+00 5.03999999999999986e+01 1.00000000000000000e+00
L 1.00009999999999999e+00 5.03999999999999986e+01 9.99942288323162343e-01
P 1.00009999999999999e+00 5.07500000000000000e+01 1.00000000000000000e+00
L 1.00009999999999999e+00 5.07500000000000000e+01 9.99942288323162343e-01
P 1.00009999999999999e+00 5.10999999999999943e+01 1.00000000000000000e+00
L 1.00009999999999999e+00 5.10999999999999943e+01 9.99942288323162343e-01
P 1.00009999999999999e+00 5.14499999999999957e+01 1.00000000000000000e+00
L 1.00009999999999999e+00 5.14499999999999957e+01 9.99942288323162343e-01
P 1.00009999999999999e+00 5.17999999999999972e+01 1.00000000000000000e+00
L 1.00009999999999999e+00 5.17999999999999972e+01 9.99942288323162343e-01
P 1.00009999999999999e+00 5.21499999999999986e+01 1.00000000000000000e+00
L 1.00009999999999999e+00 5.21499999999999986e+01 9.99942288323162343e-01
P 1.00009999999999999e+00 5.25000000000000000e+01 1.00000000000000000e+00
L 1.00009999999999999e+00 5.25000000000000000e+01 9.99942288323162343e-01
P 1.00009999999999999e+00 5.28499999999999943e+01 1.00000000000000000e+00
L 1.00009999999999999e+00 5.28499999999999943e+01 9.99942288323162343e-01
P 1.00009999999999999e+00 5.31999999999999957e+01 1.00000000000000000e+00
L 1.00009999999999999e+00 5.31999999999999957e+01 9.99942288323162343e-01
P 1.00009999999999999e+00 5.35499999999999972e+01 1.00000000000000000e+00
L 1.00009999999999999e+00 5.35499999999999972e+01 9.99942288323162343e-01
P 1.00009999999999999e+00 5.38999999999999986e+01 1.00000000000000000e+00
L 1.00009999999999999e+00 5.38999999999999986e+01 9.99942288323162343e-01
P 1.00009999999999999e+00 5.42500000000000000e+01 1.00000000000000000e+00
L 1.00009999999999999e+00 5.42500000000000000e+01 9.99942288323162343e-01
P 1.00009999999999999e+00 5.45999999999999943e+01 1.00000000000000000e+00
L 1.00009999999999999e+00 5.45999999999999943e+01 9.99942288323162343e-01
P 1.00009999999999999e+00 5.49499999999999957e+01 1.00000000000000000e+00
L 1.00009999999999999e+00 5.49499999999999957e+01 9.99942288323162343e-01
P 1.00009999999999999e+00 5.52999999999999972e+01 1.00000000000000000e+00
L 1.00009999999999999e+00 5.52999999999999972e+01 9.99942288323162343e-01
P 1.00009999999999999e+00 5.56499999999999986e+01 1.00000000000000000e+00
L 1.00009999999999999e+00 5.56499999999999986e+01 9.99942288323162343e-01
P 1.00009999999999999e+00 5.60000000000000000e+01 1.00000000000000000e+00
L 1.00009999999999999e+00 5.60000000000000000e+01 9.99942288323162343e-01
P 1.00009999999999999e+00 5.63499999999999943e+01 1.00000000000000000e+00
L 1.00009999999999999e+00 5.63499999999999943e+01 9.99942288323162343e-01
P 1.00009999999999999e+00 5.66999999999999957e+01 1.00000000000000000e+00
L 1.00009999999999999e+00 5.66999999999999957e+01 9.99942288323162343e-01
P 1.00009999999999999e+00 5.70499999999999972e+01 1.00000000000000000e+00
L 1.00009999999999999e+00 5.70499999999999972e+01 9.99942288323162343e-01
P 1.00009999999999999e+00 5.73999999999999986e+01 1.00000000000000000e+00
L 1.00009999999999999e+00 5.73999999999999986e+01 9.99942288323162343e-01
P 1.00009999999999999e+00 5.77499999999999929e+01 1.00000000000000000e+00
L 1.00009999999999999e+00 5.77499999999999929e+01 9.99942288323162343e-01
P 1.00009999999999999e+00 5.80999999999999943e+01 1.00000000000000000e+00
L 1.00009999999999999e+00 5.80999999999999943e+01 9.99942288323162343e-01
P 1.00009999999999999e+00 5.84499999999999957e+01 1.00000000000000000e+00
L 1.00009999999999999e+00 5.84499999999999957e+01 9.99942288323162343e-01
P 1.00009999999999999e+00 5.87999999999999972e+01 1.00000000000000000e+00
L 1.00009999999999999e+00 5.87999999999999972e+01 9.99942288323162343e-01
P 1.00009999999999999e+00 5.91499999999999986e+01 1.00000000000000000e+00
L 1.00009999999999999e+00 5.91499999999999986e+01 9.99942288323162343e-01
P 1.00009999999999999e+00 5.94999999999999929e+01 1.00000000000000000e+00
L 1.00009999999999999e+00 5.94999999999999929e+01 9.99942288323162343e-01
P 1.00009999999999999e+00 5.98499999999999943e+01 1.00000000000000000e+00
L 1.00009999999999999e+00 5.98499999999999943e+01 9.99942288323162343e-01
P 1.00009999999999999e+00 6.01999999999999957e+01 1.00000000000000000e+00
L 1.00009999999999999e+00 6.01999999999999957e+01 9.99942288323162343e-01
P 1.00009999999999999e+00 6.05499999999999972e+01 1.00000000000000000e+00
L 1.00009999999999999e+00 6.05499999999999972e+01 9.99942288323162343e-01
P 1.00009999999999999e+00 6.08999999999999986e+01 1.00000000000000000e+00
L 1.00009999999999999e+00 6.08999999999999986e+01 9.99942288323162343e-01
P 1.00009999999999999e+00 6.12499999999999929e+01 1.00000000000000000e+00
L 1.00009999999999999e+00 6.12499999999999929e+01 9.99942288323162343e-01
P 1.00009999999999999e+00 6.15999999999999943e+01 1.00000000000000000e+00
L 1.00009999999999999e+00 6.15999999999999943e+01 9.99942288323162343e-01
P 1.00009999999999999e+00 6.19499999999999957e+01 1.00000000000000000e+00
L 1.00009999999999999e+00 6.19499999999999957e+01 9.99942288323162343e-01
P 1.00009999999999999e+00 6.22999999999999972e+01 1.00000000000000000e+00
L 1.00009999999999999e+00 6.22999999999999972e+01 9.99942288323162343e-01
P 1.00009999999999999e+00 6.26499999999999986e+01 1.00000000000000000e+00
L 1.00009999999999999e+00 6.26499999999999986e+01 9.99942288323162343e-01
P 1.00009999999999999e+00 6.29999999999999929e+01 1.00000000000000000e+00
L 1.00009999999999999e+00 6.29999999999999929e+01 9.99942288323162343e-01
P 1.00009999999999999e+00 6.33499999999999943e+01 1.00000000000000000e+00
L 1.00009999999999999e+00 6.33499999999999943e+01 9.99942288323162343e-01
P 1.00009999999999999e+00 6.36999999999999957e+01 1.00000000000000000e+00
L 1.00009999999999999e+00 6.36999999999999957e+01 9.99942288323162343e-01
P 1.00009999999999999e+00 6.40499999999999972e+01 1.00000000000000000e+00
L 1.00009999999999999e+00 6.40499999999999972e+01 9.99942288323162343e-01
P 1.00009999999999999e+00 6.43999999999999915e+01 1.00000000000000000e+00
L 1.00009999999999999e+00 6.43999999999999915e+01 9.99942288323162343e-01
P 1.00009999999999999e+00 6.47500000000000000e+01 1.00000000000000000e+00
L 1.00009999999999999e+00 6.47500000000000000e+01 9.99942288323162343e-01
P 1.00009999999999999e+00 6.50999999999999943e+01 1.00000000000000000e+00
L 1.00009999999999999e+00 6.50999999999999943e+01 9.99942288323162343e-01
P 1.00009999999999999e+00 6.54500000000000028e+01 1.00000000000000000e+00
L 1.00009999999999999e+00 6.54500000000000028e+01 9.99942288323162343e-01
P 1.00009999999999999e+00 6.57999999999999972e+01 1.00000000000000000e+00
L 1.00009999999999999e+00 6.57999999999999972e+01 9.99942288323162343e-01
P 1.00009999999999999e+00 6.61499999999999915e+01 1.00000000000000000e+00
L 1.00009999999999999e+00 6.61499999999999915e+01 9.99942288323162343e-01
P 1.00009999999999999e+00 6.65000000000000000e+01 1.00000000000000000e+00
L 1.00009999999999999e+00 6.65000000000000000e+01 9.99942288323162343e-01
P 1.00009999999999999e+00 6.68499999999999943e+01 1.00000000000000000e+00
L 1.00009999999999999e+00 6.68499999999999943e+01 9.99942288323162343e-01
P 1.00009999999999999e+00 6.71999999999999886e+01 1.00000000000000000e+00
L 1.00009999999999999e+00 6.71999999999999886e+01 9.99942288323162343e-01
P 1.00009999999999999e+00 6.75499999999999972e+01 1.00000000000000000e+00
L 1.00009999999999999e+00 6.75499999999999972e+01 9.99942288323162343e-01
P 1.00009999999999999e+00 6.78999999999999915e+01 1.00000000000000000e+00
L 1.00009999999999999e+00 6.78999999999999915e+01 9.99942288323162343e-01
P 1.00009999999999999e+00 6.82500000000000000e+01 1.00000000000000000e+00
L 1.00009999999999999e+00 6.82500000000000000e+01 9.99942288323162343e-01
P 1.00009999999999999e+00 6.85999999999999943e+01 1.00000000000000000e+00
L 1.00009999999999999e+00 6.85999999999999943e+01 9.99942288323162343e-01
P 1.00009999999999999e+00 6.89499999999999886e+01 1.00000000000000000e+00
L 1.00009999999999999e+00 6.89499999999999886e+01 9.99942288323162343e-01
P 1.00009999999999999e+00 6.92999999999999972e+01 1.00000000000000000e+00
L 1.00009999999999999e+00 6.92999999999999972e+01 9.99942288323162343e-01
P 1.00009999999999999e+00 6.96499999999999915e+01 1.00000000000000000e+00
L 1.00009999999999999e+00 6.96499999999999915e+01 9.99942288323162343e-01
P 1.00009999999999999e+00 7.00000000000000000e+01 1.00000000000000000e+00
L 1.00009999999999999e+00 7.00000000000000000e+01 9.99942288323162343e-01
P 1.00009999999999999e+00 7.03499999999999943e+01 1.00000000000000000e+00
L 1.00009999999999999e+00 7.03499999999999943e+01 9.99942288323162343e-01
P 1.00009999999999999e+00 7.06999999999999886e+01 1.00000000000000000e+00
L 1.00009999999999999e+00 7.06999999999999886e+01 9.99942288323162343e-01
P 1.00009999999999999e+00 7.10499999999999972e+01 1.00000000000000000e+00
L 1.00009999999999999e+00 7.10499999999999972e+01 9.99942288323162343e-01
P 1.00009999999999999e+00 7.13999999999999915e+01 1.00000000000000000e+00
L 1.00009999999999999e+00 7.13999999999999915e+01 9.99942288323162343e-01
P 1.00009999999999999e+00 7.17500000000000000e+01 1.00000000000000000e+00
L 1.00009999999999999e+00 7.17500000000000000e+01 9.99942288323162343e-01
P 1.00009999999999999e+00 7.20999999999999943e+01 1.00000000000000000e+00
L 1.00009999999999999e+00 7.20999999999999943e+01 9.99942288323162343e-01
P 1.00009999999999999e+00 7.24499999999999886e+01 1.00000000000000000e+00
L 1.00009999999999999e+00 7.24499999999999886e+01 9.99942288323162343e-01
P 1.00009999999999999e+00 7.27999999999999972e+01 1.00000000000000000e+00
L 1.00009999999999999e+00 7.27999999999999972e+01 9.99942288323162343e-01
P 1.00009999999999999e+00 7.31499999999999915e+01 1.00000000000000000e+00
L 1.00009999999999999e+00 7.31499999999999915e+01 9.99942288323162343e-01
P 1.00009999999999999e+00 7.35000000000000000e+01 1.00000000000000000e+00
L 1.00009999999999999e+00 7.35000000000000000e+01 9.99942288323162343e-01
P 1.00009999999999999e+00 7.38499999999999943e+01 1.00000000000000000e+00
L 1.00009999999999999e+00 7.38499999999999943e+01 9.99942288323162343e-01
P 1.00009999999999999e+00 7.41999999999999886e+01 1.00000000000000000e+00
L 1.00009999999999999e+00 7.41999999999999886e+01 9.99942288323162343e-01
P 1.00009999999999999e+00 7.45499999999999972e+01 1.00000000000000000e+00
L 1.00009999999999999e+00 7.45499999999999972e+01 9.99942288323162343e-01
P 1.00009999999999999e+00 7.48999999999999915e+01 1.00000000000000000e+00
L 1.00009999999999999e+00 7.48999999999999915e+01 9.99942288323162343e-01
P 1.00009999999999999e+00 7.52500000000000000e+01 1.00000000000000000e+00
L 1.00009999999999999e+00 7.52500000000000000e+01 9.99942288323162343e-01
P 1.00009999999999999e+00 7.55999999999999943e+01 1.00000000000000000e+00
L 1.00009999999999999e+00 7.55999999999999943e+01 9.99942288323162343e-01
P 1.00009999999999999e+00 7.59499999999999886e+01 1.00000000000000000e+00
L 1.00009999999999999e+00 7.59499999999999886e+01 9.99942288323162343e-01
P 1.00009999999999999e+00 7.62999999999999972e+01 1.00000000000000000e+00
L 1.00009999999999999e+00 7.62999999999999972e+01 9.99942288323162343e-01
P 1.00009999999999999e+00 7.66499999999999915e+01 1.00000000000000000e+00
L 1.00009999999999999e+00 7.66499999999999915e+01 9.99942288323162343e-01
P 1.00009999999999999e+00 7.70000000000000000e+01 1.00000000000000000e+00
L 1.00009999999999999e+00 7.70000000000000000e+01 9.99942288323162343e-01
P 2.50000000000000000e+00 3.49999999999999978e-01 1.70313248119675596e-02
L 2.50000000000000000e+00 3.49999999999999978e-01 2.26404279367459424e-02
P 2.50000000000000000e+00 6.99999999999999956e-01 7.56867271983330397e-02
L 2.50000000000000000e+00 6.99999999999999956e-01 1.00613423313840572e-01
P 2.50000000000000000e+00 1.04999999999999982e+00 1.64857699358365972e-01
L 2.50000000000000000e+00 1.04999999999999982e+00 2.19151998059369885e-01
P 2.50000000000000000e+00 1.39999999999999991e+00 2.69213513411241334e-01
L 2.50000000000000000e+00 1.39999999999999991e+00 3.57876396421169141e-01
P 2.50000000000000000e+00 1.75000000000000000e+00 3.76612372250417604e-01
L 2.50000000000000000e+00 1.75000000000000000e+00 5.00646037120436205e-01
P 2.50000000000000000e+00 2.09999999999999964e+00 4.79005046568594495e-01
L 2.50000000000000000e+00 2.09999999999999964e+00 6.36760754545261598e-01
P 2.50000000000000000e+00 2.44999999999999973e+00 5.71794052960169052e-01
L 2.50000000000000000e+00 2.44999999999999973e+00 7.60108928320593846e-01
P 2.50000000000000000e+00 2.79999999999999982e+00 6.52894931718284388e-01
L 2.50000000000000000e+00 2.79999999999999982e+00 8.67919601970576049e-01
P 2.50000000000000000e+00 3.14999999999999991e+00 7.21887750809593443e-01
L 2.50000000000000000e+00 3.14999999999999991e+00 9.59634542882989883e-01
P 2.50000000000000000e+00 3.50000000000000000e+00 7.79359692063288811e-01
L 2.50000000000000000e+00 3.50000000000000000e+00 1.03603431557858583e+00
P 2.50000000000000000e+00 3.84999999999999964e+00 8.26437329771826601e-01
L 2.50000000000000000e+00 3.84999999999999964e+00 1.09861652076461036e+00
P 2.50000000000000000e+00 4.19999999999999929e+00 8.64474776622470409e-01
L 2.50000000000000000e+00 4.19999999999999929e+00 1.14918123512638859e+00
P 2.50000000000000000e+00 4.54999999999999982e+00 8.94858641016595624e-01
L 2.50000000000000000e+00 4.54999999999999982e+00 1.18957173321445731e+00
P 2.50000000000000000e+00 4.89999999999999947e+00 9.18895394086904238e-01
L 2.50000000000000000e+00 4.89999999999999947e+00 1.22152475987150733e+00
P 2.50000000000000000e+00 5.25000000000000000e+00 9.37754071909093323e-01
L 2.50000000000000000e+00 5.25000000000000000e+00 1.24659436196820161e+00
P 2.50000000000000000e+00 5.59999999999999964e+00 9.52444356035295425e-01
L 2.50000000000000000e+00 5.59999999999999964e+00 1.26612274997098884e+00
P 2.50000000000000000e+00 5.94999999999999929e+00 9.63815997051287510e-01
L 2.50000000000000000e+00 5.94999999999999929e+00 1.28123953165342153e+00
P 2.50000000000000000e+00 6.29999999999999982e+00 9.72570096667892070e-01
L 2.50000000000000000e+00 6.29999999999999982e+00 1.29287670983591751e+00
P 2.50000000000000000e+00 6.64999999999999947e+00 9.79276087355625879e-01
L 2.50000000000000000e+00 6.64999999999999947e+00 1.30179125409987528e+00
P 2.50000000000000000e+00 7.00000000000000000e+00 9.84390583899732108e-01
L 2.50000000000000000e+00 7.00000000000000000e+00 1.30859016092115832e+00
P 2.50000000000000000e+00 7.34999999999999964e+00 9.88275868249902767e-01
L 2.50000000000000000e+00 7.34999999999999964e+00 1.31375502632740049e+00
P 2.50000000000000000e+00 7.69999999999999929e+00 9.91216812503030731e-01
L 2.50000000000000000e+00 7.69999999999999929e+00 1.31766454230246688e+00
P 2.50000000000000000e+00 8.04999999999999893e+00 9.93435706294472420e-01
L 2.50000000000000000e+00 8.04999999999999893e+00 1.32061420743651015e+00
P 2.50000000000000000e+00 8.39999999999999858e+00 9.95104855432261459e-01
L 2.50000000000000000e+00 8.39999999999999858e+00 1.32283307479926759e+00
P 2.50000000000000000e+00 8.75000000000000000e+00 9.96357045980270306e-01
L 2.50000000000000000e+00 8.75000000000000000e+00 1.32449766226843191e+00
P 2.50000000000000000e+00 9.09999999999999964e+00 9.97294083864263436e-01
L 2.50000000000000000e+00 9.09999999999999964e+00 1.32574330457287792e+00
P 2.50000000000000000e+00 9.44999999999999929e+00 9.97993666742890473e-01
L 2.50000000000000000e+00 9.44999999999999929e+00 1.32667328834831544e+00
P 2.50000000000000000e+00 9.79999999999999893e+00 9.98514850659687148e-01
L 2.50000000000000000e+00 9.79999999999999893e+00 1.32736611917858260e+00
P 2.50000000000000000e+00 1.01499999999999986e+01 9.98902357320128220e-01
L 2.50000000000000000e+00 1.01499999999999986e+01 1.32788124743299529e+00
P 2.50000000000000000e+00 1.05000000000000000e+01 9.99189940381809749e-01
L 2.50000000000000000e+00 1.05000000000000000e+01 1.32826354321184481e+00
P 2.50000000000000000e+00 1.08499999999999996e+01 9.99402997997191123e-01
L 2.50000000000000000e+00 1.08499999999999996e+01 1.32854676930498039e+00
P 2.50000000000000000e+00 1.11999999999999993e+01 9.99560588090076974e-01
L 2.50000000000000000e+00 1.11999999999999993e+01 1.32875626018023052e+00
P 2.50000000000000000e+00 1.15499999999999989e+01 9.99676974632524473e-01
L 2.50000000000000000e+00 1.15499999999999989e+01 1.32891097751174647e+00
P 2.50000000000000000e+00 1.18999999999999986e+01 9.99762808473181774e-01
L 2.50000000000000000e+00 1.18999999999999986e+01 1.32902507990280472e+00
P 2.50000000000000000e+00 1.22500000000000000e+01 9.99826025292519627e-01
L 2.50000000000000000e+00 1.22500000000000000e+01 1.32910911657396280e+00
P 2.50000000000000000e+00 1.25999999999999996e+01 9.99872525867562034e-01
L 2.50000000000000000e+00 1.25999999999999996e+01 1.32917093166644018e+00
P 2.50000000000000000e+00 1.29499999999999993e+01 9.99906689661042458e-01
L 2.50000000000000000e+00 1.29499999999999993e+01 1.32921634697692714e+00
P 2.50000000000000000e+00 1.32999999999999989e+01 9.99931761370966288e-01
L 2.50000000000000000e+00 1.32999999999999989e+01 1.32924967581352971e+00
P 2.50000000000000000e+00 1.36499999999999986e+01 9.99950141041802576e-01
L 2.50000000000000000e+00 1.36499999999999986e+01 1.32927410865229367e+00
P 2.50000000000000000e+00 1.40000000000000000e+01 9.99963601233094135e-01
L 2.50000000000000000e+00 1.40000000000000000e+01 1.32929200182821017e+00
P 2.50000000000000000e+00 1.43499999999999996e+01 9.99973449198032660e-01
L 2.50000000000000000e+00 1.43499999999999996e+01 1.32930509312574441e+00
P 2.50000000000000000e+00 1.46999999999999993e+01 9.99980647729918570e-01
L 2.50000000000000000e+00 1.46999999999999993e+01 1.32931466242491592e+00
P 2.50000000000000000e+00 1.50499999999999989e+01 9.99985905026857913e-01
L 2.50000000000000000e+00 1.50499999999999989e+01 1.32932165116207002e+00
P 2.50000000000000000e+00 1.53999999999999986e+01 9.99989741391260289e-01
L 2.50000000000000000e+00 1.53999999999999986e+01 1.32932675099621389e+00
P 2.50000000000000000e+00 1.57499999999999982e+01 9.99992538648454721e-01
L 2.50000000000000000e+00 1.57499999999999982e+01 1.32933046950317868e+00
P 2.50000000000000000e+00 1.60999999999999979e+01 9.99994576701501936e-01
L 2.50000000000000000e+00 1.60999999999999979e+01 1.32933317876940760e+00
P 2.50000000000000000e+00 1.64499999999999993e+01 9.99996060529082187e-01
L 2.50000000000000000e+00 1.64499999999999993e+01 1.32933515128133894e+00
P 2.50000000000000000e+00 1.67999999999999972e+01 9.99997140096295700e-01
L 2.50000000000000000e+00 1.67999999999999972e+01 1.32933658639363772e+00
P 2.50000000000000000e+00 1.71499999999999986e+01 9.99997925018835776e-01
L 2.50000000000000000e+00 1.71499999999999986e+01 1.32933762982287185e+00
P 2.50000000000000000e+00 1.75000000000000000e+01 9.99998495349336602e-01
L 2.50000000000000000e+00 1.75000000000000000e+01 1.32933838798624127e+00
P 2.50000000000000000e+00 1.78499999999999979e+01 9.99998909501725652e-01
L 2.50000000000000000e+00 1.78499999999999979e+01 1.32933893853573881e+00
P 2.50000000000000000e+00 1.81999999999999993e+01 9.99999210066424449e-01
L 2.50000000000000000e+00 1.81999999999999993e+01 1.32933933808853211e+00
P 2.50000000000000000e+00 1.85499999999999972e+01 9.99999428073122143e-01
L 2.50000000000000000e+00 1.85499999999999972e+01 1.32933962789364024e+00
P 2.50000000000000000e+00 1.88999999999999986e+01 9.99999586112409244e-01
L 2.50000000000000000e+00 1.88999999999999986e+01 1.32933983798164768e+00
P 2.50000000000000000e+00 1.92500000000000000e+01 9.99999700619506715e-01
L 2.50000000000000000e+00 1.92500000000000000e+01 1.32933999020055693e+00
P 2.50000000000000000e+00 1.95999999999999979e+01 9.99999783543491949e-01
L 2.50000000000000000e+00 1.95999999999999979e+01 1.32934010043475959e+00
P 2.50000000000000000e+00 1.99499999999999993e+01 9.99999843566285018e-01
L 2.50000000000000000e+00 1.99499999999999993e+01 1.32934018022548273e+00
P 2.50000000000000000e+00 2.02999999999999972e+01 9.99999886992093190e-01
L 2.50000000000000000e+00 2.02999999999999972e+01 1.32934023795316336e+00
P 2.50000000000000000e+00 2.06499999999999986e+01 9.99999918395905962e-01
L 2.50000000000000000e+00 2.06499999999999986e+01 1.32934027969952018e+00
P 2.50000000000000000e+00 2.10000000000000000e+01 9.99999941095927936e-01
L 2.50000000000000000e+00 2.10000000000000000e+01 1.32934030987557605e+00
P 2.50000000000000000e+00 2.13499999999999979e+01 9.99999957497518577e-01
L 2.50000000000000000e+00 2.13499999999999979e+01 1.32934033167887300e+00
P 2.50000000000000000e+00 2.16999999999999993e+01 9.99999969343403072e-01
L 2.50000000000000000e+00 2.16999999999999993e+01 1.32934034742608564e+00
P 2.50000000000000000e+00 2.20499999999999972e+01 9.99999977895578374e-01
L 2.50000000000000000e+00 2.20499999999999972e+01 1.32934035879483781e+00
P 2.50000000000000000e+00 2.23999999999999986e+01 9.99999984067476699e-01
L 2.50000000000000000e+00 2.23999999999999986e+01 1.32934036699939151e+00
P 2.50000000000000000e+00 2.27500000000000000e+01 9.99999988519928218e-01
L 2.50000000000000000e+00 2.27500000000000000e+01 1.32934037291821516e+00
P 2.50000000000000000e+00 2.30999999999999979e+01 9.99999991730799676e-01
L 2.50000000000000000e+00 2.30999999999999979e+01 1.32934037718655618e+00
P 2.50000000000000000e+00 2.34499999999999993e+01 9.99999994045499108e-01
L 2.50000000000000000e+00 2.34499999999999993e+01 1.32934038026357970e+00
P 2.50000000000000000e+00 2.37999999999999972e+01 9.99999995713586776e-01
L 2.50000000000000000e+00 2.37999999999999972e+01 1.32934038248103592e+00
P 2.50000000000000000e+00 2.41499999999999986e+01 9.99999996915297729e-01
L 2.50000000000000000e+00 2.41499999999999986e+01 1.32934038407851873e+00
P 2.50000000000000000e+00 2.45000000000000000e+01 9.99999997780748218e-01
L 2.50000000000000000e+00 2.45000000000000000e+01 1.32934038522899711e+00
P 2.50000000000000000e+00 2.48499999999999979e+01 9.99999998403836243e-01
L 2.50000000000000000e+00 2.48499999999999979e+01 1.32934038605729321e+00
P 2.50000000000000000e+00 2.51999999999999993e+01 9.99999998852297955e-01
L 2.50000000000000000e+00 2.51999999999999993e+01 1.32934038665345144e+00
P 2.50000000000000000e+00 2.55499999999999972e+01 9.99999999174979393e-01
L 2.50000000000000000e+00 2.55499999999999972e+01 1.32934038708240498e+00
P 2.50000000000000000e+00 2.58999999999999986e+01 9.99999999407091722e-01
L 2.50000000000000000e+00 2.58999999999999986e+01 1.32934038739096128e+00
P 2.50000000000000000e+00 2.62500000000000000e+01 9.99999999574009313e-01
L 2.50000000000000000e+00 2.62500000000000000e+01 1.32934038761285156e+00
P 2.50000000000000000e+00 2.65999999999999979e+01 9.99999999694011210e-01
L 2.50000000000000000e+00 2.65999999999999979e+01 1.32934038777237484e+00
P 2.50000000000000000e+00 2.69499999999999993e+01 9.99999999780261439e-01
L 2.50000000000000000e+00 2.69499999999999993e+01 1.32934038788703068e+00
P 2.50000000000000000e+00 2.72999999999999972e+01 9.99999999842236975e-01
L 2.50000000000000000e+00 2.72999999999999972e+01 1.32934038796941745e+00
P 2.50000000000000000e+00 2.76499999999999986e+01 9.99999999886758806e-01
L 2.50000000000000000e+00 2.76499999999999986e+01 1.32934038802860210e+00
P 2.50000000000000000e+00 2.80000000000000000e+01 9.99999999918734339e-01
L 2.50000000000000000e+00 2.80000000000000000e+01 1.32934038807110833e+00
P 2.50000000000000000e+00 2.83499999999999979e+01 9.99999999941693862e-01
L 2.50000000000000000e+00 2.83499999999999979e+01 1.32934038810162947e+00
P 2.50000000000000000e+00 2.86999999999999993e+01 9.99999999958175678e-01
L 2.50000000000000000e+00 2.86999999999999993e+01 1.32934038812353927e+00
P 2.50000000000000000e+00 2.90499999999999972e+01 9.99999999970004660e-01
L 2.50000000000000000e+00 2.90499999999999972e+01 1.32934038813926403e+00
P 2.50000000000000000e+00 2.93999999999999986e+01 9.99999999978492427e-01
L 2.50000000000000000e+00 2.93999999999999986e+01 1.32934038815054723e+00
P 2.50000000000000000e+00 2.97499999999999964e+01 9.99999999984581556e-01
L 2.50000000000000000e+00 2.97499999999999964e+01 1.32934038815864186e+00
P 2.50000000000000000e+00 3.00999999999999979e+01 9.99999999988948840e-01
L 2.50000000000000000e+00 3.00999999999999979e+01 1.32934038816444744e+00
P 2.50000000000000000e+00 3.04499999999999993e+01 9.99999999992080668e-01
L 2.50000000000000000e+00 3.04499999999999993e+01 1.32934038816861055e+00
P 2.50000000000000000e+00 3.07999999999999972e+01 9.99999999994325983e-01
L 2.50000000000000000e+00 3.07999999999999972e+01 1.32934038817159550e+00
P 2.50000000000000000e+00 3.11499999999999986e+01 9.99999999995935362e-01
L 2.50000000000000000e+00 3.11499999999999986e+01 1.32934038817373490e+00
P 2.50000000000000000e+00 3.14999999999999964e+01 9.99999999997088884e-01
L 2.50000000000000000e+00 3.14999999999999964e+01 1.32934038817526834e+00
P 2.50000000000000000e+00 3.18499999999999979e+01 9.99999999997915334e-01
L 2.50000000000000000e+00 3.18499999999999979e+01 1.32934038817636679e+00
P 2.50000000000000000e+00 3.21999999999999957e+01 9.99999999998507416e-01
L 2.50000000000000000e+00 3.21999999999999957e+01 1.32934038817715394e+00
P 2.50000000000000000e+00 3.25499999999999972e+01 9.99999999998931521e-01
L 2.50000000000000000e+00 3.25499999999999972e+01 1.32934038817771771e+00
P 2.50000000000000000e+00 3.28999999999999986e+01 9.99999999999235278e-01
L 2.50000000000000000e+00 3.28999999999999986e+01 1.32934038817812161e+00
P 2.50000000000000000e+00 3.32500000000000000e+01 9.99999999999452771e-01
L 2.50000000000000000e+00 3.32500000000000000e+01 1.32934038817841071e+00
P 2.50000000000000000e+00 3.35999999999999943e+01 9.99999999999608424e-01
L 2.50000000000000000e+00 3.35999999999999943e+01 1.32934038817861766e+00
P 2.50000000000000000e+00 3.39499999999999957e+01 9.99999999999719891e-01
L 2.50000000000000000e+00 3.39499999999999957e+01 1.32934038817876576e+00
P 2.50000000000000000e+00 3.42999999999999972e+01 9.99999999999799605e-01
L 2.50000000000000000e+00 3.42999999999999972e+01 1.32934038817887168e+00
P 2.50000000000000000e+00 3.46499999999999986e+01 9.99999999999856670e-01
L 2.50000000000000000e+00 3.46499999999999986e+01 1.32934038817894762e+00
P 2.50000000000000000e+00 3.50000000000000000e+01 9.99999999999897526e-01
L 2.50000000000000000e+00 3.50000000000000000e+01 1.32934038817900202e+00
P 2.50000000000000000e+00 3.53499999999999943e+01 9.99999999999926725e-01
L 2.50000000000000000e+00 3.53499999999999943e+01 1.32934038817904066e+00
P 2.50000000000000000e+00 3.56999999999999957e+01 9.99999999999947597e-01
L 2.50000000000000000e+00 3.56999999999999957e+01 1.32934038817906841e+00
P 2.50000000000000000e+00 3.60499999999999972e+01 9.99999999999962585e-01
L 2.50000000000000000e+00 3.60499999999999972e+01 1.32934038817908839e+00
P 2.50000000000000000e+00 3.63999999999999986e+01 9.99999999999973244e-01
L 2.50000000000000000e+00 3.63999999999999986e+01 1.32934038817910261e+00
P 2.50000000000000000e+00 3.67500000000000000e+01 9.99999999999980904e-01
L 2.50000000000000000e+00 3.67500000000000000e+01 1.32934038817911282e+00
P 2.50000000000000000e+00 3.70999999999999943e+01 9.99999999999986344e-01
L 2.50000000000000000e+00 3.70999999999999943e+01 1.32934038817911993e+00
P 2.50000000000000000e+00 3.74499999999999957e+01 9.99999999999990230e-01
L 2.50000000000000000e+00 3.74499999999999957e+01 1.32934038817912525e+00
P 2.50000000000000000e+00 3.77999999999999972e+01 9.99999999999993006e-01
L 2.50000000000000000e+00 3.77999999999999972e+01 1.32934038817912881e+00
P 2.50000000000000000e+00 3.81499999999999986e+01 9.99999999999995004e-01
L 2.50000000000000000e+00 3.81499999999999986e+01 1.32934038817913147e+00
P 2.50000000000000000e+00 3.85000000000000000e+01 9.99999999999996447e-01
L 2.50000000000000000e+00 3.85000000000000000e+01 1.32934038817913347e+00
P 2.50000000000000000e+00 3.88499999999999943e+01 9.99999999999997446e-01
L 2.50000000000000000e+00 3.88499999999999943e+01 1.32934038817913480e+00
P 2.50000000000000000e+00 3.91999999999999957e+01 9.99999999999998224e-01
L 2.50000000000000000e+00 3.91999999999999957e+01 1.32934038817913569e+00
P 2.50000000000000000e+00 3.95499999999999972e+01 9.99999999999998668e-01
L 2.50000000000000000e+00 3.95499999999999972e+01 1.32934038817913636e+00
P 2.50000000000000000e+00 3.98999999999999986e+01 9.99999999999999112e-01
L 2.50000000000000000e+00 3.98999999999999986e+01 1.32934038817913702e+00
P 2.50000000000000000e+00 4.02500000000000000e+01 9.99999999999999334e-01
L 2.50000000000000000e+00 4.02500000000000000e+01 1.32934038817913724e+00
P 2.50000000000000000e+00 4.05999999999999943e+01 9.99999999999999556e-01
L 2.50000000000000000e+00 4.05999999999999943e+01 1.32934038817913747e+00
P 2.50000000000000000e+00 4.09499999999999957e+01 9.99999999999999667e-01
L 2.50000000000000000e+00 4.09499999999999957e+01 1.32934038817913769e+00
P 2.50000000000000000e+00 4.12999999999999972e+01 9.99999999999999778e-01
L 2.50000000000000000e+00 4.12999999999999972e+01 1.32934038817913791e+00
P 2.50000000000000000e+00 4.16499999999999986e+01 9.99999999999999778e-01
L 2.50000000000000000e+00 4.16499999999999986e+01 1.32934038817913791e+00
P 2.50000000000000000e+00 4.20000000000000000e+01 9.99999999999999889e-01
L 2.50000000000000000e+00 4.20000000000000000e+01 1.32934038817913791e+00
P 2.50000000000000000e+00 4.23499999999999943e+01 9.99999999999999889e-01
L 2.50000000000000000e+00 4.23499999999999943e+01 1.32934038817913791e+00
P 2.50000000000000000e+00 4.26999999999999957e+01 9.99999999999999889e-01
L 2.50000000000000000e+00 4.26999999999999957e+01 1.32934038817913791e+00
P 2.50000000000000000e+00 4.30499999999999972e+01 1.00000000000000000e+00
L 2.50000000000000000e+00 4.30499999999999972e+01 1.32934038817913813e+00
P 2.50000000000000000e+00 4.33999999999999986e+01 1.00000000000000000e+00
L 2.50000000000000000e+00 4.33999999999999986e+01 1.32934038817913813e+00
P 2.50000000000000000e+00 4.37500000000000000e+01 1.00000000000000000e+00
L 2.50000000000000000e+00 4.37500000000000000e+01 1.32934038817913813e+00
P 2.50000000000000000e+00 4.40999999999999943e+01 1.00000000000000000e+00
L 2.50000000000000000e+00 4.40999999999999943e+01 1.32934038817913813e+00
P 2.50000000000000000e+00 4.44499999999999957e+01 1.00000000000000000e+00
L 2.50000000000000000e+00 4.44499999999999957e+01 1.32934038817913813e+00
P 2.50000000000000000e+00 4.47999999999999972e+01 1.00000000000000000e+00
L 2.50000000000000000e+00 4.47999999999999972e+01 1.32934038817913813e+00
P 2.50000000000000000e+00 4.51499999999999986e+01 1.00000000000000000e+00
L 2.50000000000000000e+00 4.51499999999999986e+01 1.32934038817913813e+00
P 2.50000000000000000e+00 4.55000000000000000e+01 1.00000000000000000e+00
L 2.50000000000000000e+00 4.55000000000000000e+01 1.32934038817913813e+00
P 2.50000000000000000e+00 4.58499999999999943e+01 1.00000000000000000e+00
L 2.50000000000000000e+00 4.58499999999999943e+01 1.32934038817913813e+00
P 2.50000000000000000e+00 4.61999999999999957e+01 1.00000000000000000e+00
L 2.50000000000000000e+00 4.61999999999999957e+01 1.32934038817913813e+00
P 2.50000000000000000e+00 4.65499999999999972e+01 1.00000000000000000e+00
L 2.50000000000000000e+00 4.65499999999999972e+01 1.32934038817913813e+00
P 2.50000000000000000e+00 4.68999999999999986e+01 1.00000000000000000e+00
L 2.50000000000000000e+00 4.68999999999999986e+01 1.32934038817913813e+00
P 2.50000000000000000e+00 4.72500000000000000e+01 1.00000000000000000e+00
L 2.50000000000000000e+00 4.72500000000000000e+01 1.32934038817913813e+00
P 2.50000000000000000e+00 4.75999999999999943e+01 1.00000000000000000e+00
L 2.50000000000000000e+00 4.75999999999999943e+01 1.32934038817913813e+00
P 2.50000000000000000e+00 4.79499999999999957e+01 1.00000000000000000e+00
L 2.50000000000000000e+00 4.79499999999999957e+01 1.32934038817913813e+00
P 2.50000000000000000e+00 4.82999999999999972e+01 1.00000000000000000e+00
L 2.50000000000000000e+00 4.82999999999999972e+01 1.32934038817913813e+00
P 2.50000000000000000e+00 4.86499999999999986e+01 1.00000000000000000e+00
L 2.50000000000000000e+00 4.86499999999999986e+01 1.32934038817913813e+00
P 2.50000000000000000e+00 4.90000000000000000e+01 1.00000000000000000e+00
L 2.50000000000000000e+00 4.90000000000000000e+01 1.32934038817913813e+00
P 2.50000000000000000e+00 4.93499999999999943e+01 1.00000000000000000e+00
L 2.50000000000000000e+00 4.93499999999999943e+01 1.32934038817913813e+00
P 2.50000000000000000e+00 4.96999999999999957e+01 1.00000000000000000e+00
L 2.50000000000000000e+00 4.96999999999999957e+01 1.32934038817913813e+00
P 2.50000000000000000e+00 5.00499999999999972e+01 1.00000000000000000e+00
L 2.50000000000000000e+00 5.00499999999999972e+01 1.32934038817913813e+00
P 2.50000000000000000e+00 5.03999999999999986e+01 1.00000000000000000e+00
L 2.50000000000000000e+00 5.03999999999999986e+01 1.32934038817913813e+00
P 2.50000000000000000e+00 5.07500000000000000e+01 1.00000000000000000e+00
L 2.50000000000000000e+00 5.07500000000000000e+01 1.32934038817913813e+00
P 2.50000000000000000e+00 5.10999999999999943e+01 1.00000000000000000e+00
L 2.50000000000000000e+00 5.10999999999999943e+01 1.32934038817913813e+00
P 2.50000000000000000e+00 5.14499999999999957e+01 1.00000000000000000e+00
L 2.50000000000000000e+00 5.14499999999999957e+01 1.32934038817913813e+00
P 2.50000000000000000e+00 5.17999999999999972e+01 1.00000000000000000e+00
L 2.50000000000000000e+00 5.17999999999999972e+01 1.32934038817913813e+00
P 2.50000000000000000e+00 5.21499999999999986e+01 1.00000000000000000e+00
L 2.50000000000000000e+00 5.21499999999999986e+01 1.32934038817913813e+00
P 2.50000000000000000e+00 5.25000000000000000e+01 1.00000000000000000e+00
L 2.50000000000000000e+00 5.25000000000000000e+01 1.32934038817913813e+00
P 2.50000000000000000e+00 5.28499999999999943e+01 1.00000000000000000e+00
L 2.50000000000000000e+00 5.28499999999999943e+01 1.32934038817913813e+00
P 2.50000000000000000e+00 5.31999999999999957e+01 1.00000000000000000e+00
L 2.50000000000000000e+00 5.31999999999999957e+01 1.32934038817913813e+00
P 2.50000000000000000e+00 5.35499999999999972e+01 1.00000000000000000e+00
L 2.50000000000000000e+00 5.35499999999999972e+01 1.32934038817913813e+00
P 2.50000000000000000e+00 5.38999999999999986e+01 1.00000000000000000e+00
L 2.50000000000000000e+00 5.38999999999999986e+01 1.32934038817913813e+00
P 2.50000000000000000e+00 5.42500000000000000e+01 1.00000000000000000e+00
L 2.50000000000000000e+00 5.42500000000000000e+01 1.32934038817913813e+00
P 2.50000000000000000e+00 5.45999999999999943e+01 1.00000000000000000e+00
L 2.50000000000000000e+00 5.45999999999999943e+01 1.32934038817913813e+00
P 2.50000000000000000e+00 5.49499999999999957e+01 1.00000000000000000e+00
L 2.50000000000000000e+00 5.49499999999999957e+01 1.32934038817913813e+00
P 2.50000000000000000e+00 5.52999999999999972e+01 1.00000000000000000e+00
L 2.50000000000000000e+00 5.52999999999999972e+01 1.32934038817913813e+00
P 2.50000000000000000e+00 5.56499999999999986e+01 1.00000000000000000e+00
L 2.50000000000000000e+00 5.56499999999999986e+01 1.32934038817913813e+00
P 2.50000000000000000e+00 5.60000000000000000e+01 1.00000000000000000e+00
L 2.50000000000000000e+00 5.60000000000000000e+01 1.32934038817913813e+00
P 2.50000000000000000e+00 5.63499999999999943e+01 1.00000000000000000e+00
L 2.50000000000000000e+00 5.63499999999999943e+01 1.32934038817913813e+00
P 2.50000000000000000e+00 5.66999999999999957e+01 1.00000000000000000e+00
L 2.50000000000000000e+00 5.66999999999999957e+01 1.32934038817913813e+00
P 2.50000000000000000e+00 5.70499999999999972e+01 1.00000000000000000e+00
L 2.50000000000000000e+00 5.70499999999999972e+01 1.32934038817913813e+00
P 2.50000000000000000e+00 5.73999999999999986e+01 1.00000000000000000e+00
L 2.50000000000000000e+00 5.73999999999999986e+01 1.32934038817913813e+00
P 2.50000000000000000e+00 5.77499999999999929e+01 1.00000000000000000e+00
L 2.50000000000000000e+00 5.77499999999999929e+01 1.32934038817913813e+00
P 2.50000000000000000e+00 5.80999999999999943e+01 1.00000000000000000e+00
L 2.50000000000000000e+00 5.80999999999999943e+01 1.32934038817913813e+00
P 2.50000000000000000e+00 5.84499999999999957e+01 1.00000000000000000e+00
L 2.50000000000000000e+00 5.84499999999999957e+01 1.32934038817913813e+00
P 2.50000000000000000e+00 5.87999999999999972e+01 1.00000000000000000e+00
L 2.50000000000000000e+00 5.87999999999999972e+01 1.32934038817913813e+00
P 2.50000000000000000e+00 5.91499999999999986e+01 1.00000000000000000e+00
L 2.50000000000000000e+00 5.91499999999999986e+01 1.32934038817913813e+00
P 2.50000000000000000e+00 5.94999999999999929e+01 1.00000000000000000e+00
L 2.50000000000000000e+00 5.94999999999999929e+01 1.32934038817913813e+00
P 2.50000000000000000e+00 5.98499999999999943e+01 1.00000000000000000e+00
L 2.50000000000000000e+00 5.98499999999999943e+01 1.32934038817913813e+00
P 2.50000000000000000e+00 6.01999999999999957e+01 1.00000000000000000e+00
L 2.50000000000000000e+00 6.01999999999999957e+01 1.32934038817913813e+00
P 2.50000000000000000e+00 6.05499999999999972e+01 1.00000000000000000e+00
L 2.50000000000000000e+00 6.05499999999999972e+01 1.32934038817913813e+00
P 2.50000000000000000e+00 6.08999999999999986e+01 1.00000000000000000e+00
L 2.50000000000000000e+00 6.08999999999999986e+01 1.32934038817913813e+00
P 2.50000000000000000e+00 6.12499999999999929e+01 1.00000000000000000e+00
L 2.50000000000000000e+00 6.12499999999999929e+01 1.32934038817913813e+00
P 2.50000000000000000e+00 6.15999999999999943e+01 1.00000000000000000e+00
L 2.50000000000000000e+00 6.15999999999999943e+01 1.32934038817913813e+00
P 2.50000000000000000e+00 6.19499999999999957e+01 1.00000000000000000e+00
L 2.50000000000000000e+00 6.19499999999999957e+01 1.32934038817913813e+00
P 2.50000000000000000e+00 6.22999999999999972e+01 1.00000000000000000e+00
L 2.50000000000000000e+00 6.22999999999999972e+01 1.32934038817913813e+00
P 2.50000000000000000e+00 6.26499999999999986e+01 1.00000000000000000e+00
L 2.50000000000000000e+00 6.26499999999999986e+01 1.32934038817913813e+00
P 2.50000000000000000e+00 6.29999999999999929e+01 1.00000000000000000e+00
L 2.50000000000000000e+00 6.29999999999999929e+01 1.32934038817913813e+00
P 2.50000000000000000e+00 6.33499999999999943e+01 1.00000000000000000e+00
L 2.50000000000000000e+00 6.33499999999999943e+01 1.32934038817913813e+00
P 2.50000000000000000e+00 6.36999999999999957e+01 1.00000000000000000e+00
L 2.50000000000000000e+00 6.36999999999999957e+01 1.32934038817913813e+00
P 2.50000000000000000e+00 6.40499999999999972e+01 1.00000000000000000e+00
L 2.50000000000000000e+00 6.40499999999999972e+01 1.32934038817913813e+00
P 2.50000000000000000e+00 6.43999999999999915e+01 1.00000000000000000e+00
L 2.50000000000000000e+00 6.43999999999999915e+01 1.32934038817913813e+00
P 2.50000000000000000e+00 6.47500000000000000e+01 1.00000000000000000e+00
L 2.50000000000000000e+00 6.47500000000000000e+01 1.32934038817913813e+00
P 2.50000000000000000e+00 6.50999999999999943e+01 1.00000000000000000e+00
L 2.50000000000000000e+00 6.50999999999999943e+01 1.32934038817913813e+00
P 2.50000000000000000e+00 6.54500000000000028e+01 1.00000000000000000e+00
L 2.50000000000000000e+00 6.54500000000000028e+01 1.32934038817913813e+00
P 2.50000000000000000e+00 6.57999999999999972e+01 1.00000000000000000e+00
L 2.50000000000000000e+00 6.57999999999999972e+01 1.32934038817913813e+00
P 2.50000000000000000e+00 6.61499999999999915e+01 1.00000000000000000e+00
L 2.50000000000000000e+00 6.61499999999999915e+01 1.32934038817913813e+00
P 2.50000000000000000e+00 6.65000000000000000e+01 1.00000000000000000e+00
L 2.50000000000000000e+00 6.65000000000000000e+01 1.32934038817913813e+00
P 2.50000000000000000e+00 6.68499999999999943e+01 1.00000000000000000e+00
L 2.50000000000000000e+00 6.68499999999999943e+01 1.32934038817913813e+00
P 2.50000000000000000e+00 6.71999999999999886e+01 1.00000000000000000e+00
L 2.50000000000000000e+00 6.71999999999999886e+01 1.32934038817913813e+00
P 2.50000000000000000e+00 6.75499999999999972e+01 1.00000000000000000e+00
L 2.50000000000000000e+00 6.75499999999999972e+01 1.32934038817913813e+00
P 2.50000000000000000e+00 6.78999999999999915e+01 1.00000000000000000e+00
L 2.50000000000000000e+00 6.78999999999999915e+01 1.32934038817913813e+00
P 2.50000000000000000e+00 6.82500000000000000e+01 1.00000000000000000e+00
L 2.50000000000000000e+00 6.82500000000000000e+01 1.32934038817913813e+00
P 2.50000000000000000e+00 6.85999999999999943e+01 1.00000000000000000e+00
L 2.50000000000000000e+00 6.85999999999999943e+01 1.32934038817913813e+00
P 2.50000000000000000e+00 6.89499999999999886e+01 1.00000000000000000e+00
L 2.50000000000000000e+00 6.89499999999999886e+01 1.32934038817913813e+00
P 2.50000000000000000e+00 6.92999999999999972e+01 1.00000000000000000e+00
L 2.50000000000000000e+00 6.92999999999999972e+01 1.32934038817913813e+00
P 2.50000000000000000e+00 6.96499999999999915e+01 1.00000000000000000e+00
L 2.50000000000000000e+00 6.96499999999999915e+01 1.32934038817913813e+00
P 2.50000000000000000e+00 7.00000000000000000e+01 1.00000000000000000e+00
L 2.50000000000000000e+00 7.00000000000000000e+01 1.32934038817913813e+00
P 2.50000000000000000e+00 7.03499999999999943e+01 1.00000000000000000e+00
L 2.50000000000000000e+00 7.03499999999999943e+01 1.32934038817913813e+00
P 2.50000000000000000e+00 7.06999999999999886e+01 1.00000000000000000e+00
L 2.50000000000000000e+00 7.06999999999999886e+01 1.32934038817913813e+00
P 2.50000000000000000e+00 7.10499999999999972e+01 1.00000000000000000e+00
L 2.50000000000000000e+00 7.10499999999999972e+01 1.32934038817913813e+00
P 2.50000000000000000e+00 7.13999999999999915e+01 1.00000000000000000e+00
L 2.50000000000000000e+00 7.13999999999999915e+01 1.32934038817913813e+00
P 2.50000000000000000e+00 7.17500000000000000e+01 1.00000000000000000e+00
L 2.50000000000000000e+00 7.17500000000000000e+01 1.32934038817913813e+00
P 2.50000000000000000e+00 7.20999999999999943e+01 1.00000000000000000e+00
L 2.50000000000000000e+00 7.20999999999999943e+01 1.32934038817913813e+00
P 2.50000000000000000e+00 7.24499999999999886e+01 1.00000000000000000e+00
L 2.50000000000000000e+00 7.24499999999999886e+01 1.32934038817913813e+00
P 2.50000000000000000e+00 7.27999999999999972e+01 1.00000000000000000e+00
L 2.50000000000000000e+00 7.27999999999999972e+01 1.32934038817913813e+00
P 2.50000000000000000e+00 7.31499999999999915e+01 1.00000000000000000e+00
L 2.50000000000000000e+00 7.31499999999999915e+01 1.32934038817913813e+00
P 2.50000000000000000e+00 7.35000000000000000e+01 1.00000000000000000e+00
L 2.50000000000000000e+00 7.35000000000000000e+01 1.32934038817913813e+00
P 2.50000000000000000e+00 7.38499999999999943e+01 1.00000000000000000e+00
L 2.50000000000000000e+00 7.38499999999999943e+01 1.32934038817913813e+00
P 2.50000000000000000e+00 7.41999999999999886e+01 1.00000000000000000e+00
L 2.50000000000000000e+00 7.41999999999999886e+01 1.32934038817913813e+00
P 2.50000000000000000e+00 7.45499999999999972e+01 1.00000000000000000e+00
L 2.50000000000000000e+00 7.45499999999999972e+01 1.32934038817913813e+00
P 2.50000000000000000e+00 7.48999999999999915e+01 1.00000000000000000e+00
L 2.50000000000000000e+00 7.48999999999999915e+01 1.32934038817913813e+00
P 2.50000000000000000e+00 7.52500000000000000e+01 1.00000000000000000e+00
L 2.50000000000000000e+00 7.52500000000000000e+01 1.32934038817913813e+00
P 2.50000000000000000e+00 7.55999999999999943e+01 1.00000000000000000e+00
L 2.50000000000000000e+00 7.55999999999999943e+01 1.32934038817913813e+00
P 2.50000000000000000e+00 7.59499999999999886e+01 1.00000000000000000e+00
L 2.50000000000000000e+00 7.59499999999999886e+01 1.32934038817913813e+00
P 2.50000000000000000e+00 7.62999999999999972e+01 1.00000000000000000e+00
L 2.50000000000000000e+00 7.62999999999999972e+01 1.32934038817913813e+00
P 2.50000000000000000e+00 7.66499999999999915e+01 1.00000000000000000e+00
L 2.50000000000000000e+00 7.66499999999999915e+01 1.32934038817913813e+00
P 2.50000000000000000e+00 7.70000000000000000e+01 1.00000000000000000e+00
L 2.50000000000000000e+00 7.70000000000000000e+01 1.32934038817913813e+00
P 3.00000000000000000e+00 3.49999999999999978e-01 5.50893338446565087e-03
L 3.00000000000000000e+00 3.49999999999999978e-01 1.10178667689313017e-02
P 3.00000000000000000e+00 6.99999999999999956e-01 3.41415841257084185e-02
L 3.00000000000000000e+00 6.99999999999999956e-01 6.82831682514168370e-02
P 3.00000000000000000e+00 1.04999999999999982e+00 8.97244301246068882e-02
L 3.00000000000000000e+00 1.04999999999999982e+00 1.79448860249213776e-01
P 3.00000000000000000e+00 1.39999999999999991e+00 1.66502261877369717e-01
L 3.00000000000000000e+00 1.39999999999999991e+00 3.33004523754739434e-01
P 3.00000000000000000e+00 1.75000000000000000e+00 2.56030304602781200e-01
L 3.00000000000000000e+00 1.75000000000000000e+00 5.12060609205562400e-01
P 3.00000000000000000e+00 2.09999999999999964e+00 3.50368648117930115e-01
L 3.00000000000000000e+00 2.09999999999999964e+00 7.00737296235860230e-01
P 3.00000000000000000e+00 2.44999999999999973e+00 4.43298500095934911e-01
L 3.00000000000000000e+00 2.44999999999999973e+00 8.86597000191869822e-01
P 3.00000000000000000e+00 2.79999999999999982e+00 5.30546316533316076e-01
L 3.00000000000000000e+00 2.79999999999999982e+00 1.06109263306663215e+00
P 3.00000000000000000e+00 3.14999999999999991e+00 6.09563559082679118e-01
L 3.00000000000000000e+00 3.14999999999999991e+00 1.21912711816535824e+00
P 3.00000000000000000e+00 3.50000000000000000e+00 6.79152801137864692e-01
L 3.00000000000000000e+00 3.50000000000000000e+00 1.35830560227572938e+00
P 3.00000000000000000e+00 3.84999999999999964e+00 7.39083831594946394e-01
L 3.00000000000000000e+00 3.84999999999999964e+00 1.47816766318989279e+00
P 3.00000000000000000e+00 4.19999999999999929e+00 7.89762012976899852e-01
L 3.00000000000000000e+00 4.19999999999999929e+00 1.57952402595379970e+00
P 3.00000000000000000e+00 4.54999999999999982e+00 8.31968241291261457e-01
L 3.00000000000000000e+00 4.54999999999999982e+00 1.66393648258252291e+00
P 3.00000000000000000e+00 4.89999999999999947e+00 8.66668930115097491e-01
L 3.00000000000000000e+00 4.89999999999999947e+00 1.73333786023019498e+00
P 3.00000000000000000e+00 5.25000000000000000e+00 8.94885647066395951e-01
L 3.00000000000000000e+00 5.25000000000000000e+00 1.78977129413279190e+00
P 3.00000000000000000e+00 5.59999999999999964e+00 9.17611596396758045e-01
L 3.00000000000000000e+00 5.59999999999999964e+00 1.83522319279351609e+00
P 3.00000000000000000e+00 5.94999999999999929e+00 9.35762773920580160e-01
L 3.00000000000000000e+00 5.94999999999999929e+00 1.87152554784116032e+00
P 3.00000000000000000e+00 6.29999999999999982e+00 9.50153506827547956e-01
L 3.00000000000000000e+00 6.29999999999999982e+00 1.90030701365509591e+00
P 3.00000000000000000e+00 6.64999999999999947e+00 9.61488284613702282e-01
L 3.00000000000000000e+00 6.64999999999999947e+00 1.92297656922740456e+00
P 3.00000000000000000e+00 7.00000000000000000e+00 9.70363836119476075e-01
L 3.00000000000000000e+00 7.00000000000000000e+00 1.94072767223895215e+00
P 3.00000000000000000e+00 7.34999999999999964e+00 9.77277130897374224e-01
L 3.00000000000000000e+00 7.34999999999999964e+00 1.95455426179474845e+00
P 3.00000000000000000e+00 7.69999999999999929e+00 9.82636341672203817e-01
L 3.00000000000000000e+00 7.69999999999999929e+00 1.96527268334440763e+00
P 3.00000000000000000e+00 8.04999999999999893e+00 9.86772826435748374e-01
L 3.00000000000000000e+00 8.04999999999999893e+00 1.97354565287149675e+00
P 3.00000000000000000e+00 8.39999999999999858e+00 9.89952927955686679e-01
L 3.00000000000000000e+00 8.39999999999999858e+00 1.97990585591137336e+00
P 3.00000000000000000e+00 8.75000000000000000e+00 9.92388904478031963e-01
L 3.00000000000000000e+00 8.75000000000000000e+00 1.98477780895606393e+00
P 3.00000000000000000e+00 9.09999999999999964e+00 9.94248652533714194e-01
L 3.00000000000000000e+00 9.09999999999999964e+00 1.98849730506742839e+00
P 3.00000000000000000e+00 9.44999999999999929e+00 9.95664106591564457e-01
L 3.00000000000000000e+00 9.44999999999999929e+00 1.99132821318312891e+00
P 3.00000000000000000e+00 9.79999999999999893e+00 9.96738336921397017e-01
L 3.00000000000000000e+00 9.79999999999999893e+00 1.99347667384279403e+00
P 3.00000000000000000e+00 1.01499999999999986e+01 9.97551443877096378e-01
L 3.00000000000000000e+00 1.01499999999999986e+01 1.99510288775419276e+00
P 3.00000000000000000e+00 1.05000000000000000e+01 9.98165384062071337e-01
L 3.00000000000000000e+00 1.05000000000000000e+01 1.99633076812414267e+00
P 3.00000000000000000e+00 1.08499999999999996e+01 9.98627875920342190e-01
L 3.00000000000000000e+00 1.08499999999999996e+01 1.99725575184068438e+00
P 3.00000000000000000e+00 1.11999999999999993e+01 9.98975529230756831e-01
L 3.00000000000000000e+00 1.11999999999999993e+01 1.99795105846151366e+00
P 3.00000000000000000e+00 1.15499999999999989e+01 9.99236331538954081e-01
L 3.00000000000000000e+00 1.15499999999999989e+01 1.99847266307790816e+00
P 3.00000000000000000e+00 1.18999999999999986e+01 9.99431609165597146e-01
L 3.00000000000000000e+00 1.18999999999999986e+01 1.99886321833119429e+00
P 3.00000000000000000e+00 1.22500000000000000e+01 9.99577563855224227e-01
L 3.00000000000000000e+00 1.22500000000000000e+01 1.99915512771044845e+00
P 3.00000000000000000e+00 1.25999999999999996e+01 9.99686470023526952e-01
L 3.00000000000000000e+00 1.25999999999999996e+01 1.99937294004705390e+00
P 3.00000000000000000e+00 1.29499999999999993e+01 9.99767602814080392e-01
L 3.00000000000000000e+00 1.29499999999999993e+01 1.99953520562816078e+00
P 3.00000000000000000e+00 1.32999999999999989e+01 9.99827954195193436e-01
L 3.00000000000000000e+00 1.32999999999999989e+01 1.99965590839038687e+00
P 3.00000000000000000e+00 1.36499999999999986e+01 9.99872783218664907e-01
L 3.00000000000000000e+00 1.36499999999999986e+01 1.99974556643732981e+00
P 3.00000000000000000e+00 1.40000000000000000e+01 9.99906037254737701e-01
L 3.00000000000000000e+00 1.40000000000000000e+01 1.99981207450947540e+00
P 3.00000000000000000e+00 1.43499999999999996e+01 9.99930673347954824e-01
L 3.00000000000000000e+00 1.43499999999999996e+01 1.99986134669590965e+00
P 3.00000000000000000e+00 1.46999999999999993e+01 9.99948902603101430e-01
L 3.00000000000000000e+00 1.46999999999999993e+01 1.99989780520620286e+00
P 3.00000000000000000e+00 1.50499999999999989e+01 9.99962375497093658e-01
L 3.00000000000000000e+00 1.50499999999999989e+01 1.99992475099418732e+00
P 3.00000000000000000e+00 1.53999999999999986e+01 9.99972322019274773e-01
L 3.00000000000000000e+00 1.53999999999999986e+01 1.99994464403854955e+00
P 3.00000000000000000e+00 1.57499999999999982e+01 9.99979657387469634e-01
L 3.00000000000000000e+00 1.57499999999999982e+01 1.99995931477493927e+00
P 3.00000000000000000e+00 1.60999999999999979e+01 9.99985061611248782e-01
L 3.00000000000000000e+00 1.60999999999999979e+01 1.99997012322249756e+00
P 3.00000000000000000e+00 1.64499999999999993e+01 9.99989039243099453e-01
L 3.00000000000000000e+00 1.64499999999999993e+01 1.99997807848619891e+00
P 3.00000000000000000e+00 1.67999999999999972e+01 9.99991964160376390e-01
L 3.00000000000000000e+00 1.67999999999999972e+01 1.99998392832075278e+00
P 3.00000000000000000e+00 1.71499999999999986e+01 9.99994113064837542e-01
L 3.00000000000000000e+00 1.71499999999999986e+01 1.99998822612967508e+00
P 3.00000000000000000e+00 1.75000000000000000e+01 9.99995690497697209e-01
L 3.00000000000000000e+00 1.75000000000000000e+01 1.99999138099539442e+00
P 3.00000000000000000e+00 1.78499999999999979e+01 9.99996847487993445e-01
L 3.00000000000000000e+00 1.78499999999999979e+01 1.99999369497598689e+00
P 3.00000000000000000e+00 1.81999999999999993e+01 9.99997695432697786e-01
L 3.00000000000000000e+00 1.81999999999999993e+01 1.99999539086539557e+00
P 3.00000000000000000e+00 1.85499999999999972e+01 9.99998316412474053e-01
L 3.00000000000000000e+00 1.85499999999999972e+01 1.99999663282494811e+00
P 3.00000000000000000e+00 1.88999999999999986e+01 9.99998770847570384e-01
L 3.00000000000000000e+00 1.88999999999999986e+01 1.99999754169514077e+00
P 3.00000000000000000e+00 1.92500000000000000e+01 9.99999103172146575e-01
L 3.00000000000000000e+00 1.92500000000000000e+01 1.99999820634429315e+00
P 3.00000000000000000e+00 1.95999999999999979e+01 9.99999346034545766e-01
L 3.00000000000000000e+00 1.95999999999999979e+01 1.99999869206909153e+00
P 3.00000000000000000e+00 1.99499999999999993e+01 9.99999523402761326e-01
L 3.00000000000000000e+00 1.99499999999999993e+01 1.99999904680552265e+00
P 3.00000000000000000e+00 2.02999999999999972e+01 9.99999652857789578e-01
L 3.00000000000000000e+00 2.02999999999999972e+01 1.99999930571557916e+00
P 3.00000000000000000e+00 2.06499999999999986e+01 9.99999747285409524e-01
L 3.00000000000000000e+00 2.06499999999999986e+01 1.99999949457081905e+00
P 3.00000000000000000e+00 2.10000000000000000e+01 9.99999816122909668e-01
L 3.00000000000000000e+00 2.10000000000000000e+01 1.99999963224581934e+00
P 3.00000000000000000e+00 2.13499999999999979e+01 9.99999866276904625e-01
L 3.00000000000000000e+00 2.13499999999999979e+01 1.99999973255380925e+00
P 3.00000000000000000e+00 2.16999999999999993e+01 9.99999902798389573e-01
L 3.00000000000000000e+00 2.16999999999999993e+01 1.99999980559677915e+00
P 3.00000000000000000e+00 2.20499999999999972e+01 9.99999929378785124e-01
L 3.00000000000000000e+00 2.20499999999999972e+01 1.99999985875757025e+00
P 3.00000000000000000e+00 2.23999999999999986e+01 9.99999948714127784e-01
L 3.00000000000000000e+00 2.23999999999999986e+01 1.99999989742825557e+00
P 3.00000000000000000e+00 2.27500000000000000e+01 9.99999962772229578e-01
L 3.00000000000000000e+00 2.27500000000000000e+01 1.99999992554445916e+00
P 3.00000000000000000e+00 2.30999999999999979e+01 9.99999972988502961e-01
L 3.00000000000000000e+00 2.30999999999999979e+01 1.99999994597700592e+00
P 3.00000000000000000e+00 2.34499999999999993e+01 9.99999980409387756e-01
L 3.00000000000000000e+00 2.34499999999999993e+01 1.99999996081877551e+00
P 3.00000000000000000e+00 2.37999999999999972e+01 9.99999985797321744e-01
L 3.00000000000000000e+00 2.37999999999999972e+01 1.99999997159464349e+00
P 3.00000000000000000e+00 2.41499999999999986e+01 9.99999989707513359e-01
L 3.00000000000000000e+00 2.41499999999999986e+01 1.99999997941502672e+00
P 3.00000000000000000e+00 2.45000000000000000e+01 9.99999992544050920e-01
L 3.00000000000000000e+00 2.45000000000000000e+01 1.99999998508810184e+00
P 3.00000000000000000e+00 2.48499999999999979e+01 9.99999994600883957e-01
L 3.00000000000000000e+00 2.48499999999999979e+01 1.99999998920176791e+00
P 3.00000000000000000e+00 2.51999999999999993e+01 9.99999996091736287e-01
L 3.00000000000000000e+00 2.51999999999999993e+01 1.99999999218347257e+00
P 3.00000000000000000e+00 2.55499999999999972e+01 9.99999997171926336e-01
L 3.00000000000000000e+00 2.55499999999999972e+01 1.99999999434385267e+00
P 3.00000000000000000e+00 2.58999999999999986e+01 9.99999997954275077e-01
L 3.00000000000000000e+00 2.58999999999999986e+01 1.99999999590855015e+00
P 3.00000000000000000e+00 2.62500000000000000e+01 9.99999998520696320e-01
L 3.00000000000000000e+00 2.62500000000000000e+01 1.99999999704139264e+00
P 3.00000000000000000e+00 2.65999999999999979e+01 9.99999998930638179e-01
L 3.00000000000000000e+00 2.65999999999999979e+01 1.99999999786127636e+00
P 3.00000000000000000e+00 2.69499999999999993e+01 9.99999999227225267e-01
L 3.00000000000000000e+00 2.69499999999999993e+01 1.99999999845445053e+00
P 3.00000000000000000e+00 2.72999999999999972e+01 9.99999999441728460e-01
L 3.00000000000000000e+00 2.72999999999999972e+01 1.99999999888345692e+00
P 3.00000000000000000e+00 2.76499999999999986e+01 9.99999999596813849e-01
L 3.00000000000000000e+00 2.76499999999999986e+01 1.99999999919362770e+00
P 3.00000000000000000e+00 2.80000000000000000e+01 9.99999999708903742e-01
L 3.00000000000000000e+00 2.80000000000000000e+01 1.99999999941780748e+00
P 3.00000000000000000e+00 2.83499999999999979e+01 9.99999999789892513e-01
L 3.00000000000000000e+00 2.83499999999999979e+01 1.99999999957978503e+00
P 3.00000000000000000e+00 2.86999999999999993e+01 9.99999999848391607e-01
L 3.00000000000000000e+00 2.86999999999999993e+01 1.99999999969678321e+00
P 3.00000000000000000e+00 2.90499999999999972e+01 9.99999999890633373e-01
L 3.00000000000000000e+00 2.90499999999999972e+01 1.99999999978126675e+00
P 3.00000000000000000e+00 2.93999999999999986e+01 9.99999999921126870e-01
L 3.00000000000000000e+00 2.93999999999999986e+01 1.99999999984225374e+00
P 3.00000000000000000e+00 2.97499999999999964e+01 9.99999999943133266e-01
L 3.00000000000000000e+00 2.97499999999999964e+01 1.99999999988626653e+00
P 3.00000000000000000e+00 3.00999999999999979e+01 9.99999999959010233e-01
L 3.00000000000000000e+00 3.00999999999999979e+01 1.99999999991802047e+00
P 3.00000000000000000e+00 3.04499999999999993e+01 9.99999999970461850e-01
L 3.00000000000000000e+00 3.04499999999999993e+01 1.99999999994092370e+00
P 3.00000000000000000e+00 3.07999999999999972e+01 9.99999999978719467e-01
L 3.00000000000000000e+00 3.07999999999999972e+01 1.99999999995743893e+00
P 3.00000000000000000e+00 3.11499999999999986e+01 9.99999999984672261e-01
L 3.00000000000000000e+00 3.11499999999999986e+01 1.99999999996934452e+00
P 3.00000000000000000e+00 3.14999999999999964e+01 9.99999999988962496e-01
L 3.00000000000000000e+00 3.14999999999999964e+01 1.99999999997792499e+00
P 3.00000000000000000e+00 3.18499999999999979e+01 9.99999999992053690e-01
L 3.00000000000000000e+00 3.18499999999999979e+01 1.99999999998410738e+00
P 3.00000000000000000e+00 3.21999999999999957e+01 9.99999999994280464e-01
L 3.00000000000000000e+00 3.21999999999999957e+01 1.99999999998856093e+00
P 3.00000000000000000e+00 3.25499999999999972e+01 9.99999999995884181e-01
L 3.00000000000000000e+00 3.25499999999999972e+01 1.99999999999176836e+00
P 3.00000000000000000e+00 3.28999999999999986e+01 9.99999999997038813e-01
L 3.00000000000000000e+00 3.28999999999999986e+01 1.99999999999407763e+00
P 3.00000000000000000e+00 3.32500000000000000e+01 9.99999999997870037e-01
L 3.00000000000000000e+00 3.32500000000000000e+01 1.99999999999574007e+00
P 3.00000000000000000e+00 3.35999999999999943e+01 9.99999999998468225e-01
L 3.00000000000000000e+00 3.35999999999999943e+01 1.99999999999693645e+00
P 3.00000000000000000e+00 3.39499999999999957e+01 9.99999999998898659e-01
L 3.00000000000000000e+00 3.39499999999999957e+01 1.99999999999779732e+00
P 3.00000000000000000e+00 3.42999999999999972e+01 9.99999999999208300e-01
L 3.00000000000000000e+00 3.42999999999999972e+01 1.99999999999841660e+00
P 3.00000000000000000e+00 3.46499999999999986e+01 9.99999999999431011e-01
L 3.00000000000000000e+00 3.46499999999999986e+01 1.99999999999886202e+00
P 3.00000000000000000e+00 3.50000000000000000e+01 9.99999999999591105e-01
L 3.00000000000000000e+00 3.50000000000000000e+01 1.99999999999918221e+00
P 3.00000000000000000e+00 3.53499999999999943e+01 9.99999999999706235e-01
L 3.00000000000000000e+00 3.53499999999999943e+01 1.99999999999941247e+00
P 3.00000000000000000e+00 3.56999999999999957e+01 9.99999999999788947e-01
L 3.00000000000000000e+00 3.56999999999999957e+01 1.99999999999957789e+00
P 3.00000000000000000e+00 3.60499999999999972e+01 9.99999999999848455e-01
L 3.00000000000000000e+00 3.60499999999999972e+01 1.99999999999969691e+00
P 3.00000000000000000e+00 3.63999999999999986e+01 9.99999999999891198e-01
L 3.00000000000000000e+00 3.63999999999999986e+01 1.99999999999978240e+00
P 3.00000000000000000e+00 3.67500000000000000e+01 9.99999999999921840e-01
L 3.00000000000000000e+00 3.67500000000000000e+01 1.99999999999984368e+00
P 3.00000000000000000e+00 3.70999999999999943e+01 9.99999999999943934e-01
L 3.00000000000000000e+00 3.70999999999999943e+01 1.99999999999988787e+00
P 3.00000000000000000e+00 3.74499999999999957e+01 9.99999999999959699e-01
L 3.00000000000000000e+00 3.74499999999999957e+01 1.99999999999991940e+00
P 3.00000000000000000e+00 3.77999999999999972e+01 9.99999999999971134e-01
L 3.00000000000000000e+00 3.77999999999999972e+01 1.99999999999994227e+00
P 3.00000000000000000e+00 3.81499999999999986e+01 9.99999999999979239e-01
L 3.00000000000000000e+00 3.81499999999999986e+01 1.99999999999995848e+00
P 3.00000000000000000e+00 3.85000000000000000e+01 9.99999999999985123e-01
L 3.00000000000000000e+00 3.85000000000000000e+01 1.99999999999997025e+00
P 3.00000000000000000e+00 3.88499999999999943e+01 9.99999999999989342e-01
L 3.00000000000000000e+00 3.88499999999999943e+01 1.99999999999997868e+00
P 3.00000000000000000e+00 3.91999999999999957e+01 9.99999999999992339e-01
L 3.00000000000000000e+00 3.91999999999999957e+01 1.99999999999998468e+00
P 3.00000000000000000e+00 3.95499999999999972e+01 9.99999999999994560e-01
L 3.00000000000000000e+00 3.95499999999999972e+01 1.99999999999998912e+00
P 3.00000000000000000e+00 3.98999999999999986e+01 9.99999999999996114e-01
L 3.00000000000000000e+00 3.98999999999999986e+01 1.99999999999999223e+00
P 3.00000000000000000e+00 4.02500000000000000e+01 9.99999999999997224e-01
L 3.00000000000000000e+00 4.02500000000000000e+01 1.99999999999999445e+00
P 3.00000000000000000e+00 4.05999999999999943e+01 9.99999999999998002e-01
L 3.00000000000000000e+00 4.05999999999999943e+01 1.99999999999999600e+00
P 3.00000000000000000e+00 4.09499999999999957e+01 9.99999999999998557e-01
L 3.00000000000000000e+00 4.09499999999999957e+01 1.99999999999999711e+00
P 3.00000000000000000e+00 4.12999999999999972e+01 9.99999999999999001e-01
L 3.00000000000000000e+00 4.12999999999999972e+01 1.99999999999999800e+00
P 3.00000000000000000e+00 4.16499999999999986e+01 9.99999999999999223e-01
L 3.00000000000000000e+00 4.16499999999999986e+01 1.99999999999999845e+00
P 3.00000000000000000e+00 4.20000000000000000e+01 9.99999999999999445e-01
L 3.00000000000000000e+00 4.20000000000000000e+01 1.99999999999999889e+00
P 3.00000000000000000e+00 4.23499999999999943e+01 9.99999999999999667e-01
L 3.00000000000000000e+00 4.23499999999999943e+01 1.99999999999999933e+00
P 3.00000000000000000e+00 4.26999999999999957e+01 9.99999999999999778e-01
L 3.00000000000000000e+00 4.26999999999999957e+01 1.99999999999999956e+00
P 3.00000000000000000e+00 4.30499999999999972e+01 9.99999999999999778e-01
L 3.00000000000000000e+00 4.30499999999999972e+01 1.99999999999999956e+00
P 3.00000000000000000e+00 4.33999999999999986e+01 9.99999999999999889e-01
L 3.00000000000000000e+00 4.33999999999999986e+01 1.99999999999999978e+00
P 3.00000000000000000e+00 4.37500000000000000e+01 9.99999999999999889e-01
L 3.00000000000000000e+00 4.37500000000000000e+01 1.99999999999999978e+00
P 3.00000000000000000e+00 4.40999999999999943e+01 9.99999999999999889e-01
L 3.00000000000000000e+00 4.40999999999999943e+01 1.99999999999999978e+00
P 3.00000000000000000e+00 4.44499999999999957e+01 1.00000000000000000e+00
L 3.00000000000000000e+00 4.44499999999999957e+01 2.00000000000000000e+00
P 3.00000000000000000e+00 4.47999999999999972e+01 1.00000000000000000e+00
L 3.00000000000000000e+00 4.47999999999999972e+01 2.00000000000000000e+00
P 3.00000000000000000e+00 4.51499999999999986e+01 1.00000000000000000e+00
L 3.00000000000000000e+00 4.51499999999999986e+01 2.00000000000000000e+00
P 3.00000000000000000e+00 4.55000000000000000e+01 1.00000000000000000e+00
L 3.00000000000000000e+00 4.55000000000000000e+01 2.00000000000000000e+00
P 3.00000000000000000e+00 4.58499999999999943e+01 1.00000000000000000e+00
L 3.00000000000000000e+00 4.58499999999999943e+01 2.00000000000000000e+00
P 3.00000000000000000e+00 4.61999999999999957e+01 1.00000000000000000e+00
L 3.00000000000000000e+00 4.61999999999999957e+01 2.00000000000000000e+00
P 3.00000000000000000e+00 4.65499999999999972e+01 1.00000000000000000e+00
L 3.00000000000000000e+00 4.65499999999999972e+01 2.00000000000000000e+00
P 3.00000000000000000e+00 4.68999999999999986e+01 1.00000000000000000e+00
L 3.00000000000000000e+00 4.68999999999999986e+01 2.00000000000000000e+00
P 3.00000000000000000e+00 4.72500000000000000e+01 1.00000000000000000e+00
L 3.00000000000000000e+00 4.72500000000000000e+01 2.00000000000000000e+00
P 3.00000000000000000e+00 4.75999999999999943e+01 1.00000000000000000e+00
L 3.00000000000000000e+00 4.75999999999999943e+01 2.00000000000000000e+00
P 3.00000000000000000e+00 4.79499999999999957e+01 1.00000000000000000e+00
L 3.00000000000000000e+00 4.79499999999999957e+01 2.00000000000000000e+00
P 3.00000000000000000e+00 4.82999999999999972e+01 1.00000000000000000e+00
L 3.00000000000000000e+00 4.82999999999999972e+01 2.00000000000000000e+00
P 3.00000000000000000e+00 4.86499999999999986e+01 1.00000000000000000e+00
L 3.00000000000000000e+00 4.86499999999999986e+01 2.00000000000000000e+00
P 3.00000000000000000e+00 4.90000000000000000e+01 1.00000000000000000e+00
L 3.00000000000000000e+00 4.90000000000000000e+01 2.00000000000000000e+00
P 3.00000000000000000e+00 4.93499999999999943e+01 1.00000000000000000e+00
L 3.00000000000000000e+00 4.93499999999999943e+01 2.00000000000000000e+00
P 3.00000000000000000e+00 4.96999999999999957e+01 1.00000000000000000e+00
L 3.00000000000000000e+00 4.96999999999999957e+01 2.00000000000000000e+00
P 3.00000000000000000e+00 5.00499999999999972e+01 1.00000000000000000e+00
L 3.00000000000000000e+00 5.00499999999999972e+01 2.00000000000000000e+00
P 3.00000000000000000e+00 5.03999999999999986e+01 1.00000000000000000e+00
L 3.00000000000000000e+00 5.03999999999999986e+01 2.00000000000000000e+00
P 3.00000000000000000e+00 5.07500000000000000e+01 1.00000000000000000e+00
L 3.00000000000000000e+00 5.07500000000000000e+01 2.00000000000000000e+00
P 3.00000000000000000e+00 5.10999999999999943e+01 1.00000000000000000e+00
L 3.00000000000000000e+00 5.10999999999999943e+01 2.00000000000000000e+00
P 3.00000000000000000e+00 5.14499999999999957e+01 1.00000000000000000e+00
L 3.00000000000000000e+00 5.14499999999999957e+01 2.00000000000000000e+00
P 3.00000000000000000e+00 5.17999999999999972e+01 1.00000000000000000e+00
L 3.00000000000000000e+00 5.17999999999999972e+01 2.00000000000000000e+00
P 3.00000000000000000e+00 5.21499999999999986e+01 1.00000000000000000e+00
L 3.00000000000000000e+00 5.21499999999999986e+01 2.00000000000000000e+00
P 3.00000000000000000e+00 5.25000000000000000e+01 1.00000000000000000e+00
L 3.00000000000000000e+00 5.25000000000000000e+01 2.00000000000000000e+00
P 3.00000000000000000e+00 5.28499999999999943e+01 1.00000000000000000e+00
L 3.00000000000000000e+00 5.28499999999999943e+01 2.00000000000000000e+00
P 3.00000000000000000e+00 5.31999999999999957e+01 1.00000000000000000e+00
L 3.00000000000000000e+00 5.31999999999999957e+01 2.00000000000000000e+00
P 3.00000000000000000e+00 5.35499999999999972e+01 1.00000000000000000e+00
L 3.00000000000000000e+00 5.35499999999999972e+01 2.00000000000000000e+00
P 3.00000000000000000e+00 5.38999999999999986e+01 1.00000000000000000e+00
L 3.00000000000000000e+00 5.38999999999999986e+01 2.00000000000000000e+00
P 3.00000000000000000e+00 5.42500000000000000e+01 1.00000000000000000e+00
L 3.00000000000000000e+00 5.42500000000000000e+01 2.00000000000000000e+00
P 3.00000000000000000e+00 5.45999999999999943e+01 1.00000000000000000e+00
L 3.00000000000000000e+00 5.45999999999999943e+01 2.00000000000000000e+00
P 3.00000000000000000e+00 5.49499999999999957e+01 1.00000000000000000e+00
L 3.00000000000000000e+00 5.49499999999999957e+01 2.00000000000000000e+00
P 3.00000000000000000e+00 5.52999999999999972e+01 1.00000000000000000e+00
L 3.00000000000000000e+00 5.52999999999999972e+01 2.00000000000000000e+00
P 3.00000000000000000e+00 5.56499999999999986e+01 1.00000000000000000e+00
L 3.00000000000000000e+00 5.56499999999999986e+01 2.00000000000000000e+00
P 3.00000000000000000e+00 5.60000000000000000e+01 1.00000000000000000e+00
L 3.00000000000000000e+00 5.60000000000000000e+01 2.00000000000000000e+00
P 3.00000000000000000e+00 5.63499999999999943e+01 1.00000000000000000e+00
L 3.00000000000000000e+00 5.63499999999999943e+01 2.00000000000000000e+00
P 3.00000000000000000e+00 5.66999999999999957e+01 1.00000000000000000e+00
L 3.00000000000000000e+00 5.66999999999999957e+01 2.00000000000000000e+00
P 3.00000000000000000e+00 5.70499999999999972e+01 1.00000000000000000e+00
L 3.00000000000000000e+00 5.70499999999999972e+01 2.00000000000000000e+00
P 3.00000000000000000e+00 5.73999999999999986e+01 1.00000000000000000e+00
L 3.00000000000000000e+00 5.73999999999999986e+01 2.00000000000000000e+00
P 3.00000000000000000e+00 5.77499999999999929e+01 1.00000000000000000e+00
L 3.00000000000000000e+00 5.77499999999999929e+01 2.00000000000000000e+00
P 3.00000000000000000e+00 5.80999999999999943e+01 1.00000000000000000e+00
L 3.00000000000000000e+00 5.80999999999999943e+01 2.00000000000000000e+00
P 3.00000000000000000e+00 5.84499999999999957e+01 1.00000000000000000e+00
L 3.00000000000000000e+00 5.84499999999999957e+01 2.00000000000000000e+00
P 3.00000000000000000e+00 5.87999999999999972e+01 1.00000000000000000e+00
L 3.00000000000000000e+00 5.87999999999999972e+01 2.00000000000000000e+00
P 3.00000000000000000e+00 5.91499999999999986e+01 1.00000000000000000e+00
L 3.00000000000000000e+00 5.91499999999999986e+01 2.00000000000000000e+00
P 3.00000000000000000e+00 5.94999999999999929e+01 1.00000000000000000e+00
L 3.00000000000000000e+00 5.94999999999999929e+01 2.00000000000000000e+00
P 3.00000000000000000e+00 5.98499999999999943e+01 1.00000000000000000e+00
L 3.00000000000000000e+00 5.98499999999999943e+01 2.00000000000000000e+00
P 3.00000000000000000e+00 6.01999999999999957e+01 1.00000000000000000e+00
L 3.00000000000000000e+00 6.01999999999999957e+01 2.00000000000000000e+00
P 3.00000000000000000e+00 6.05499999999999972e+01 1.00000000000000000e+00
L 3.00000000000000000e+00 6.05499999999999972e+01 2.00000000000000000e+00
P 3.00000000000000000e+00 6.08999999999999986e+01 1.00000000000000000e+00
L 3.00000000000000000e+00 6.08999999999999986e+01 2.00000000000000000e+00
P 3.00000000000000000e+00 6.12499999999999929e+01 1.00000000000000000e+00
L 3.00000000000000000e+00 6.12499999999999929e+01 2.00000000000000000e+00
P 3.00000000000000000e+00 6.15999999999999943e+01 1.00000000000000000e+00
L 3.00000000000000000e+00 6.15999999999999943e+01 2.00000000000000000e+00
P 3.00000000000000000e+00 6.19499999999999957e+01 1.00000000000000000e+00
L 3.00000000000000000e+00 6.19499999999999957e+01 2.00000000000000000e+00
P 3.00000000000000000e+00 6.22999999999999972e+01 1.00000000000000000e+00
L 3.00000000000000000e+00 6.22999999999999972e+01 2.00000000000000000e+00
P 3.00000000000000000e+00 6.26499999999999986e+01 1.00000000000000000e+00
L 3.00000000000000000e+00 6.26499999999999986e+01 2.00000000000000000e+00
P 3.00000000000000000e+00 6.29999999999999929e+01 1.00000000000000000e+00
L 3.00000000000000000e+00 6.29999999999999929e+01 2.00000000000000000e+00
P 3.00000000000000000e+00 6.33499999999999943e+01 1.00000000000000000e+00
L 3.00000000000000000e+00 6.33499999999999943e+01 2.00000000000000000e+00
P 3.00000000000000000e+00 6.36999999999999957e+01 1.00000000000000000e+00
L 3.00000000000000000e+00 6.36999999999999957e+01 2.00000000000000000e+00
P 3.00000000000000000e+00 6.40499999999999972e+01 1.00000000000000000e+00
L 3.00000000000000000e+00 6.40499999999999972e+01 2.00000000000000000e+00
P 3.00000000000000000e+00 6.43999999999999915e+01 1.00000000000000000e+00
L 3.00000000000000000e+00 6.43999999999999915e+01 2.00000000000000000e+00
P 3.00000000000000000e+00 6.47500000000000000e+01 1.00000000000000000e+00
L 3.00000000000000000e+00 6.47500000000000000e+01 2.00000000000000000e+00
P 3.00000000000000000e+00 6.50999999999999943e+01 1.00000000000000000e+00
L 3.00000000000000000e+00 6.50999999999999943e+01 2.00000000000000000e+00
P 3.00000000000000000e+00 6.54500000000000028e+01 1.00000000000000000e+00
L 3.00000000000000000e+00 6.54500000000000028e+01 2.00000000000000000e+00
P 3.00000000000000000e+00 6.57999999999999972e+01 1.00000000000000000e+00
L 3.00000000000000000e+00 6.57999999999999972e+01 2.00000000000000000e+00
P 3.00000000000000000e+00 6.61499999999999915e+01 1.00000000000000000e+00
L 3.00000000000000000e+00 6.61499999999999915e+01 2.00000000000000000e+00
P 3.00000000000000000e+00 6.65000000000000000e+01 1.00000000000000000e+00
L 3.00000000000000000e+00 6.65000000000000000e+01 2.00000000000000000e+00
P 3.00000000000000000e+00 6.68499999999999943e+01 1.00000000000000000e+00
L 3.00000000000000000e+00 6.68499999999999943e+01 2.00000000000000000e+00
P 3.00000000000000000e+00 6.71999999999999886e+01 1.00000000000000000e+00
L 3.00000000000000000e+00 6.71999999999999886e+01 2.00000000000000000e+00
P 3.00000000000000000e+00 6.75499999999999972e+01 1.00000000000000000e+00
L 3.00000000000000000e+00 6.75499999999999972e+01 2.00000000000000000e+00
P 3.00000000000000000e+00 6.78999999999999915e+01 1.00000000000000000e+00
L 3.00000000000000000e+00 6.78999999999999915e+01 2.00000000000000000e+00
P 3.00000000000000000e+00 6.82500000000000000e+01 1.00000000000000000e+00
L 3.00000000000000000e+00 6.82500000000000000e+01 2.00000000000000000e+00
P 3.00000000000000000e+00 6.85999999999999943e+01 1.00000000000000000e+00
L 3.00000000000000000e+00 6.85999999999999943e+01 2.00000000000000000e+00
P 3.00000000000000000e+00 6.89499999999999886e+01 1.00000000000000000e+00
L 3.00000000000000000e+00 6.89499999999999886e+01 2.00000000000000000e+00
P 3.00000000000000000e+00 6.92999999999999972e+01 1.00000000000000000e+00
L 3.00000000000000000e+00 6.92999999999999972e+01 2.00000000000000000e+00
P 3.00000000000000000e+00 6.96499999999999915e+01 1.00000000000000000e+00
L 3.00000000000000000e+00 6.96499999999999915e+01 2.00000000000000000e+00
P 3.00000000000000000e+00 7.00000000000000000e+01 1.00000000000000000e+00
L 3.00000000000000000e+00 7.00000000000000000e+01 2.00000000000000000e+00
P 3.00000000000000000e+00 7.03499999999999943e+01 1.00000000000000000e+00
L 3.00000000000000000e+00 7.03499999999999943e+01 2.00000000000000000e+00
P 3.00000000000000000e+00 7.06999999999999886e+01 1.00000000000000000e+00
L 3.00000000000000000e+00 7.06999999999999886e+01 2.00000000000000000e+00
P 3.00000000000000000e+00 7.10499999999999972e+01 1.00000000000000000e+00
L 3.00000000000000000e+00 7.10499999999999972e+01 2.00000000000000000e+00
P 3.00000000000000000e+00 7.13999999999999915e+01 1.00000000000000000e+00
L 3.00000000000000000e+00 7.13999999999999915e+01 2.00000000000000000e+00
P 3.00000000000000000e+00 7.17500000000000000e+01 1.00000000000000000e+00
L 3.00000000000000000e+00 7.17500000000000000e+01 2.00000000000000000e+00
P 3.00000000000000000e+00 7.20999999999999943e+01 1.00000000000000000e+00
L 3.00000000000000000e+00 7.20999999999999943e+01 2.00000000000000000e+00
P 3.00000000000000000e+00 7.24499999999999886e+01 1.00000000000000000e+00
L 3.00000000000000000e+00 7.24499999999999886e+01 2.00000000000000000e+00
P 3.00000000000000000e+00 7.27999999999999972e+01 1.00000000000000000e+00
L 3.00000000000000000e+00 7.27999999999999972e+01 2.00000000000000000e+00
P 3.00000000000000000e+00 7.31499999999999915e+01 1.00000000000000000e+00
L 3.00000000000000000e+00 7.31499999999999915e+01 2.00000000000000000e+00
P 3.00000000000000000e+00 7.35000000000000000e+01 1.00000000000000000e+00
L 3.00000000000000000e+00 7.35000000000000000e+01 2.00000000000000000e+00
P 3.00000000000000000e+00 7.38499999999999943e+01 1.00000000000000000e+00
L 3.00000000000000000e+00 7.38499999999999943e+01 2.00000000000000000e+00
P 3.00000000000000000e+00 7.41999999999999886e+01 1.00000000000000000e+00
L 3.00000000000000000e+00 7.41999999999999886e+01 2.00000000000000000e+00
P 3.00000000000000000e+00 7.45499999999999972e+01 1.00000000000000000e+00
L 3.00000000000000000e+00 7.45499999999999972e+01 2.00000000000000000e+00
P 3.00000000000000000e+00 7.48999999999999915e+01 1.00000000000000000e+00
L 3.00000000000000000e+00 7.48999999999999915e+01 2.00000000000000000e+00
P 3.00000000000000000e+00 7.52500000000000000e+01 1.00000000000000000e+00
L 3.00000000000000000e+00 7.52500000000000000e+01 2.00000000000000000e+00
P 3.00000000000000000e+00 7.55999999999999943e+01 1.00000000000000000e+00
L 3.00000000000000000e+00 7.55999999999999943e+01 2.00000000000000000e+00
P 3.00000000000000000e+00 7.59499999999999886e+01 1.00000000000000000e+00
L 3.00000000000000000e+00 7.59499999999999886e+01 2.00000000000000000e+00
P 3.00000000000000000e+00 7.62999999999999972e+01 1.00000000000000000e+00
L 3.00000000000000000e+00 7.62999999999999972e+01 2.00000000000000000e+00
P 3.00000000000000000e+00 7.66499999999999915e+01 1.00000000000000000e+00
L 3.00000000000000000e+00 7.66499999999999915e+01 2.00000000000000000e+00
P 3.00000000000000000e+00 7.70000000000000000e+01 1.00000000000000000e+00
L 3.00000000000000000e+00 7.70000000000000000e+01 2.00000000000000000e+00
P 5.00000000000000000e+00 3.49999999999999978e-01 3.27361747531324830e-05
L 5.00000000000000000e+00 3.49999999999999978e-01 7.85668194075179538e-04
P 5.00000000000000000e+00 6.99999999999999956e-01 7.85535448953021535e-04
L 5.00000000000000000e+00 6.99999999999999956e-01 1.88528507748725177e-02
P 5.00000000000000000e+00 1.04999999999999982e+00 4.48533560732602889e-03
L 5.00000000000000000e+00 1.04999999999999982e+00 1.07648054575824687e-01
P 5.00000000000000000e+00 1.39999999999999991e+00 1.42532963398222350e-02
L 5.00000000000000000e+00 1.39999999999999991e+00 3.42079112155733611e-01
P 5.00000000000000000e+00 1.75000000000000000e+00 3.29016197263882204e-02
L 5.00000000000000000e+00 1.75000000000000000e+00 7.89638873433317290e-01
P 5.00000000000000000e+00 2.09999999999999964e+00 6.21261151800024530e-02
L 5.00000000000000000e+00 2.09999999999999964e+00 1.49102676432005898e+00
P 5.00000000000000000e+00 2.44999999999999973e+00 1.02242852598458320e-01
L 5.00000000000000000e+00 2.44999999999999973e+00 2.45382846236299956e+00
P 5.00000000000000000e+00 2.79999999999999982e+00 1.52323943021161173e-01
L 5.00000000000000000e+00 2.79999999999999982e+00 3.65577463250786838e+00
P 5.00000000000000000e+00 3.14999999999999991e+00 2.10539719332325459e-01
L 5.00000000000000000e+00 3.14999999999999991e+00 5.05295326397581057e+00
P 5.00000000000000000e+00 3.50000000000000000e+00 2.74555046690394877e-01
L 5.00000000000000000e+00 3.50000000000000000e+00 6.58932112056947705e+00
P 5.00000000000000000e+00 3.84999999999999964e+00 3.41886018907135214e-01
L 5.00000000000000000e+00 3.84999999999999964e+00 8.20526445377124602e+00
P 5.00000000000000000e+00 4.19999999999999929e+00 4.10172978689421430e-01
L 5.00000000000000000e+00 4.19999999999999929e+00 9.84415148854611388e+00
P 5.00000000000000000e+00 4.54999999999999982e+00 4.77359717728433108e-01
L 5.00000000000000000e+00 4.54999999999999982e+00 1.14566332254823955e+01
P 5.00000000000000000e+00 4.89999999999999947e+00 5.41788131772203196e-01
L 5.00000000000000000e+00 4.89999999999999947e+00 1.30029151625328758e+01
P 5.00000000000000000e+00 5.25000000000000000e+00 6.02226318923770543e-01
L 5.00000000000000000e+00 5.25000000000000000e+00 1.44534316541704939e+01
P 5.00000000000000000e+00 5.59999999999999964e+00 6.57849982623212370e-01
L 5.00000000000000000e+00 5.59999999999999964e+00 1.57883995829570978e+01
P 5.00000000000000000e+00 5.94999999999999929e+00 7.08195100787771037e-01
L 5.00000000000000000e+00 5.94999999999999929e+00 1.69966824189065058e+01
P 5.00000000000000000e+00 6.29999999999999982e+00 7.53096266994548347e-01
L 5.00000000000000000e+00 6.29999999999999982e+00 1.80743104078691594e+01
P 5.00000000000000000e+00 6.64999999999999947e+00 7.92621203227985571e-01
L 5.00000000000000000e+00 6.64999999999999947e+00 1.90229088774716537e+01
P 5.00000000000000000e+00 7.00000000000000000e+00 8.27008392117925872e-01
L 5.00000000000000000e+00 7.00000000000000000e+00 1.98482014108302209e+01
P 5.00000000000000000e+00 7.34999999999999964e+00 8.56611886993553506e-01
L 5.00000000000000000e+00 7.34999999999999964e+00 2.05586852878452859e+01
P 5.00000000000000000e+00 7.69999999999999929e+00 8.81855197433334514e-01
L 5.00000000000000000e+00 7.69999999999999929e+00 2.11645247384000292e+01
P 5.00000000000000000e+00 8.04999999999999893e+00 9.03194654657836327e-01
L 5.00000000000000000e+00 8.04999999999999893e+00 2.16766717117880710e+01
P 5.00000000000000000e+00 8.39999999999999858e+00 9.21091717325469128e-01
L 5.00000000000000000e+00 8.39999999999999858e+00 2.21062012158112609e+01
P 5.00000000000000000e+00 8.75000000000000000e+00 9.35993153333626871e-01
L 5.00000000000000000e+00 8.75000000000000000e+00 2.24638356800070440e+01
P 5.00000000000000000e+00 9.09999999999999964e+00 9.48317806446084322e-01
L 5.00000000000000000e+00 9.09999999999999964e+00 2.27596273547060228e+01
P 5.00000000000000000e+00 9.44999999999999929e+00 9.58448627505379069e-01
L 5.00000000000000000e+00 9.44999999999999929e+00 2.30027670601290986e+01
P 5.00000000000000000e+00 9.79999999999999893e+00 9.66728740902052852e-01
L 5.00000000000000000e+00 9.79999999999999893e+00 2.32014897816492685e+01
P 5.00000000000000000e+00 1.01499999999999986e+01 9.73460471282491135e-01
L 5.00000000000000000e+00 1.01499999999999986e+01 2.33630513107797881e+01
P 5.00000000000000000e+00 1.05000000000000000e+01 9.78906434412559090e-01
L 5.00000000000000000e+00 1.05000000000000000e+01 2.34937544259014182e+01
P 5.00000000000000000e+00 1.08499999999999996e+01 9.83291974866376650e-01
L 5.00000000000000000e+00 1.08499999999999996e+01 2.35990073967930414e+01
P 5.00000000000000000e+00 1.11999999999999993e+01 9.86808397308317709e-01
L 5.00000000000000000e+00 1.11999999999999993e+01 2.36834015353996250e+01
P 5.00000000000000000e+00 1.15499999999999989e+01 9.89616580371608712e-01
L 5.00000000000000000e+00 1.15499999999999989e+01 2.37507979289186082e+01
P 5.00000000000000000e+00 1.18999999999999986e+01 9.91850680114793271e-01
L 5.00000000000000000e+00 1.18999999999999986e+01 2.38044163227550385e+01
P 5.00000000000000000e+00 1.22500000000000000e+01 9.93621724346056334e-01
L 5.00000000000000000e+00 1.22500000000000000e+01 2.38469213843053538e+01
P 5.00000000000000000e+00 1.25999999999999996e+01 9.95020972000871584e-01
L 5.00000000000000000e+00 1.25999999999999996e+01 2.38805033280209180e+01
P 5.00000000000000000e+00 1.29499999999999993e+01 9.96122966270122312e-01
L 5.00000000000000000e+00 1.29499999999999993e+01 2.39069511904829355e+01
P 5.00000000000000000e+00 1.32999999999999989e+01 9.96988249529475623e-01
L 5.00000000000000000e+00 1.32999999999999989e+01 2.39277179887074141e+01
P 5.00000000000000000e+00 1.36499999999999986e+01 9.97665735393268527e-01
L 5.00000000000000000e+00 1.36499999999999986e+01 2.39439776494384446e+01
P 5.00000000000000000e+00 1.40000000000000000e+01 9.98194751150823456e-01
L 5.00000000000000000e+00 1.40000000000000000e+01 2.39566740276197621e+01
P 5.00000000000000000e+00 1.43499999999999996e+01 9.98606774772747285e-01
L 5.00000000000000000e+00 1.43499999999999996e+01 2.39665625945459340e+01
P 5.00000000000000000e+00 1.46999999999999993e+01 9.98926896509850115e-01
L 5.00000000000000000e+00 1.46999999999999993e+01 2.39742455162364010e+01
P 5.00000000000000000e+00 1.50499999999999989e+01 9.99175037365196306e-01
L 5.00000000000000000e+00 1.50499999999999989e+01 2.39802008967647104e+01
P 5.00000000000000000e+00 1.53999999999999986e+01 9.99366956571277609e-01
L 5.00000000000000000e+00 1.53999999999999986e+01 2.39848069577106635e+01
P 5.00000000000000000e+00 1.57499999999999982e+01 9.99515078528871337e-01
L 5.00000000000000000e+00 1.57499999999999982e+01 2.39883618846929139e+01
P 5.00000000000000000e+00 1.60999999999999979e+01 9.99629167104120864e-01
L 5.00000000000000000e+00 1.60999999999999979e+01 2.39911000104989007e+01
P 5.00000000000000000e+00 1.64499999999999993e+01 9.99716872190500538e-01
L 5.00000000000000000e+00 1.64499999999999993e+01 2.39932049325720129e+01
P 5.00000000000000000e+00 1.67999999999999972e+01 9.99784170333009259e-01
L 5.00000000000000000e+00 1.67999999999999972e+01 2.39948200879922240e+01
P 5.00000000000000000e+00 1.71499999999999986e+01 9.99835718185101086e-01
L 5.00000000000000000e+00 1.71499999999999986e+01 2.39960572364424252e+01
P 5.00000000000000000e+00 1.75000000000000000e+01 9.99875134747214123e-01
L 5.00000000000000000e+00 1.75000000000000000e+01 2.39970032339331389e+01
P 5.00000000000000000e+00 1.78499999999999979e+01 9.99905225785183482e-01
L 5.00000000000000000e+00 1.78499999999999979e+01 2.39977254188444036e+01
P 5.00000000000000000e+00 1.81999999999999993e+01 9.99928161574744401e-01
L 5.00000000000000000e+00 1.81999999999999993e+01 2.39982758777938656e+01
P 5.00000000000000000e+00 1.85499999999999972e+01 9.99945617165805656e-01
L 5.00000000000000000e+00 1.85499999999999972e+01 2.39986948119793340e+01
P 5.00000000000000000e+00 1.88999999999999986e+01 9.99958882692903450e-01
L 5.00000000000000000e+00 1.88999999999999986e+01 2.39990131846296819e+01
P 5.00000000000000000e+00 1.92500000000000000e+01 9.99968949851886113e-01
L 5.00000000000000000e+00 1.92500000000000000e+01 2.39992547964452676e+01
P 5.00000000000000000e+00 1.95999999999999979e+01 9.99976579489439965e-01
L 5.00000000000000000e+00 1.95999999999999979e+01 2.39994379077465609e+01
P 5.00000000000000000e+00 1.99499999999999993e+01 9.99982354281728880e-01
L 5.00000000000000000e+00 1.99499999999999993e+01 2.39995765027614922e+01
P 5.00000000000000000e+00 2.02999999999999972e+01 9.99986719682524505e-01
L 5.00000000000000000e+00 2.02999999999999972e+01 2.39996812723805881e+01
P 5.00000000000000000e+00 2.06499999999999986e+01 9.99990015673110966e-01
L 5.00000000000000000e+00 2.06499999999999986e+01 2.39997603761546614e+01
P 5.00000000000000000e+00 2.10000000000000000e+01 9.99992501321646854e-01
L 5.00000000000000000e+00 2.10000000000000000e+01 2.39998200317195227e+01
P 5.00000000000000000e+00 2.13499999999999979e+01 9.99994373737625453e-01
L 5.00000000000000000e+00 2.13499999999999979e+01 2.39998649697030118e+01
P 5.00000000000000000e+00 2.16999999999999993e+01 9.99995782669275801e-01
L 5.00000000000000000e+00 2.16999999999999993e+01 2.39998987840626192e+01
P 5.00000000000000000e+00 2.20499999999999972e+01 9.99996841722555097e-01
L 5.00000000000000000e+00 2.20499999999999972e+01 2.39999242013413223e+01
P 5.00000000000000000e+00 2.23999999999999986e+01 9.99997636966899806e-01
L 5.00000000000000000e+00 2.23999999999999986e+01 2.39999432872055962e+01
P 5.00000000000000000e+00 2.27500000000000000e+01 9.99998233524220459e-01
L 5.00000000000000000e+00 2.27500000000000000e+01 2.39999576045812901e+01
P 5.00000000000000000e+00 2.30999999999999979e+01 9.99998680604847756e-01
L 5.00000000000000000e+00 2.30999999999999979e+01 2.39999683345163461e+01
P 5.00000000000000000e+00 2.34499999999999993e+01 9.99999015349982590e-01
L 5.00000000000000000e+00 2.34499999999999993e+01 2.39999763683995830e+01
P 5.00000000000000000e+00 2.37999999999999972e+01 9.99999265758759526e-01
L 5.00000000000000000e+00 2.37999999999999972e+01 2.39999823782102268e+01
P 5.00000000000000000e+00 2.41499999999999986e+01 9.99999452914536957e-01
L 5.00000000000000000e+00 2.41499999999999986e+01 2.39999868699488879e+01
P 5.00000000000000000e+00 2.45000000000000000e+01 9.99999592675669513e-01
L 5.00000000000000000e+00 2.45000000000000000e+01 2.39999902242160701e+01
P 5.00000000000000000e+00 2.48499999999999979e+01 9.99999696957742490e-01
L 5.00000000000000000e+00 2.48499999999999979e+01 2.39999927269858198e+01
P 5.00000000000000000e+00 2.51999999999999993e+01 9.99999774704648181e-01
L 5.00000000000000000e+00 2.51999999999999993e+01 2.39999945929115555e+01
P 5.00000000000000000e+00 2.55499999999999972e+01 9.99999832623041152e-01
L 5.00000000000000000e+00 2.55499999999999972e+01 2.39999959829529885e+01
P 5.00000000000000000e+00 2.58999999999999986e+01 9.99999875737123456e-01
L 5.00000000000000000e+00 2.58999999999999986e+01 2.39999970176909621e+01
P 5.00000000000000000e+00 2.62500000000000000e+01 9.99999907807199051e-01
L 5.00000000000000000e+00 2.62500000000000000e+01 2.39999977873727772e+01
P 5.00000000000000000e+00 2.65999999999999979e+01 9.99999931645077389e-01
L 5.00000000000000000e+00 2.65999999999999979e+01 2.39999983594818573e+01
P 5.00000000000000000e+00 2.69499999999999993e+01 9.99999949351475959e-01
L 5.00000000000000000e+00 2.69499999999999993e+01 2.39999987844354230e+01
P 5.00000000000000000e+00 2.72999999999999972e+01 9.99999962494515837e-01
L 5.00000000000000000e+00 2.72999999999999972e+01 2.39999990998683792e+01
P 5.00000000000000000e+00 2.76499999999999986e+01 9.99999972243783009e-01
L 5.00000000000000000e+00 2.76499999999999986e+01 2.39999993338507913e+01
P 5.00000000000000000e+00 2.80000000000000000e+01 9.99999979470915568e-01
L 5.00000000000000000e+00 2.80000000000000000e+01 2.39999995073019718e+01
P 5.00000000000000000e+00 2.83499999999999979e+01 9.99999984824997634e-01
L 5.00000000000000000e+00 2.83499999999999979e+01 2.39999996357999450e+01
P 5.00000000000000000e+00 2.86999999999999993e+01 9.99999988789016969e-01
L 5.00000000000000000e+00 2.86999999999999993e+01 2.39999997309364090e+01
P 5.00000000000000000e+00 2.90499999999999972e+01 9.99999991722102854e-01
L 5.00000000000000000e+00 2.90499999999999972e+01 2.39999998013304676e+01
P 5.00000000000000000e+00 2.93999999999999986e+01 9.99999993891097172e-01
L 5.00000000000000000e+00 2.93999999999999986e+01 2.39999998533863312e+01
P 5.00000000000000000e+00 2.97499999999999964e+01 9.99999995494131211e-01
L 5.00000000000000000e+00 2.97499999999999964e+01 2.39999998918591473e+01
P 5.00000000000000000e+00 3.00999999999999979e+01 9.99999996678218039e-01
L 5.00000000000000000e+00 3.00999999999999979e+01 2.39999999202772329e+01
P 5.00000000000000000e+00 3.04499999999999993e+01 9.99999997552369457e-01
L 5.00000000000000000e+00 3.04499999999999993e+01 2.39999999412568670e+01
P 5.00000000000000000e+00 3.07999999999999972e+01 9.99999998197365958e-01
L 5.00000000000000000e+00 3.07999999999999972e+01 2.39999999567367830e+01
P 5.00000000000000000e+00 3.11499999999999986e+01 9.99999998673030799e-01
L 5.00000000000000000e+00 3.11499999999999986e+01 2.39999999681527392e+01
P 5.00000000000000000e+00 3.14999999999999964e+01 9.99999999023639563e-01
L 5.00000000000000000e+00 3.14999999999999964e+01 2.39999999765673486e+01
P 5.00000000000000000e+00 3.18499999999999979e+01 9.99999999281941498e-01
L 5.00000000000000000e+00 3.18499999999999979e+01 2.39999999827665960e+01
P 5.00000000000000000e+00 3.21999999999999957e+01 9.99999999472145684e-01
L 5.00000000000000000e+00 3.21999999999999957e+01 2.39999999873314955e+01
P 5.00000000000000000e+00 3.25499999999999972e+01 9.99999999612138257e-01
L 5.00000000000000000e+00 3.25499999999999972e+01 2.39999999906913182e+01
P 5.00000000000000000e+00 3.28999999999999986e+01 9.99999999715126320e-01
L 5.00000000000000000e+00 3.28999999999999986e+01 2.39999999931630299e+01
P 5.00000000000000000e+00 3.32500000000000000e+01 9.99999999790856631e-01
L 5.00000000000000000e+00 3.32500000000000000e+01 2.39999999949805591e+01
P 5.00000000000000000e+00 3.35999999999999943e+01 9.99999999846518550e-01
L 5.00000000000000000e+00 3.35999999999999943e+01 2.39999999963164470e+01
P 5.00000000000000000e+00 3.39499999999999957e+01 9.99999999887412172e-01
L 5.00000000000000000e+00 3.39499999999999957e+01 2.39999999972978912e+01
P 5.00000000000000000e+00 3.42999999999999972e+01 9.99999999917442928e-01
L 5.00000000000000000e+00 3.42999999999999972e+01 2.39999999980186303e+01
P 5.00000000000000000e+00 3.46499999999999986e+01 9.99999999939487183e-01
L 5.00000000000000000e+00 3.46499999999999986e+01 2.39999999985476933e+01
P 5.00000000000000000e+00 3.50000000000000000e+01 9.99999999955662133e-01
L 5.00000000000000000e+00 3.50000000000000000e+01 2.39999999989358912e+01
P 5.00000000000000000e+00 3.53499999999999943e+01 9.99999999967525754e-01
L 5.00000000000000000e+00 3.53499999999999943e+01 2.39999999992206199e+01
P 5.00000000000000000e+00 3.56999999999999957e+01 9.99999999976223797e-01
L 5.00000000000000000e+00 3.56999999999999957e+01 2.39999999994293702e+01
P 5.00000000000000000e+00 3.60499999999999972e+01 9.99999999982598364e-01
L 5.00000000000000000e+00 3.60499999999999972e+01 2.39999999995823607e+01
P 5.00000000000000000e+00 3.63999999999999986e+01 9.99999999987268406e-01
L 5.00000000000000000e+00 3.63999999999999986e+01 2.39999999996944418e+01
P 5.00000000000000000e+00 3.67500000000000000e+01 9.99999999990688337e-01
L 5.00000000000000000e+00 3.67500000000000000e+01 2.39999999997765201e+01
P 5.00000000000000000e+00 3.70999999999999943e+01 9.99999999993192001e-01
L 5.00000000000000000e+00 3.70999999999999943e+01 2.39999999998366071e+01
P 5.00000000000000000e+00 3.74499999999999957e+01 9.99999999995024202e-01
L 5.00000000000000000e+00 3.74499999999999957e+01 2.39999999998805791e+01
P 5.00000000000000000e+00 3.77999999999999972e+01 9.99999999996364464e-01
L 5.00000000000000000e+00 3.77999999999999972e+01 2.39999999999127454e+01
P 5.00000000000000000e+00 3.81499999999999986e+01 9.99999999997344569e-01
L 5.00000000000000000e+00 3.81499999999999986e+01 2.39999999999362714e+01
P 5.00000000000000000e+00 3.85000000000000000e+01 9.99999999998061107e-01
L 5.00000000000000000e+00 3.85000000000000000e+01 2.39999999999534666e+01
P 5.00000000000000000e+00 3.88499999999999943e+01 9.99999999998584688e-01
L 5.00000000000000000e+00 3.88499999999999943e+01 2.39999999999660325e+01
P 5.00000000000000000e+00 3.91999999999999957e+01 9.99999999998967160e-01
L 5.00000000000000000e+00 3.91999999999999957e+01 2.39999999999752127e+01
P 5.00000000000000000e+00 3.95499999999999972e+01 9.99999999999246603e-01
L 5.00000000000000000e+00 3.95499999999999972e+01 2.39999999999819167e+01
P 5.00000000000000000e+00 3.98999999999999986e+01 9.99999999999450551e-01
L 5.00000000000000000e+00 3.98999999999999986e+01 2.39999999999868123e+01
P 5.00000000000000000e+00 4.02500000000000000e+01 9.99999999999599432e-01
L 5.00000000000000000e+00 4.02500000000000000e+01 2.39999999999903864e+01
P 5.00000000000000000e+00 4.05999999999999943e+01 9.99999999999708011e-01
L 5.00000000000000000e+00 4.05999999999999943e+01 2.39999999999929940e+01
P 5.00000000000000000e+00 4.09499999999999957e+01 9.99999999999787281e-01
L 5.00000000000000000e+00 4.09499999999999957e+01 2.39999999999948948e+01
P 5.00000000000000000e+00 4.12999999999999972e+01 9.99999999999845013e-01
L 5.00000000000000000e+00 4.12999999999999972e+01 2.39999999999962803e+01
P 5.00000000000000000e+00 4.16499999999999986e+01 9.99999999999887090e-01
L 5.00000000000000000e+00 4.16499999999999986e+01 2.39999999999972893e+01
P 5.00000000000000000e+00 4.20000000000000000e+01 9.99999999999917843e-01
L 5.00000000000000000e+00 4.20000000000000000e+01 2.39999999999980282e+01
P 5.00000000000000000e+00 4.23499999999999943e+01 9.99999999999940159e-01
L 5.00000000000000000e+00 4.23499999999999943e+01 2.39999999999985647e+01
P 5.00000000000000000e+00 4.26999999999999957e+01 9.99999999999956479e-01
L 5.00000000000000000e+00 4.26999999999999957e+01 2.39999999999989555e+01
P 5.00000000000000000e+00 4.30499999999999972e+01 9.99999999999968359e-01
L 5.00000000000000000e+00 4.30499999999999972e+01 2.39999999999992397e+01
P 5.00000000000000000e+00 4.33999999999999986e+01 9.99999999999977018e-01
L 5.00000000000000000e+00 4.33999999999999986e+01 2.39999999999994493e+01
P 5.00000000000000000e+00 4.37500000000000000e+01 9.99999999999983236e-01
L 5.00000000000000000e+00 4.37500000000000000e+01 2.39999999999995985e+01
P 5.00000000000000000e+00 4.40999999999999943e+01 9.99999999999987788e-01
L 5.00000000000000000e+00 4.40999999999999943e+01 2.39999999999997087e+01
P 5.00000000000000000e+00 4.44499999999999957e+01 9.99999999999991118e-01
L 5.00000000000000000e+00 4.44499999999999957e+01 2.39999999999997868e+01
P 5.00000000000000000e+00 4.47999999999999972e+01 9.99999999999993561e-01
L 5.00000000000000000e+00 4.47999999999999972e+01 2.39999999999998437e+01
P 5.00000000000000000e+00 4.51499999999999986e+01 9.99999999999995337e-01
L 5.00000000000000000e+00 4.51499999999999986e+01 2.39999999999998863e+01
P 5.00000000000000000e+00 4.55000000000000000e+01 9.99999999999996558e-01
L 5.00000000000000000e+00 4.55000000000000000e+01 2.39999999999999183e+01
P 5.00000000000000000e+00 4.58499999999999943e+01 9.99999999999997558e-01
L 5.00000000000000000e+00 4.58499999999999943e+01 2.39999999999999432e+01
P 5.00000000000000000e+00 4.61999999999999957e+01 9.99999999999998224e-01
L 5.00000000000000000e+00 4.61999999999999957e+01 2.39999999999999574e+01
P 5.00000000000000000e+00 4.65499999999999972e+01 9.99999999999998668e-01
L 5.00000000000000000e+00 4.65499999999999972e+01 2.39999999999999680e+01
P 5.00000000000000000e+00 4.68999999999999986e+01 9.99999999999999112e-01
L 5.00000000000000000e+00 4.68999999999999986e+01 2.39999999999999787e+01
P 5.00000000000000000e+00 4.72500000000000000e+01 9.99999999999999334e-01
L 5.00000000000000000e+00 4.72500000000000000e+01 2.39999999999999858e+01
P 5.00000000000000000e+00 4.75999999999999943e+01 9.99999999999999556e-01
L 5.00000000000000000e+00 4.75999999999999943e+01 2.39999999999999893e+01
P 5.00000000000000000e+00 4.79499999999999957e+01 9.99999999999999667e-01
L 5.00000000000000000e+00 4.79499999999999957e+01 2.39999999999999929e+01
P 5.00000000000000000e+00 4.82999999999999972e+01 9.99999999999999778e-01
L 5.00000000000000000e+00 4.82999999999999972e+01 2.39999999999999929e+01
P 5.00000000000000000e+00 4.86499999999999986e+01 9.99999999999999778e-01
L 5.00000000000000000e+00 4.86499999999999986e+01 2.39999999999999929e+01
P 5.00000000000000000e+00 4.90000000000000000e+01 9.99999999999999889e-01
L 5.00000000000000000e+00 4.90000000000000000e+01 2.39999999999999964e+01
P 5.00000000000000000e+00 4.93499999999999943e+01 9.99999999999999889e-01
L 5.00000000000000000e+00 4.93499999999999943e+01 2.39999999999999964e+01
P 5.00000000000000000e+00 4.96999999999999957e+01 9.99999999999999889e-01
L 5.00000000000000000e+00 4.96999999999999957e+01 2.39999999999999964e+01
P 5.00000000000000000e+00 5.00499999999999972e+01 1.00000000000000000e+00
L 5.00000000000000000e+00 5.00499999999999972e+01 2.40000000000000000e+01
P 5.00000000000000000e+00 5.03999999999999986e+01 1.00000000000000000e+00
L 5.00000000000000000e+00 5.03999999999999986e+01 2.40000000000000000e+01
P 5.00000000000000000e+00 5.07500000000000000e+01 1.00000000000000000e+00
L 5.00000000000000000e+00 5.07500000000000000e+01 2.40000000000000000e+01
P 5.00000000000000000e+00 5.10999999999999943e+01 1.00000000000000000e+00
L 5.00000000000000000e+00 5.10999999999999943e+01 2.40000000000000000e+01
P 5.00000000000000000e+00 5.14499999999999957e+01 1.00000000000000000e+00
L 5.00000000000000000e+00 5.14499999999999957e+01 2.40000000000000000e+01
P 5.00000000000000000e+00 5.17999999999999972e+01 1.00000000000000000e+00
L 5.00000000000000000e+00 5.17999999999999972e+01 2.40000000000000000e+01
P 5.00000000000000000e+00 5.21499999999999986e+01 1.00000000000000000e+00
L 5.00000000000000000e+00 5.21499999999999986e+01 2.40000000000000000e+01
P 5.00000000000000000e+00 5.25000000000000000e+01 1.00000000000000000e+00
L 5.00000000000000000e+00 5.25000000000000000e+01 2.40000000000000000e+01
P 5.00000000000000000e+00 5.28499999999999943e+01 1.00000000000000000e+00
L 5.00000000000000000e+00 5.28499999999999943e+01 2.40000000000000000e+01
P 5.00000000000000000e+00 5.31999999999999957e+01 1.00000000000000000e+00
L 5.00000000000000000e+00 5.31999999999999957e+01 2.40000000000000000e+01
P 5.00000000000000000e+00 5.35499999999999972e+01 1.00000000000000000e+00
L 5.00000000000000000e+00 5.35499999999999972e+01 2.40000000000000000e+01
P 5.00000000000000000e+00 5.38999999999999986e+01 1.00000000000000000e+00
L 5.00000000000000000e+00 5.38999999999999986e+01 2.40000000000000000e+01
P 5.00000000000000000e+00 5.42500000000000000e+01 1.00000000000000000e+00
L 5.00000000000000000e+00 5.42500000000000000e+01 2.40000000000000000e+01
P 5.00000000000000000e+00 5.45999999999999943e+01 1.00000000000000000e+00
L 5.00000000000000000e+00 5.45999999999999943e+01 2.40000000000000000e+01
P 5.00000000000000000e+00 5.49499999999999957e+01 1.00000000000000000e+00
L 5.00000000000000000e+00 5.49499999999999957e+01 2.40000000000000000e+01
P 5.00000000000000000e+00 5.52999999999999972e+01 1.00000000000000000e+00
L 5.00000000000000000e+00 5.52999999999999972e+01 2.40000000000000000e+01
P 5.00000000000000000e+00 5.56499999999999986e+01 1.00000000000000000e+00
L 5.00000000000000000e+00 5.56499999999999986e+01 2.40000000000000000e+01
P 5.00000000000000000e+00 5.60000000000000000e+01 1.00000000000000000e+00
L 5.00000000000000000e+00 5.60000000000000000e+01 2.40000000000000000e+01
P 5.00000000000000000e+00 5.63499999999999943e+01 1.00000000000000000e+00
L 5.00000000000000000e+00 5.63499999999999943e+01 2.40000000000000000e+01
P 5.00000000000000000e+00 5.66999999999999957e+01 1.00000000000000000e+00
L 5.00000000000000000e+00 5.66999999999999957e+01 2.40000000000000000e+01
P 5.00000000000000000e+00 5.70499999999999972e+01 1.00000000000000000e+00
L 5.00000000000000000e+00 5.70499999999999972e+01 2.40000000000000000e+01
P 5.00000000000000000e+00 5.73999999999999986e+01 1.00000000000000000e+00
L 5.00000000000000000e+00 5.73999999999999986e+01 2.40000000000000000e+01
P 5.00000000000000000e+00 5.77499999999999929e+01 1.00000000000000000e+00
L 5.00000000000000000e+00 5.77499999999999929e+01 2.40000000000000000e+01
P 5.00000000000000000e+00 5.80999999999999943e+01 1.00000000000000000e+00
L 5.00000000000000000e+00 5.80999999999999943e+01 2.40000000000000000e+01
P 5.00000000000000000e+00 5.84499999999999957e+01 1.00000000000000000e+00
L 5.00000000000000000e+00 5.84499999999999957e+01 2.40000000000000000e+01
P 5.00000000000000000e+00 5.87999999999999972e+01 1.00000000000000000e+00
L 5.00000000000000000e+00 5.87999999999999972e+01 2.40000000000000000e+01
P 5.00000000000000000e+00 5.91499999999999986e+01 1.00000000000000000e+00
L 5.00000000000000000e+00 5.91499999999999986e+01 2.40000000000000000e+01
P 5.00000000000000000e+00 5.94999999999999929e+01 1.00000000000000000e+00
L 5.00000000000000000e+00 5.94999999999999929e+01 2.40000000000000000e+01
P 5.00000000000000000e+00 5.98499999999999943e+01 1.00000000000000000e+00
L 5.00000000000000000e+00 5.98499999999999943e+01 2.40000000000000000e+01
P 5.00000000000000000e+00 6.01999999999999957e+01 1.00000000000000000e+00
L 5.00000000000000000e+00 6.01999999999999957e+01 2.40000000000000000e+01
P 5.00000000000000000e+00 6.05499999999999972e+01 1.00000000000000000e+00
L 5.00000000000000000e+00 6.05499999999999972e+01 2.40000000000000000e+01
P 5.00000000000000000e+00 6.08999999999999986e+01 1.00000000000000000e+00
L 5.00000000000000000e+00 6.08999999999999986e+01 2.40000000000000000e+01
P 5.00000000000000000e+00 6.12499999999999929e+01 1.00000000000000000e+00
L 5.00000000000000000e+00 6.12499999999999929e+01 2.40000000000000000e+01
P 5.00000000000000000e+00 6.15999999999999943e+01 1.00000000000000000e+00
L 5.00000000000000000e+00 6.15999999999999943e+01 2.40000000000000000e+01
P 5.00000000000000000e+00 6.19499999999999957e+01 1.00000000000000000e+00
L 5.00000000000000000e+00 6.19499999999999957e+01 2.40000000000000000e+01
P 5.00000000000000000e+00 6.22999999999999972e+01 1.00000000000000000e+00
L 5.00000000000000000e+00 6.22999999999999972e+01 2.40000000000000000e+01
P 5.00000000000000000e+00 6.26499999999999986e+01 1.00000000000000000e+00
L 5.00000000000000000e+00 6.26499999999999986e+01 2.40000000000000000e+01
P 5.00000000000000000e+00 6.29999999999999929e+01 1.00000000000000000e+00
L 5.00000000000000000e+00 6.29999999999999929e+01 2.40000000000000000e+01
P 5.00000000000000000e+00 6.33499999999999943e+01 1.00000000000000000e+00
L 5.00000000000000000e+00 6.33499999999999943e+01 2.40000000000000000e+01
P 5.00000000000000000e+00 6.36999999999999957e+01 1.00000000000000000e+00
L 5.00000000000000000e+00 6.36999999999999957e+01 2.40000000000000000e+01
P 5.00000000000000000e+00 6.40499999999999972e+01 1.00000000000000000e+00
L 5.00000000000000000e+00 6.40499999999999972e+01 2.40000000000000000e+01
P 5.00000000000000000e+00 6.43999999999999915e+01 1.00000000000000000e+00
L 5.00000000000000000e+00 6.43999999999999915e+01 2.40000000000000000e+01
P 5.00000000000000000e+00 6.47500000000000000e+01 1.00000000000000000e+00
L 5.00000000000000000e+00 6.47500000000000000e+01 2.40000000000000000e+01
P 5.00000000000000000e+00 6.50999999999999943e+01 1.00000000000000000e+00
L 5.00000000000000000e+00 6.50999999999999943e+01 2.40000000000000000e+01
P 5.00000000000000000e+00 6.54500000000000028e+01 1.00000000000000000e+00
L 5.00000000000000000e+00 6.54500000000000028e+01 2.40000000000000000e+01
P 5.00000000000000000e+00 6.57999999999999972e+01 1.00000000000000000e+00
L 5.00000000000000000e+00 6.57999999999999972e+01 2.40000000000000000e+01
P 5.00000000000000000e+00 6.61499999999999915e+01 1.00000000000000000e+00
L 5.00000000000000000e+00 6.61499999999999915e+01 2.40000000000000000e+01
P 5.00000000000000000e+00 6.65000000000000000e+01 1.00000000000000000e+00
L 5.00000000000000000e+00 6.65000000000000000e+01 2.40000000000000000e+01
P 5.00000000000000000e+00 6.68499999999999943e+01 1.00000000000000000e+00
L 5.00000000000000000e+00 6.68499999999999943e+01 2.40000000000000000e+01
P 5.00000000000000000e+00 6.71999999999999886e+01 1.00000000000000000e+00
L 5.00000000000000000e+00 6.71999999999999886e+01 2.40000000000000000e+01
P 5.00000000000000000e+00 6.75499999999999972e+01 1.00000000000000000e+00
L 5.00000000000000000e+00 6.75499999999999972e+01 2.40000000000000000e+01
P 5.00000000000000000e+00 6.78999999999999915e+01 1.00000000000000000e+00
L 5.00000000000000000e+00 6.78999999999999915e+01 2.40000000000000000e+01
P 5.00000000000000000e+00 6.82500000000000000e+01 1.00000000000000000e+00
L 5.00000000000000000e+00 6.82500000000000000e+01 2.40000000000000000e+01
P 5.00000000000000000e+00 6.85999999999999943e+01 1.00000000000000000e+00
L 5.00000000000000000e+00 6.85999999999999943e+01 2.40000000000000000e+01
P 5.00000000000000000e+00 6.89499999999999886e+01 1.00000000000000000e+00
L 5.00000000000000000e+00 6.89499999999999886e+01 2.40000000000000000e+01
P 5.00000000000000000e+00 6.92999999999999972e+01 1.00000000000000000e+00
L 5.00000000000000000e+00 6.92999999999999972e+01 2.40000000000000000e+01
P 5.00000000000000000e+00 6.96499999999999915e+01 1.00000000000000000e+00
L 5.00000000000000000e+00 6.96499999999999915e+01 2.40000000000000000e+01
P 5.00000000000000000e+00 7.00000000000000000e+01 1.00000000000000000e+00
L 5.00000000000000000e+00 7.00000000000000000e+01 2.40000000000000000e+01
P 5.00000000000000000e+00 7.03499999999999943e+01 1.00000000000000000e+00
L 5.00000000000000000e+00 7.03499999999999943e+01 2.40000000000000000e+01
P 5.00000000000000000e+00 7.06999999999999886e+01 1.00000000000000000e+00
L 5.00000000000000000e+00 7.06999999999999886e+01 2.40000000000000000e+01
P 5.00000000000000000e+00 7.10499999999999972e+01 1.00000000000000000e+00
L 5.00000000000000000e+00 7.10499999999999972e+01 2.40000000000000000e+01
P 5.00000000000000000e+00 7.13999999999999915e+01 1.00000000000000000e+00
L 5.00000000000000000e+00 7.13999999999999915e+01 2.40000000000000000e+01
P 5.00000000000000000e+00 7.17500000000000000e+01 1.00000000000000000e+00
L 5.00000000000000000e+00 7.17500000000000000e+01 2.40000000000000000e+01
P 5.00000000000000000e+00 7.20999999999999943e+01 1.00000000000000000e+00
L 5.00000000000000000e+00 7.20999999999999943e+01 2.40000000000000000e+01
P 5.00000000000000000e+00 7.24499999999999886e+01 1.00000000000000000e+00
L 5.00000000000000000e+00 7.24499999999999886e+01 2.40000000000000000e+01
P 5.00000000000000000e+00 7.27999999999999972e+01 1.00000000000000000e+00
L 5.00000000000000000e+00 7.27999999999999972e+01 2.40000000000000000e+01
P 5.00000000000000000e+00 7.31499999999999915e+01 1.00000000000000000e+00
L 5.00000000000000000e+00 7.31499999999999915e+01 2.40000000000000000e+01
P 5.00000000000000000e+00 7.35000000000000000e+01 1.00000000000000000e+00
L 5.00000000000000000e+00 7.35000000000000000e+01 2.40000000000000000e+01
P 5.00000000000000000e+00 7.38499999999999943e+01 1.00000000000000000e+00
L 5.00000000000000000e+00 7.38499999999999943e+01 2.40000000000000000e+01
P 5.00000000000000000e+00 7.41999999999999886e+01 1.00000000000000000e+00
L 5.00000000000000000e+00 7.41999999999999886e+01 2.40000000000000000e+01
P 5.00000000000000000e+00 7.45499999999999972e+01 1.00000000000000000e+00
L 5.00000000000000000e+00 7.45499999999999972e+01 2.40000000000000000e+01
P 5.00000000000000000e+00 7.48999999999999915e+01 1.00000000000000000e+00
L 5.00000000000000000e+00 7.48999999999999915e+01 2.40000000000000000e+01
P 5.00000000000000000e+00 7.52500000000000000e+01 1.00000000000000000e+00
L 5.00000000000000000e+00 7.52500000000000000e+01 2.40000000000000000e+01
P 5.00000000000000000e+00 7.55999999999999943e+01 1.00000000000000000e+00
L 5.00000000000000000e+00 7.55999999999999943e+01 2.40000000000000000e+01
P 5.00000000000000000e+00 7.59499999999999886e+01 1.00000000000000000e+00
L 5.00000000000000000e+00 7.59499999999999886e+01 2.40000000000000000e+01
P 5.00000000000000000e+00 7.62999999999999972e+01 1.00000000000000000e+00
L 5.00000000000000000e+00 7.62999999999999972e+01 2.40000000000000000e+01
P 5.00000000000000000e+00 7.66499999999999915e+01 1.00000000000000000e+00
L 5.00000000000000000e+00 7.66499999999999915e+01 2.40000000000000000e+01
P 5.00000000000000000e+00 7.70000000000000000e+01 1.00000000000000000e+00
L 5.00000000000000000e+00 7.70000000000000000e+01 2.40000000000000000e+01
P 9.50000000000000000e+00 3.49999999999999978e-01 2.99906304296467219e-11
L 9.50000000000000000e+00 3.49999999999999978e-01 3.57765614072299492e-06
P 9.50000000000000000e+00 6.99999999999999956e-01 1.58439555302604739e-08
L 9.50000000000000000e+00 6.99999999999999956e-01 1.89006446293787217e-03
P 9.50000000000000000e+00 1.04999999999999982e+00 5.44829371236980003e-07
L 9.50000000000000000e+00 1.04999999999999982e+00 6.49940370618341395e-02
P 9.50000000000000000e+00 1.39999999999999991e+00 6.12584480282098707e-06
L 9.50000000000000000e+00 1.39999999999999991e+00 7.30767108325395487e-01
P 9.50000000000000000e+00 1.75000000000000000e+00 3.73489097303363529e-05
L 9.50000000000000000e+00 1.75000000000000000e+00 4.45544339454623017e+00
P 9.50000000000000000e+00 2.09999999999999964e+00 1.54692364538340109e-04
L 9.50000000000000000e+00 2.09999999999999964e+00 1.84536330175461316e+01
P 9.50000000000000000e+00 2.44999999999999973e+00 4.90861494943788741e-04
L 9.50000000000000000e+00 2.44999999999999973e+00 5.85560762301988618e+01
P 9.50000000000000000e+00 2.79999999999999982e+00 1.28212379673720012e-03
L 9.50000000000000000e+00 2.79999999999999982e+00 1.52947704294656205e+02
P 9.50000000000000000e+00 3.14999999999999991e+00 2.88738751090675781e-03
L 9.50000000000000000e+00 3.14999999999999991e+00 3.44443564908553014e+02
P 9.50000000000000000e+00 3.50000000000000000e+00 5.78674182115111735e-03
L 9.50000000000000000e+00 3.50000000000000000e+00 6.90314678772283969e+02
P 9.50000000000000000e+00 3.84999999999999964e+00 1.05568328837535932e-02
L 9.50000000000000000e+00 3.84999999999999964e+00 1.25935058556861372e+03
P 9.50000000000000000e+00 4.19999999999999929e+00 1.78262906761897308e-02
L 9.50000000000000000e+00 4.19999999999999929e+00 2.12654210299421584e+03
P 9.50000000000000000e+00 4.54999999999999982e+00 2.82186473748796754e-02
L 9.50000000000000000e+00 4.54999999999999982e+00 3.36627191950710585e+03
P 9.50000000000000000e+00 4.89999999999999947e+00 4.22920444444584223e-02
L 9.50000000000000000e+00 4.89999999999999947e+00 5.04512210456486991e+03
P 9.50000000000000000e+00 5.25000000000000000e+00 6.04846367609758045e-02
L 9.50000000000000000e+00 5.25000000000000000e+00 7.21536123206643424e+03
P 9.50000000000000000e+00 5.59999999999999964e+00 8.30726061621646361e-02
L 9.50000000000000000e+00 5.59999999999999964e+00 9.90993571339314258e+03
P 9.50000000000000000e+00 5.94999999999999929e+00 1.10144895309366539e-01
L 9.50000000000000000e+00 5.94999999999999929e+00 1.31394557375927907e+04
P 9.50000000000000000e+00 6.29999999999999982e+00 1.41595885059943860e-01
L 9.50000000000000000e+00 6.29999999999999982e+00 1.68913217371063729e+04
P 9.50000000000000000e+00 6.64999999999999947e+00 1.77134777340384353e-01
L 9.50000000000000000e+00 6.64999999999999947e+00 2.11308436938013219e+04
P 9.50000000000000000e+00 7.00000000000000000e+00 2.16308688186950926e-01
L 9.50000000000000000e+00 7.00000000000000000e+00 2.58039959646455645e+04
P 9.50000000000000000e+00 7.34999999999999964e+00 2.58535475784655688e-01
L 9.50000000000000000e+00 7.34999999999999964e+00 3.08413334192991861e+04
P 9.50000000000000000e+00 7.69999999999999929e+00 3.03142054390374394e-01
L 9.50000000000000000e+00 7.69999999999999929e+00 3.61625620023314186e+04
P 9.50000000000000000e+00 8.04999999999999893e+00 3.49404222601414072e-01
L 9.50000000000000000e+00 8.04999999999999893e+00 4.16812899454350772e+04
P 9.50000000000000000e+00 8.39999999999999858e+00 3.96584679198452639e-01
L 9.50000000000000000e+00 8.39999999999999858e+00 4.73095627709256005e+04
P 9.50000000000000000e+00 8.75000000000000000e+00 4.43966735178211502e-01
L 9.50000000000000000e+00 8.75000000000000000e+00 5.29618848831174182e+04
P 9.50000000000000000e+00 9.09999999999999964e+00 4.90882110129273963e-01
L 9.50000000000000000e+00 9.09999999999999964e+00 5.85585354664298648e+04
P 9.50000000000000000e+00 9.44999999999999929e+00 5.36732017991645383e-01
L 9.50000000000000000e+00 9.44999999999999929e+00 6.40280838575581292e+04
P 9.50000000000000000e+00 9.79999999999999893e+00 5.81001434731370336e-01
L 9.50000000000000000e+00 9.79999999999999893e+00 6.93090915715052834e+04
P 9.50000000000000000e+00 1.01499999999999986e+01 6.23266966656557120e-01
L 9.50000000000000000e+00 1.01499999999999986e+01 7.43510509323725564e+04
P 9.50000000000000000e+00 1.05000000000000000e+01 6.63199098072463689e-01
L 9.50000000000000000e+00 1.05000000000000000e+01 7.91146532016683195e+04
P 9.50000000000000000e+00 1.08499999999999996e+01 7.00559804339625947e-01
L 9.50000000000000000e+00 1.08499999999999996e+01 8.35715038341355248e+04
P 9.50000000000000000e+00 1.11999999999999993e+01 7.35196595673198727e-01
L 9.50000000000000000e+00 1.11999999999999993e+01 8.77034119479109504e+04
P 9.50000000000000000e+00 1.15499999999999989e+01 7.67034037415932457e-01
L 9.50000000000000000e+00 1.15499999999999989e+01 9.15013787570115965e+04
P 9.50000000000000000e+00 1.18999999999999986e+01 7.96063703407379752e-01
L 9.50000000000000000e+00 1.18999999999999986e+01 9.49643990840125189e+04
P 9.50000000000000000e+00 1.22500000000000000e+01 8.22333387046091047e-01
L 9.50000000000000000e+00 1.22500000000000000e+01 9.80981743210938876e+04
P 9.50000000000000000e+00 1.25999999999999996e+01 8.45936241871132921e-01
L 9.50000000000000000e+00 1.25999999999999996e+01 1.00913816983274461e+05
P 9.50000000000000000e+00 1.29499999999999993e+01 8.67000367120966398e-01
L 9.50000000000000000e+00 1.29499999999999993e+01 1.03426608344089909e+05
P 9.50000000000000000e+00 1.32999999999999989e+01 8.85679205981416029e-01
L 9.50000000000000000e+00 1.32999999999999989e+01 1.05654853018953523e+05
P 9.50000000000000000e+00 1.36499999999999986e+01 9.02142992939725885e-01
L 9.50000000000000000e+00 1.36499999999999986e+01 1.07618858698965036e+05
P 9.50000000000000000e+00 1.40000000000000000e+01 9.16571376017828787e-01
L 9.50000000000000000e+00 1.40000000000000000e+01 1.09340056038953291e+05
P 9.50000000000000000e+00 1.43499999999999996e+01 9.29147251063462631e-01
L 9.50000000000000000e+00 1.43499999999999996e+01 1.10840263134883513e+05
P 9.50000000000000000e+00 1.46999999999999993e+01 9.40051778120192805e-01
L 9.50000000000000000e+00 1.46999999999999993e+01 1.12141091014367674e+05
P 9.50000000000000000e+00 1.50499999999999989e+01 9.49460502250151106e-01
L 9.50000000000000000e+00 1.50499999999999989e+01 1.13263480880058487e+05
P 9.50000000000000000e+00 1.53999999999999986e+01 9.57540470371587293e-01
L 9.50000000000000000e+00 1.53999999999999986e+01 1.14227360170102576e+05
P 9.50000000000000000e+00 1.57499999999999982e+01 9.64448218714716754e-01
L 9.50000000000000000e+00 1.57499999999999982e+01 1.15051402476793664e+05
P 9.50000000000000000e+00 1.60999999999999979e+01 9.70328499413695478e-01
L 9.50000000000000000e+00 1.60999999999999979e+01 1.15752875638594211e+05
P 9.50000000000000000e+00 1.64499999999999993e+01 9.75313616774999281e-01
L 9.50000000000000000e+00 1.64499999999999993e+01 1.16347562561956220e+05
P 9.50000000000000000e+00 1.67999999999999972e+01 9.79523251461252520e-01
L 9.50000000000000000e+00 1.67999999999999972e+01 1.16849740247777270e+05
P 9.50000000000000000e+00 1.71499999999999986e+01 9.83064662166498793e-01
L 9.50000000000000000e+00 1.71499999999999986e+01 1.17272203849740166e+05
P 9.50000000000000000e+00 1.75000000000000000e+01 9.86033167695567703e-01
L 9.50000000000000000e+00 1.75000000000000000e+01 1.17626324182747398e+05
P 9.50000000000000000e+00 1.78499999999999979e+01 9.88512826438405434e-01
L 9.50000000000000000e+00 1.78499999999999979e+01 1.17922128779086968e+05
P 9.50000000000000000e+00 1.81999999999999993e+01 9.90577244129416168e-01
L 9.50000000000000000e+00 1.81999999999999993e+01 1.18168398248032870e+05
P 9.50000000000000000e+00 1.85499999999999972e+01 9.92290453868697631e-01
L 9.50000000000000000e+00 1.85499999999999972e+01 1.18372771255744898e+05
P 9.50000000000000000e+00 1.88999999999999986e+01 9.93707824259956518e-01
L 9.50000000000000000e+00 1.88999999999999986e+01 1.18541852859276434e+05
P 9.50000000000000000e+00 1.92500000000000000e+01 9.94876961973897300e-01
L 9.50000000000000000e+00 1.92500000000000000e+01 1.18681322175583176e+05
P 9.50000000000000000e+00 1.95999999999999979e+01 9.95838584002400329e-01
L 9.50000000000000000e+00 1.95999999999999979e+01 1.18796036434871552e+05
P 9.50000000000000000e+00 1.99499999999999993e+01 9.96627342351357082e-01
L 9.50000000000000000e+00 1.99499999999999993e+01 1.18890129360237406e+05
P 9.50000000000000000e+00 2.02999999999999972e+01 9.97272590019592897e-01
L 9.50000000000000000e+00 2.02999999999999972e+01 1.18967102543177534e+05
P 9.50000000000000000e+00 2.06499999999999986e+01 9.97799081959793166e-01
L 9.50000000000000000e+00 2.06499999999999986e+01 1.19029909062944338e+05
P 9.50000000000000000e+00 2.10000000000000000e+01 9.98227608466979888e-01
L 9.50000000000000000e+00 2.10000000000000000e+01 1.19081029045016592e+05
P 9.50000000000000000e+00 2.13499999999999979e+01 9.98575561249431698e-01
L 9.50000000000000000e+00 2.13499999999999979e+01 1.19122537189093142e+05
P 9.50000000000000000e+00 2.16999999999999993e+01 9.98857434461370208e-01
L 9.50000000000000000e+00 2.16999999999999993e+01 1.19156162538515622e+05
P 9.50000000000000000e+00 2.20499999999999972e+01 9.99085264359873104e-01
L 9.50000000000000000e+00 2.20499999999999972e+01 1.19183340928024016e+05
P 9.50000000000000000e+00 2.23999999999999986e+01 9.99269012120466815e-01
L 9.50000000000000000e+00 2.23999999999999986e+01 1.19205260650771233e+05
P 9.50000000000000000e+00 2.27500000000000000e+01 9.99416894819925017e-01
L 9.50000000000000000e+00 2.27500000000000000e+01 1.19222901942076016e+05
P 9.50000000000000000e+00 2.30999999999999979e+01 9.99535669767627866e-01
L 9.50000000000000000e+00 2.30999999999999979e+01 1.19237070898010759e+05
P 9.50000000000000000e+00 2.34499999999999993e+01 9.99630877318944622e-01
L 9.50000000000000000e+00 2.34499999999999993e+01 1.19248428441207812e+05
P 9.50000000000000000e+00 2.37999999999999972e+01 9.99707047101124902e-01
L 9.50000000000000000e+00 2.37999999999999972e+01 1.19257514922053699e+05
P 9.50000000000000000e+00 2.41499999999999986e+01 9.99767872276488667e-01
L 9.50000000000000000e+00 2.41499999999999986e+01 1.19264770906974096e+05
P 9.50000000000000000e+00 2.45000000000000000e+01 9.99816356100138082e-01
L 9.50000000000000000e+00 2.45000000000000000e+01 1.19270554661664151e+05
P 9.50000000000000000e+00 2.48499999999999979e+01 9.99854934631042025e-01
L 9.50000000000000000e+00 2.48499999999999979e+01 1.19275156789595814e+05
P 9.50000000000000000e+00 2.51999999999999993e+01 9.99885579049141993e-01
L 9.50000000000000000e+00 2.51999999999999993e+01 1.19278812437677348e+05
P 9.50000000000000000e+00 2.55499999999999972e+01 9.99909880633470194e-01
L 9.50000000000000000e+00 2.55499999999999972e+01 1.19281711433502234e+05
P 9.50000000000000000e+00 2.58999999999999986e+01 9.99929121078298899e-01
L 9.50000000000000000e+00 2.58999999999999986e+01 1.19284006673535725e+05
P 9.50000000000000000e+00 2.62500000000000000e+01 9.99944330473106269e-01
L 9.50000000000000000e+00 2.62500000000000000e+01 1.19285821039687740e+05
P 9.50000000000000000e+00 2.65999999999999979e+01 9.99956334951570769e-01
L 9.50000000000000000e+00 2.65999999999999979e+01 1.19287253083478732e+05
P 9.50000000000000000e+00 2.69499999999999993e+01 9.99965795726534212e-01
L 9.50000000000000000e+00 2.69499999999999993e+01 1.19288381682616498e+05
P 9.50000000000000000e+00 2.72999999999999972e+01 9.99973240971842259e-01
L 9.50000000000000000e+00 2.72999999999999972e+01 1.19289269844259441e+05
P 9.50000000000000000e+00 2.76499999999999986e+01 9.99979091787010499e-01
L 9.50000000000000000e+00 2.76499999999999986e+01 1.19289967802405547e+05
P 9.50000000000000000e+00 2.80000000000000000e+01 9.99983683284837221e-01
L 9.50000000000000000e+00 2.80000000000000000e+01 1.19290515533485537e+05
P 9.50000000000000000e+00 2.83499999999999979e+01 9.99987281673009654e-01
L 9.50000000000000000e+00 2.83499999999999979e+01 1.19290944794069830e+05
P 9.50000000000000000e+00 2.86999999999999993e+01 9.99990098055864585e-01
L 9.50000000000000000e+00 2.86999999999999993e+01 1.19291280767314514e+05
P 9.50000000000000000e+00 2.90499999999999972e+01 9.99992299559107067e-01
L 9.50000000000000000e+00 2.90499999999999972e+01 1.19291543390056409e+05
P 9.50000000000000000e+00 2.93999999999999986e+01 9.99994018275913055e-01
L 9.50000000000000000e+00 2.93999999999999986e+01 1.19291748420015661e+05
P 9.50000000000000000e+00 2.97499999999999964e+01 9.99995358444999427e-01
L 9.50000000000000000e+00 2.97499999999999964e+01 1.19291908292085471e+05
P 9.50000000000000000e+00 3.00999999999999979e+01 9.99996402197698808e-01
L 9.50000000000000000e+00 3.00999999999999979e+01 1.19292032803914684e+05
P 9.50000000000000000e+00 3.04499999999999993e+01 9.99997214149784486e-01
L 9.50000000000000000e+00 3.04499999999999993e+01 1.19292129663678003e+05
P 9.50000000000000000e+00 3.07999999999999972e+01 9.99997845062937873e-01
L 9.50000000000000000e+00 3.07999999999999972e+01 1.19292204926861377e+05
P 9.50000000000000000e+00 3.11499999999999986e+01 9.99998334758729124e-01
L 9.50000000000000000e+00 3.11499999999999986e+01 1.19292263343877945e+05
P 9.50000000000000000e+00 3.14999999999999964e+01 9.99998714433388947e-01
L 9.50000000000000000e+00 3.14999999999999964e+01 1.19292308636202870e+05
P 9.50000000000000000e+00 3.18499999999999979e+01 9.99999008493275054e-01
L 9.50000000000000000e+00 3.18499999999999979e+01 1.19292343715330659e+05
P 9.50000000000000000e+00 3.21999999999999957e+01 9.99999236007745096e-01
L 9.50000000000000000e+00 3.21999999999999957e+01 1.19292370856091933e+05
P 9.50000000000000000e+00 3.25499999999999972e+01 9.99999411857242615e-01
L 9.50000000000000000e+00 3.25499999999999972e+01 1.19292391833611429e+05
P 9.50000000000000000e+00 3.28999999999999986e+01 9.99999547639054076e-01
L 9.50000000000000000e+00 3.28999999999999986e+01 1.19292408031358020e+05
P 9.50000000000000000e+00 3.32500000000000000e+01 9.99999652380751392e-01
L 9.50000000000000000e+00 3.32500000000000000e+01 1.19292420526252958e+05
P 9.50000000000000000e+00 3.35999999999999943e+01 9.99999733101290755e-01
L 9.50000000000000000e+00 3.35999999999999943e+01 1.19292430155604830e+05
P 9.50000000000000000e+00 3.39499999999999957e+01 9.99999795251637624e-01
L 9.50000000000000000e+00 3.39499999999999957e+01 1.19292437569672722e+05
P 9.50000000000000000e+00 3.42999999999999972e+01 9.99999843060285887e-01
L 9.50000000000000000e+00 3.42999999999999972e+01 1.19292443272884091e+05
P 9.50000000000000000e+00 3.46499999999999986e+01 9.99999879803815550e-01
L 9.50000000000000000e+00 3.46499999999999986e+01 1.19292447656110206e+05
P 9.50000000000000000e+00 3.50000000000000000e+01 9.99999908018463057e-01
L 9.50000000000000000e+00 3.50000000000000000e+01 1.19292451021904970e+05
P 9.50000000000000000e+00 3.53499999999999943e+01 9.99999929665345122e-01
L 9.50000000000000000e+00 3.53499999999999943e+01 1.19292453604214825e+05
P 9.50000000000000000e+00 3.56999999999999957e+01 9.99999946259319761e-01
L 9.50000000000000000e+00 3.56999999999999957e+01 1.19292455583750911e+05
P 9.50000000000000000e+00 3.60499999999999972e+01 9.99999958969362668e-01
L 9.50000000000000000e+00 3.60499999999999972e+01 1.19292457099963227e+05
P 9.50000000000000000e+00 3.63999999999999986e+01 9.99999968696657859e-01
L 9.50000000000000000e+00 3.63999999999999986e+01 1.19292458260356216e+05
P 9.50000000000000000e+00 3.67500000000000000e+01 9.99999976135278579e-01
L 9.50000000000000000e+00 3.67500000000000000e+01 1.19292459147727597e+05
P 9.50000000000000000e+00 3.70999999999999943e+01 9.99999981819284844e-01
L 9.50000000000000000e+00 3.70999999999999943e+01 1.19292459825786689e+05
P 9.50000000000000000e+00 3.74499999999999957e+01 9.99999986159236465e-01
L 9.50000000000000000e+00 3.74499999999999957e+01 1.19292460343510204e+05
P 9.50000000000000000e+00 3.77999999999999972e+01 9.99999989470468309e-01
L 9.50000000000000000e+00 3.77999999999999972e+01 1.19292460738515205e+05
P 9.50000000000000000e+00 3.81499999999999986e+01 9.99999991994964699e-01
L 9.50000000000000000e+00 3.81499999999999986e+01 1.19292461039668589e+05
P 9.50000000000000000e+00 3.85000000000000000e+01 9.99999993918260999e-01
L 9.50000000000000000e+00 3.85000000000000000e+01 1.19292461269103354e+05
P 9.50000000000000000e+00 3.88499999999999943e+01 9.99999995382492179e-01
L 9.50000000000000000e+00 3.88499999999999943e+01 1.19292461443775086e+05
P 9.50000000000000000e+00 3.91999999999999957e+01 9.99999996496454768e-01
L 9.50000000000000000e+00 3.91999999999999957e+01 1.19292461576662434e+05
P 9.50000000000000000e+00 3.95499999999999972e+01 9.99999997343359537e-01
L 9.50000000000000000e+00 3.95499999999999972e+01 1.19292461677691783e+05
P 9.50000000000000000e+00 3.98999999999999986e+01 9.99999997986797506e-01
L 9.50000000000000000e+00 3.98999999999999986e+01 1.19292461754449090e+05
P 9.50000000000000000e+00 4.02500000000000000e+01 9.99999998475328500e-01
L 9.50000000000000000e+00 4.02500000000000000e+01 1.19292461812727153e+05
P 9.50000000000000000e+00 4.05999999999999943e+01 9.99999998846005766e-01
L 9.50000000000000000e+00 4.05999999999999943e+01 1.19292461856946160e+05
P 9.50000000000000000e+00 4.09499999999999957e+01 9.99999999127081152e-01
L 9.50000000000000000e+00 4.09499999999999957e+01 1.19292461890476334e+05
P 9.50000000000000000e+00 4.12999999999999972e+01 9.99999999340080215e-01
L 9.50000000000000000e+00 4.12999999999999972e+01 1.19292461915885506e+05
P 9.50000000000000000e+00 4.16499999999999986e+01 9.99999999501391623e-01
L 9.50000000000000000e+00 4.16499999999999986e+01 1.19292461935128740e+05
P 9.50000000000000000e+00 4.20000000000000000e+01 9.99999999623484292e-01
L 9.50000000000000000e+00 4.20000000000000000e+01 1.19292461949693476e+05
P 9.50000000000000000e+00 4.23499999999999943e+01 9.99999999715838195e-01
L 9.50000000000000000e+00 4.23499999999999943e+01 1.19292461960710600e+05
P 9.50000000000000000e+00 4.26999999999999957e+01 9.99999999785656124e-01
L 9.50000000000000000e+00 4.26999999999999957e+01 1.19292461969039359e+05
P 9.50000000000000000e+00 4.30499999999999972e+01 9.99999999838406706e-01
L 9.50000000000000000e+00 4.30499999999999972e+01 1.19292461975332102e+05
P 9.50000000000000000e+00 4.33999999999999986e+01 9.99999999878239731e-01
L 9.50000000000000000e+00 4.33999999999999986e+01 1.19292461980083885e+05
P 9.50000000000000000e+00 4.37500000000000000e+01 9.99999999908301684e-01
L 9.50000000000000000e+00 4.37500000000000000e+01 1.19292461983670044e+05
P 9.50000000000000000e+00 4.40999999999999943e+01 9.99999999930976879e-01
L 9.50000000000000000e+00 4.40999999999999943e+01 1.19292461986375027e+05
P 9.50000000000000000e+00 4.44499999999999957e+01 9.99999999948071094e-01
L 9.50000000000000000e+00 4.44499999999999957e+01 1.19292461988414245e+05
P 9.50000000000000000e+00 4.47999999999999972e+01 9.99999999960951236e-01
L 9.50000000000000000e+00 4.47999999999999972e+01 1.19292461989950738e+05
P 9.50000000000000000e+00 4.51499999999999986e+01 9.99999999970651143e-01
L 9.50000000000000000e+00 4.51499999999999986e+01 1.19292461991107863e+05
P 9.50000000000000000e+00 4.55000000000000000e+01 9.99999999977952081e-01
L 9.50000000000000000e+00 4.55000000000000000e+01 1.19292461991978809e+05
P 9.50000000000000000e+00 4.58499999999999943e+01 9.99999999983444687e-01
L 9.50000000000000000e+00 4.58499999999999943e+01 1.19292461992634038e+05
P 9.50000000000000000e+00 4.61999999999999957e+01 9.99999999987574828e-01
L 9.50000000000000000e+00 4.61999999999999957e+01 1.19292461993126737e+05
P 9.50000000000000000e+00 4.65499999999999972e+01 9.99999999990678901e-01
L 9.50000000000000000e+00 4.65499999999999972e+01 1.19292461993497025e+05
P 9.50000000000000000e+00 4.68999999999999986e+01 9.99999999993010702e-01
L 9.50000000000000000e+00 4.68999999999999986e+01 1.19292461993775200e+05
P 9.50000000000000000e+00 4.72500000000000000e+01 9.99999999994761524e-01
L 9.50000000000000000e+00 4.72500000000000000e+01 1.19292461993984049e+05
P 9.50000000000000000e+00 4.75999999999999943e+01 9.99999999996075473e-01
L 9.50000000000000000e+00 4.75999999999999943e+01 1.19292461994140802e+05
P 9.50000000000000000e+00 4.79499999999999957e+01 9.99999999997061129e-01
L 9.50000000000000000e+00 4.79499999999999957e+01 1.19292461994258381e+05
P 9.50000000000000000e+00 4.82999999999999972e+01 9.99999999997800204e-01
L 9.50000000000000000e+00 4.82999999999999972e+01 1.19292461994346551e+05
P 9.50000000000000000e+00 4.86499999999999986e+01 9.99999999998354094e-01
L 9.50000000000000000e+00 4.86499999999999986e+01 1.19292461994412617e+05
P 9.50000000000000000e+00 4.90000000000000000e+01 9.99999999998769096e-01
L 9.50000000000000000e+00 4.90000000000000000e+01 1.19292461994462123e+05
P 9.50000000000000000e+00 4.93499999999999943e+01 9.99999999999079736e-01
L 9.50000000000000000e+00 4.93499999999999943e+01 1.19292461994499186e+05
P 9.50000000000000000e+00 4.96999999999999957e+01 9.99999999999312328e-01
L 9.50000000000000000e+00 4.96999999999999957e+01 1.19292461994526937e+05
P 9.50000000000000000e+00 5.00499999999999972e+01 9.99999999999486300e-01
L 9.50000000000000000e+00 5.00499999999999972e+01 1.19292461994547688e+05
P 9.50000000000000000e+00 5.03999999999999986e+01 9.99999999999616418e-01
L 9.50000000000000000e+00 5.03999999999999986e+01 1.19292461994563215e+05
P 9.50000000000000000e+00 5.07500000000000000e+01 9.99999999999713673e-01
L 9.50000000000000000e+00 5.07500000000000000e+01 1.19292461994574813e+05
P 9.50000000000000000e+00 5.10999999999999943e+01 9.99999999999786393e-01
L 9.50000000000000000e+00 5.10999999999999943e+01 1.19292461994583486e+05
P 9.50000000000000000e+00 5.14499999999999957e+01 9.99999999999840683e-01
L 9.50000000000000000e+00 5.14499999999999957e+01 1.19292461994589961e+05
P 9.50000000000000000e+00 5.17999999999999972e+01 9.99999999999881206e-01
L 9.50000000000000000e+00 5.17999999999999972e+01 1.19292461994594792e+05
P 9.50000000000000000e+00 5.21499999999999986e+01 9.99999999999911515e-01
L 9.50000000000000000e+00 5.21499999999999986e+01 1.19292461994598416e+05
P 9.50000000000000000e+00 5.25000000000000000e+01 9.99999999999934053e-01
L 9.50000000000000000e+00 5.25000000000000000e+01 1.19292461994601093e+05
P 9.50000000000000000e+00 5.28499999999999943e+01 9.99999999999950928e-01
L 9.50000000000000000e+00 5.28499999999999943e+01 1.19292461994603116e+05
P 9.50000000000000000e+00 5.31999999999999957e+01 9.99999999999963474e-01
L 9.50000000000000000e+00 5.31999999999999957e+01 1.19292461994604615e+05
P 9.50000000000000000e+00 5.35499999999999972e+01 9.99999999999972800e-01
L 9.50000000000000000e+00 5.35499999999999972e+01 1.19292461994605721e+05
P 9.50000000000000000e+00 5.38999999999999986e+01 9.99999999999979794e-01
L 9.50000000000000000e+00 5.38999999999999986e+01 1.19292461994606550e+05
P 9.50000000000000000e+00 5.42500000000000000e+01 9.99999999999984901e-01
L 9.50000000000000000e+00 5.42500000000000000e+01 1.19292461994607162e+05
P 9.50000000000000000e+00 5.45999999999999943e+01 9.99999999999988787e-01
L 9.50000000000000000e+00 5.45999999999999943e+01 1.19292461994607627e+05
P 9.50000000000000000e+00 5.49499999999999957e+01 9.99999999999991673e-01
L 9.50000000000000000e+00 5.49499999999999957e+01 1.19292461994607977e+05
P 9.50000000000000000e+00 5.52999999999999972e+01 9.99999999999993783e-01
L 9.50000000000000000e+00 5.52999999999999972e+01 1.19292461994608224e+05
P 9.50000000000000000e+00 5.56499999999999986e+01 9.99999999999995448e-01
L 9.50000000000000000e+00 5.56499999999999986e+01 1.19292461994608428e+05
P 9.50000000000000000e+00 5.60000000000000000e+01 9.99999999999996558e-01
L 9.50000000000000000e+00 5.60000000000000000e+01 1.19292461994608559e+05
P 9.50000000000000000e+00 5.63499999999999943e+01 9.99999999999997446e-01
L 9.50000000000000000e+00 5.63499999999999943e+01 1.19292461994608660e+05
P 9.50000000000000000e+00 5.66999999999999957e+01 9.99999999999998113e-01
L 9.50000000000000000e+00 5.66999999999999957e+01 1.19292461994608748e+05
P 9.50000000000000000e+00 5.70499999999999972e+01 9.99999999999998557e-01
L 9.50000000000000000e+00 5.70499999999999972e+01 1.19292461994608791e+05
P 9.50000000000000000e+00 5.73999999999999986e+01 9.99999999999999001e-01
L 9.50000000000000000e+00 5.73999999999999986e+01 1.19292461994608850e+05
P 9.50000000000000000e+00 5.77499999999999929e+01 9.99999999999999223e-01
L 9.50000000000000000e+00 5.77499999999999929e+01 1.19292461994608879e+05
P 9.50000000000000000e+00 5.80999999999999943e+01 9.99999999999999445e-01
L 9.50000000000000000e+00 5.80999999999999943e+01 1.19292461994608893e+05
P 9.50000000000000000e+00 5.84499999999999957e+01 9.99999999999999556e-01
L 9.50000000000000000e+00 5.84499999999999957e+01 1.19292461994608908e+05
P 9.50000000000000000e+00 5.87999999999999972e+01 9.99999999999999667e-01
L 9.50000000000000000e+00 5.87999999999999972e+01 1.19292461994608922e+05
P 9.50000000000000000e+00 5.91499999999999986e+01 9.99999999999999778e-01
L 9.50000000000000000e+00 5.91499999999999986e+01 1.19292461994608937e+05
P 9.50000000000000000e+00 5.94999999999999929e+01 9.99999999999999778e-01
L 9.50000000000000000e+00 5.94999999999999929e+01 1.19292461994608937e+05
P 9.50000000000000000e+00 5.98499999999999943e+01 9.99999999999999889e-01
L 9.50000000000000000e+00 5.98499999999999943e+01 1.19292461994608951e+05
P 9.50000000000000000e+00 6.01999999999999957e+01 9.99999999999999889e-01
L 9.50000000000000000e+00 6.01999999999999957e+01 1.19292461994608951e+05
P 9.50000000000000000e+00 6.05499999999999972e+01 9.99999999999999889e-01
L 9.50000000000000000e+00 6.05499999999999972e+01 1.19292461994608951e+05
P 9.50000000000000000e+00 6.08999999999999986e+01 1.00000000000000000e+00
L 9.50000000000000000e+00 6.08999999999999986e+01 1.19292461994608966e+05
P 9.50000000000000000e+00 6.12499999999999929e+01 1.00000000000000000e+00
L 9.50000000000000000e+00 6.12499999999999929e+01 1.19292461994608966e+05
P 9.50000000000000000e+00 6.15999999999999943e+01 1.00000000000000000e+00
L 9.50000000000000000e+00 6.15999999999999943e+01 1.19292461994608966e+05
P 9.50000000000000000e+00 6.19499999999999957e+01 1.00000000000000000e+00
L 9.50000000000000000e+00 6.19499999999999957e+01 1.19292461994608966e+05
P 9.50000000000000000e+00 6.22999999999999972e+01 1.00000000000000000e+00
L 9.50000000000000000e+00 6.22999999999999972e+01 1.19292461994608966e+05
P 9.50000000000000000e+00 6.26499999999999986e+01 1.00000000000000000e+00
L 9.50000000000000000e+00 6.26499999999999986e+01 1.19292461994608966e+05
P 9.50000000000000000e+00 6.29999999999999929e+01 1.00000000000000000e+00
L 9.50000000000000000e+00 6.29999999999999929e+01 1.19292461994608966e+05
P 9.50000000000000000e+00 6.33499999999999943e+01 1.00000000000000000e+00
L 9.50000000000000000e+00 6.33499999999999943e+01 1.19292461994608966e+05
P 9.50000000000000000e+00 6.36999999999999957e+01 1.00000000000000000e+00
L 9.50000000000000000e+00 6.36999999999999957e+01 1.19292461994608966e+05
P 9.50000000000000000e+00 6.40499999999999972e+01 1.00000000000000000e+00
L 9.50000000000000000e+00 6.40499999999999972e+01 1.19292461994608966e+05
P 9.50000000000000000e+00 6.43999999999999915e+01 1.00000000000000000e+00
L 9.50000000000000000e+00 6.43999999999999915e+01 1.19292461994608966e+05
P 9.50000000000000000e+00 6.47500000000000000e+01 1.00000000000000000e+00
L 9.50000000000000000e+00 6.47500000000000000e+01 1.19292461994608966e+05
P 9.50000000000000000e+00 6.50999999999999943e+01 1.00000000000000000e+00
L 9.50000000000000000e+00 6.50999999999999943e+01 1.19292461994608966e+05
P 9.50000000000000000e+00 6.54500000000000028e+01 1.00000000000000000e+00
L 9.50000000000000000e+00 6.54500000000000028e+01 1.19292461994608966e+05
P 9.50000000000000000e+00 6.57999999999999972e+01 1.00000000000000000e+00
L 9.50000000000000000e+00 6.57999999999999972e+01 1.19292461994608966e+05
P 9.50000000000000000e+00 6.61499999999999915e+01 1.00000000000000000e+00
L 9.50000000000000000e+00 6.61499999999999915e+01 1.19292461994608966e+05
P 9.50000000000000000e+00 6.65000000000000000e+01 1.00000000000000000e+00
L 9.50000000000000000e+00 6.65000000000000000e+01 1.19292461994608966e+05
P 9.50000000000000000e+00 6.68499999999999943e+01 1.00000000000000000e+00
L 9.50000000000000000e+00 6.68499999999999943e+01 1.19292461994608966e+05
P 9.50000000000000000e+00 6.71999999999999886e+01 1.00000000000000000e+00
L 9.50000000000000000e+00 6.71999999999999886e+01 1.19292461994608966e+05
P 9.50000000000000000e+00 6.75499999999999972e+01 1.00000000000000000e+00
L 9.50000000000000000e+00 6.75499999999999972e+01 1.19292461994608966e+05
P 9.50000000000000000e+00 6.78999999999999915e+01 1.00000000000000000e+00
L 9.50000000000000000e+00 6.78999999999999915e+01 1.19292461994608966e+05
P 9.50000000000000000e+00 6.82500000000000000e+01 1.00000000000000000e+00
L 9.50000000000000000e+00 6.82500000000000000e+01 1.19292461994608966e+05
P 9.50000000000000000e+00 6.85999999999999943e+01 1.00000000000000000e+00
L 9.50000000000000000e+00 6.85999999999999943e+01 1.19292461994608966e+05
P 9.50000000000000000e+00 6.89499999999999886e+01 1.00000000000000000e+00
L 9.50000000000000000e+00 6.89499999999999886e+01 1.19292461994608966e+05
P 9.50000000000000000e+00 6.92999999999999972e+01 1.00000000000000000e+00
L 9.50000000000000000e+00 6.92999999999999972e+01 1.19292461994608966e+05
P 9.50000000000000000e+00 6.96499999999999915e+01 1.00000000000000000e+00
L 9.50000000000000000e+00 6.96499999999999915e+01 1.19292461994608966e+05
P 9.50000000000000000e+00 7.00000000000000000e+01 1.00000000000000000e+00
L 9.50000000000000000e+00 7.00000000000000000e+01 1.19292461994608966e+05
P 9.50000000000000000e+00 7.03499999999999943e+01 1.00000000000000000e+00
L 9.50000000000000000e+00 7.03499999999999943e+01 1.19292461994608966e+05
P 9.50000000000000000e+00 7.06999999999999886e+01 1.00000000000000000e+00
L 9.50000000000000000e+00 7.06999999999999886e+01 1.19292461994608966e+05
P 9.50000000000000000e+00 7.10499999999999972e+01 1.00000000000000000e+00
L 9.50000000000000000e+00 7.10499999999999972e+01 1.19292461994608966e+05
P 9.50000000000000000e+00 7.13999999999999915e+01 1.00000000000000000e+00
L 9.50000000000000000e+00 7.13999999999999915e+01 1.19292461994608966e+05
P 9.50000000000000000e+00 7.17500000000000000e+01 1.00000000000000000e+00
L 9.50000000000000000e+00 7.17500000000000000e+01 1.19292461994608966e+05
P 9.50000000000000000e+00 7.20999999999999943e+01 1.00000000000000000e+00
L 9.50000000000000000e+00 7.20999999999999943e+01 1.19292461994608966e+05
P 9.50000000000000000e+00 7.24499999999999886e+01 1.00000000000000000e+00
L 9.50000000000000000e+00 7.24499999999999886e+01 1.19292461994608966e+05
P 9.50000000000000000e+00 7.27999999999999972e+01 1.00000000000000000e+00
L 9.50000000000000000e+00 7.27999999999999972e+01 1.19292461994608966e+05
P 9.50000000000000000e+00 7.31499999999999915e+01 1.00000000000000000e+00
L 9.50000000000000000e+00 7.31499999999999915e+01 1.19292461994608966e+05
P 9.50000000000000000e+00 7.35000000000000000e+01 1.00000000000000000e+00
L 9.50000000000000000e+00 7.35000000000000000e+01 1.19292461994608966e+05
P 9.50000000000000000e+00 7.38499999999999943e+01 1.00000000000000000e+00
L 9.50000000000000000e+00 7.38499999999999943e+01 1.19292461994608966e+05
P 9.50000000000000000e+00 7.41999999999999886e+01 1.00000000000000000e+00
L 9.50000000000000000e+00 7.41999999999999886e+01 1.19292461994608966e+05
P 9.50000000000000000e+00 7.45499999999999972e+01 1.00000000000000000e+00
L 9.50000000000000000e+00 7.45499999999999972e+01 1.19292461994608966e+05
P 9.50000000000000000e+00 7.48999999999999915e+01 1.00000000000000000e+00
L 9.50000000000000000e+00 7.48999999999999915e+01 1.19292461994608966e+05
P 9.50000000000000000e+00 7.52500000000000000e+01 1.00000000000000000e+00
L 9.50000000000000000e+00 7.52500000000000000e+01 1.19292461994608966e+05
P 9.50000000000000000e+00 7.55999999999999943e+01 1.00000000000000000e+00
L 9.50000000000000000e+00 7.55999999999999943e+01 1.19292461994608966e+05
P 9.50000000000000000e+00 7.59499999999999886e+01 1.00000000000000000e+00
L 9.50000000000000000e+00 7.59499999999999886e+01 1.19292461994608966e+05
P 9.50000000000000000e+00 7.62999999999999972e+01 1.00000000000000000e+00
L 9.50000000000000000e+00 7.62999999999999972e+01 1.19292461994608966e+05
P 9.50000000000000000e+00 7.66499999999999915e+01 1.00000000000000000e+00
L 9.50000000000000000e+00 7.66499999999999915e+01 1.19292461994608966e+05
P 9.50000000000000000e+00 7.70000000000000000e+01 1.00000000000000000e+00
L 9.50000000000000000e+00 7.70000000000000000e+01 1.19292461994608966e+05
