case,mu,mu_r,stage,n_pebbles,n_centres,r_m,r_over_d,g,coordination,counts
liggghts_settled,0.4,0.1,settled_flat_floor,27554,9147,0.000600,0.0100,0.000000,0.000000,0
liggghts_settled,0.4,0.1,settled_flat_floor,27554,9147,0.001800,0.0300,0.000000,0.000000,0
liggghts_settled,0.4,0.1,settled_flat_floor,27554,9147,0.003000,0.0500,0.000000,0.000000,0
liggghts_settled,0.4,0.1,settled_flat_floor,27554,9147,0.004200,0.0700,0.000000,0.000000,0
liggghts_settled,0.4,0.1,settled_flat_floor,27554,9147,0.005400,0.0900,0.000000,0.000000,0
liggghts_settled,0.4,0.1,settled_flat_floor,27554,9147,0.006600,0.1100,0.000000,0.000000,0
liggghts_settled,0.4,0.1,settled_flat_floor,27554,9147,0.007800,0.1300,0.000000,0.000000,0
liggghts_settled,0.4,0.1,settled_flat_floor,27554,9147,0.009000,0.1500,0.000000,0.000000,0
liggghts_settled,0.4,0.1,settled_flat_floor,27554,9147,0.010200,0.1700,0.000000,0.000000,0
liggghts_settled,0.4,0.1,settled_flat_floor,27554,9147,0.011400,0.1900,0.000000,0.000000,0
liggghts_settled,0.4,0.1,settled_flat_floor,27554,9147,0.012600,0.2100,0.000000,0.000000,0
liggghts_settled,0.4,0.1,settled_flat_floor,27554,9147,0.013800,0.2300,0.000000,0.000000,0
liggghts_settled,0.4,0.1,settled_flat_floor,27554,9147,0.015000,0.2500,0.000000,0.000000,0
liggghts_settled,0.4,0.1,settled_flat_floor,27554,9147,0.016200,0.2700,0.000000,0.000000,0
liggghts_settled,0.4,0.1,settled_flat_floor,27554,9147,0.017400,0.2900,0.000000,0.000000,0
liggghts_settled,0.4,0.1,settled_flat_floor,27554,9147,0.018600,0.3100,0.000000,0.000000,0
liggghts_settled,0.4,0.1,settled_flat_floor,27554,9147,0.019800,0.3300,0.000000,0.000000,0
liggghts_settled,0.4,0.1,settled_flat_floor,27554,9147,0.021000,0.3500,0.000000,0.000000,0
liggghts_settled,0.4,0.1,settled_flat_floor,27554,9147,0.022200,0.3700,0.000000,0.000000,0
liggghts_settled,0.4,0.1,settled_flat_floor,27554,9147,0.023400,0.3900,0.000000,0.000000,0
liggghts_settled,0.4,0.1,settled_flat_floor,27554,9147,0.024600,0.4100,0.000000,0.000000,0
liggghts_settled,0.4,0.1,settled_flat_floor,27554,9147,0.025800,0.4300,0.000000,0.000000,0
liggghts_settled,0.4,0.1,settled_flat_floor,27554,9147,0.027000,0.4500,0.000000,0.000000,0
liggghts_settled,0.4,0.1,settled_flat_floor,27554,9147,0.028200,0.4700,0.000000,0.000000,0
liggghts_settled,0.4,0.1,settled_flat_floor,27554,9147,0.029400,0.4900,0.000000,0.000000,0
liggghts_settled,0.4,0.1,settled_flat_floor,27554,9147,0.030600,0.5100,0.000000,0.000000,0
liggghts_settled,0.4,0.1,settled_flat_floor,27554,9147,0.031800,0.5300,0.000000,0.000000,0
liggghts_settled,0.4,0.1,settled_flat_floor,27554,9147,0.033000,0.5500,0.000000,0.000000,0
liggghts_settled,0.4,0.1,settled_flat_floor,27554,9147,0.034200,0.5700,0.000000,0.000000,0
liggghts_settled,0.4,0.1,settled_flat_floor,27554,9147,0.035400,0.5900,0.000000,0.000000,0
liggghts_settled,0.4,0.1,settled_flat_floor,27554,9147,0.036600,0.6100,0.000000,0.000000,0
liggghts_settled,0.4,0.1,settled_flat_floor,27554,9147,0.037800,0.6300,0.000000,0.000000,0
liggghts_settled,0.4,0.1,settled_flat_floor,27554,9147,0.039000,0.6500,0.000000,0.000000,0
liggghts_settled,0.4,0.1,settled_flat_floor,27554,9147,0.040200,0.6700,0.000000,0.000000,0
liggghts_settled,0.4,0.1,settled_flat_floor,27554,9147,0.041400,0.6900,0.000000,0.000000,0
liggghts_settled,0.4,0.1,settled_flat_floor,27554,9147,0.042600,0.7100,0.000000,0.000000,0
liggghts_settled,0.4,0.1,settled_flat_floor,27554,9147,0.043800,0.7300,0.000000,0.000000,0
liggghts_settled,0.4,0.1,settled_flat_floor,27554,9147,0.045000,0.7500,0.000000,0.000000,0
liggghts_settled,0.4,0.1,settled_flat_floor,27554,9147,0.046200,0.7700,0.000000,0.000000,0
liggghts_settled,0.4,0.1,settled_flat_floor,27554,9147,0.047400,0.7900,0.000000,0.000000,0
liggghts_settled,0.4,0.1,settled_flat_floor,27554,9147,0.048600,0.8100,0.000000,0.000000,0
liggghts_settled,0.4,0.1,settled_flat_floor,27554,9147,0.049800,0.8300,0.000000,0.000000,0
liggghts_settled,0.4,0.1,settled_flat_floor,27554,9147,0.051000,0.8500,0.000000,0.000000,0
liggghts_settled,0.4,0.1,settled_flat_floor,27554,9147,0.052200,0.8700,0.000000,0.000000,0
liggghts_settled,0.4,0.1,settled_flat_floor,27554,9147,0.053400,0.8900,0.000000,0.000000,0
liggghts_settled,0.4,0.1,settled_flat_floor,27554,9147,0.054600,0.9100,0.000000,0.000000,0
liggghts_settled,0.4,0.1,settled_flat_floor,27554,9147,0.055800,0.9300,0.000000,0.000000,0
liggghts_settled,0.4,0.1,settled_flat_floor,27554,9147,0.057000,0.9500,0.000000,0.000000,0
liggghts_settled,0.4,0.1,settled_flat_floor,27554,9147,0.058200,0.9700,0.000000,0.000000,0
liggghts_settled,0.4,0.1,settled_flat_floor,27554,9147,0.059400,0.9900,17.588190,4.824861,44133
liggghts_settled,0.4,0.1,settled_flat_floor,27554,9147,0.060600,1.0100,3.803350,5.910790,9933
liggghts_settled,0.4,0.1,settled_flat_floor,27554,9147,0.061800,1.0300,1.811055,6.448562,4919
liggghts_settled,0.4,0.1,settled_flat_floor,27554,9147,0.063000,1.0500,1.337775,6.861375,3776
liggghts_settled,0.4,0.1,settled_flat_floor,27554,9147,0.064200,1.0700,1.114923,7.218651,3268
liggghts_settled,0.4,0.1,settled_flat_floor,27554,9147,0.065400,1.0900,1.011591,7.555045,3077
liggghts_settled,0.4,0.1,settled_flat_floor,27554,9147,0.066600,1.1100,0.902553,7.866295,2847
liggghts_settled,0.4,0.1,settled_flat_floor,27554,9147,0.067800,1.1300,0.826533,8.161692,2702
liggghts_settled,0.4,0.1,settled_flat_floor,27554,9147,0.069000,1.1500,0.827865,8.468132,2803
liggghts_settled,0.4,0.1,settled_flat_floor,27554,9147,0.070200,1.1700,0.761283,8.759812,2668
liggghts_settled,0.4,0.1,settled_flat_floor,27554,9147,0.071400,1.1900,0.729290,9.048868,2644
liggghts_settled,0.4,0.1,settled_flat_floor,27554,9147,0.072600,1.2100,0.703247,9.337050,2636
liggghts_settled,0.4,0.1,settled_flat_floor,27554,9147,0.073800,1.2300,0.678756,9.624467,2629
liggghts_settled,0.4,0.1,settled_flat_floor,27554,9147,0.075000,1.2500,0.655210,9.911009,2621
liggghts_settled,0.4,0.1,settled_flat_floor,27554,9147,0.076200,1.2700,0.647572,10.203345,2674
liggghts_settled,0.4,0.1,settled_flat_floor,27554,9147,0.077400,1.2900,0.671306,10.516016,2860
liggghts_settled,0.4,0.1,settled_flat_floor,27554,9147,0.078600,1.3100,0.692618,10.848694,3043
liggghts_settled,0.4,0.1,settled_flat_floor,27554,9147,0.079800,1.3300,0.622040,11.156663,2817
liggghts_settled,0.4,0.1,settled_flat_floor,27554,9147,0.081000,1.3500,0.650897,11.488685,3037
liggghts_settled,0.4,0.1,settled_flat_floor,27554,9147,0.082200,1.3700,0.633905,11.821690,3046
liggghts_settled,0.4,0.1,settled_flat_floor,27554,9147,0.083400,1.3900,0.637426,12.166393,3153
liggghts_settled,0.4,0.1,settled_flat_floor,27554,9147,0.084600,1.4100,0.687254,12.548814,3498
liggghts_settled,0.4,0.1,settled_flat_floor,27554,9147,0.085800,1.4300,0.663007,12.928282,3471
liggghts_settled,0.4,0.1,settled_flat_floor,27554,9147,0.087000,1.4500,0.646702,13.308844,3481
liggghts_settled,0.4,0.1,settled_flat_floor,27554,9147,0.088200,1.4700,0.689598,13.725921,3815
liggghts_settled,0.4,0.1,settled_flat_floor,27554,9147,0.089400,1.4900,0.687044,14.152837,3905
liggghts_settled,0.4,0.1,settled_flat_floor,27554,9147,0.090600,1.5100,0.687809,14.591779,4015
liggghts_settled,0.4,0.1,settled_flat_floor,27554,9147,0.091800,1.5300,0.722840,15.065377,4332
liggghts_settled,0.4,0.1,settled_flat_floor,27554,9147,0.093000,1.5500,0.755358,15.573303,4646
liggghts_settled,0.4,0.1,settled_flat_floor,27554,9147,0.094200,1.5700,0.769672,16.104296,4857
liggghts_settled,0.4,0.1,settled_flat_floor,27554,9147,0.095400,1.5900,0.821967,16.685908,5320
liggghts_settled,0.4,0.1,settled_flat_floor,27554,9147,0.096600,1.6100,0.827290,17.286105,5490
liggghts_settled,0.4,0.1,settled_flat_floor,27554,9147,0.097800,1.6300,0.868125,17.931672,5905
liggghts_settled,0.4,0.1,settled_flat_floor,27554,9147,0.099000,1.6500,0.926691,18.637805,6459
liggghts_settled,0.4,0.1,settled_flat_floor,27554,9147,0.100200,1.6700,0.935861,19.368317,6682
liggghts_settled,0.4,0.1,settled_flat_floor,27554,9147,0.101400,1.6900,1.014224,20.179075,7416
liggghts_settled,0.4,0.1,settled_flat_floor,27554,9147,0.102600,1.7100,1.121281,21.096753,8394
liggghts_settled,0.4,0.1,settled_flat_floor,27554,9147,0.103800,1.7300,1.213096,22.112933,9295
liggghts_settled,0.4,0.1,settled_flat_floor,27554,9147,0.105000,1.7500,1.143055,23.092708,8962
liggghts_settled,0.4,0.1,settled_flat_floor,27554,9147,0.106200,1.7700,1.136320,24.089100,9114
liggghts_settled,0.4,0.1,settled_flat_floor,27554,9147,0.107400,1.7900,1.149958,25.120367,9433
liggghts_settled,0.4,0.1,settled_flat_floor,27554,9147,0.108600,1.8100,1.191334,26.212747,9992
liggghts_settled,0.4,0.1,settled_flat_floor,27554,9147,0.109800,1.8300,1.216524,27.353012,10430
liggghts_settled,0.4,0.1,settled_flat_floor,27554,9147,0.111000,1.8500,1.205200,28.507489,10560
liggghts_settled,0.4,0.1,settled_flat_floor,27554,9147,0.112200,1.8700,1.265121,29.745709,11326
liggghts_settled,0.4,0.1,settled_flat_floor,27554,9147,0.113400,1.8900,1.290101,31.035531,11798
liggghts_settled,0.4,0.1,settled_flat_floor,27554,9147,0.114600,1.9100,1.314833,32.378047,12280
liggghts_settled,0.4,0.1,settled_flat_floor,27554,9147,0.115800,1.9300,1.387239,33.824314,13229
liggghts_settled,0.4,0.1,settled_flat_floor,27554,9147,0.117000,1.9500,1.434328,35.350825,13963
liggghts_settled,0.4,0.1,settled_flat_floor,27554,9147,0.118200,1.9700,1.452054,36.928064,14427
liggghts_settled,0.4,0.1,settled_flat_floor,27554,9147,0.119400,1.9900,1.514646,38.606866,15356
liggghts_settled,0.4,0.1,settled_flat_floor,27554,9147,0.120600,2.0100,1.024446,39.765278,10596
liggghts_settled,0.4,0.1,settled_flat_floor,27554,9147,0.121800,2.0300,0.959905,40.872417,10127
liggghts_settled,0.4,0.1,settled_flat_floor,27554,9147,0.123000,2.0500,0.916821,41.950804,9864
liggghts_settled,0.4,0.1,settled_flat_floor,27554,9147,0.124200,2.0700,0.882326,43.008965,9679
liggghts_settled,0.4,0.1,settled_flat_floor,27554,9147,0.125400,2.0900,0.872406,44.075544,9756
liggghts_settled,0.4,0.1,settled_flat_floor,27554,9147,0.126600,2.1100,0.877090,45.168471,9997
liggghts_settled,0.4,0.1,settled_flat_floor,27554,9147,0.127800,2.1300,0.844166,46.240407,9805
liggghts_settled,0.4,0.1,settled_flat_floor,27554,9147,0.129000,2.1500,0.866475,47.361430,10254
liggghts_settled,0.4,0.1,settled_flat_floor,27554,9147,0.130200,2.1700,0.834485,48.461244,10060
liggghts_settled,0.4,0.1,settled_flat_floor,27554,9147,0.131400,2.1900,0.856043,49.610364,10511
liggghts_settled,0.4,0.1,settled_flat_floor,27554,9147,0.132600,2.2100,0.864612,50.792282,10811
liggghts_settled,0.4,0.1,settled_flat_floor,27554,9147,0.133800,2.2300,0.848544,51.973325,10803
liggghts_settled,0.4,0.1,settled_flat_floor,27554,9147,0.135000,2.2500,0.835301,53.156882,10826
liggghts_settled,0.4,0.1,settled_flat_floor,27554,9147,0.136200,2.2700,0.875453,54.419482,11549
liggghts_settled,0.4,0.1,settled_flat_floor,27554,9147,0.137400,2.2900,0.850098,55.667213,11413
liggghts_settled,0.4,0.1,settled_flat_floor,27554,9147,0.138600,2.3100,0.887121,56.992129,12119
liggghts_settled,0.4,0.1,settled_flat_floor,27554,9147,0.139800,2.3300,0.886923,58.339784,12327
liggghts_settled,0.4,0.1,settled_flat_floor,27554,9147,0.141000,2.3500,0.879812,59.699683,12439
liggghts_settled,0.4,0.1,settled_flat_floor,27554,9147,0.142200,2.3700,0.906681,61.125068,13038
liggghts_settled,0.4,0.1,settled_flat_floor,27554,9147,0.143400,2.3900,0.908050,62.576801,13279
liggghts_settled,0.4,0.1,settled_flat_floor,27554,9147,0.144600,2.4100,0.932451,64.092599,13865
liggghts_settled,0.4,0.1,settled_flat_floor,27554,9147,0.145800,2.4300,0.931917,65.632776,14088
liggghts_settled,0.4,0.1,settled_flat_floor,27554,9147,0.147000,2.4500,0.949301,67.227616,14588
liggghts_settled,0.4,0.1,settled_flat_floor,27554,9147,0.148200,2.4700,0.983225,68.906527,15357
liggghts_settled,0.4,0.1,settled_flat_floor,27554,9147,0.149400,2.4900,0.991371,70.626872,15736
liggghts_settled,0.4,0.1,settled_flat_floor,27554,9147,0.150600,2.5100,1.012091,72.411501,16324
liggghts_settled,0.4,0.1,settled_flat_floor,27554,9147,0.151800,2.5300,1.022210,74.242812,16751
liggghts_settled,0.4,0.1,settled_flat_floor,27554,9147,0.153000,2.5500,1.026182,76.110419,17083
liggghts_settled,0.4,0.1,settled_flat_floor,27554,9147,0.154200,2.5700,1.048713,78.049087,17733
liggghts_settled,0.4,0.1,settled_flat_floor,27554,9147,0.155400,2.5900,1.078464,80.073904,18521
liggghts_settled,0.4,0.1,settled_flat_floor,27554,9147,0.156600,2.6100,1.073180,82.120039,18716
liggghts_settled,0.4,0.1,settled_flat_floor,27554,9147,0.157800,2.6300,1.100968,84.251449,19496
liggghts_settled,0.4,0.1,settled_flat_floor,27554,9147,0.159000,2.6500,1.090253,86.394337,19601
liggghts_settled,0.4,0.1,settled_flat_floor,27554,9147,0.160200,2.6700,1.091788,88.572756,19926
liggghts_settled,0.4,0.1,settled_flat_floor,27554,9147,0.161400,2.6900,1.119824,90.840713,20745
liggghts_settled,0.4,0.1,settled_flat_floor,27554,9147,0.162600,2.7100,1.100856,93.103531,20698
liggghts_settled,0.4,0.1,settled_flat_floor,27554,9147,0.163800,2.7300,1.083318,95.363289,20670
liggghts_settled,0.4,0.1,settled_flat_floor,27554,9147,0.165000,2.7500,1.067670,97.623155,20671
liggghts_settled,0.4,0.1,settled_flat_floor,27554,9147,0.166200,2.7700,1.091914,99.968077,21449
liggghts_settled,0.4,0.1,settled_flat_floor,27554,9147,0.167400,2.7900,1.086301,102.334755,21648
liggghts_settled,0.4,0.1,settled_flat_floor,27554,9147,0.168600,2.8100,1.055509,104.667432,21337
liggghts_settled,0.4,0.1,settled_flat_floor,27554,9147,0.169800,2.8300,1.062151,107.048322,21778
liggghts_settled,0.4,0.1,settled_flat_floor,27554,9147,0.171000,2.8500,1.034648,109.400459,21515
liggghts_settled,0.4,0.1,settled_flat_floor,27554,9147,0.172200,2.8700,1.034173,111.784629,21808
liggghts_settled,0.4,0.1,settled_flat_floor,27554,9147,0.173400,2.8900,1.020938,114.171204,21830
liggghts_settled,0.4,0.1,settled_flat_floor,27554,9147,0.174600,2.9100,1.025726,116.602274,22237
liggghts_settled,0.4,0.1,settled_flat_floor,27554,9147,0.175800,2.9300,0.997347,118.998688,21920
liggghts_settled,0.4,0.1,settled_flat_floor,27554,9147,0.177000,2.9500,0.997290,121.427791,22219
liggghts_settled,0.4,0.1,settled_flat_floor,27554,9147,0.178200,2.9700,0.988820,123.869028,22330
liggghts_settled,0.4,0.1,settled_flat_floor,27554,9147,0.179400,2.9900,0.942561,126.227506,21573
liggghts_settled,0.4,0.1,settled_flat_floor,27554,9147,0.180600,3.0100,0.939389,128.609599,21789
liggghts_settled,0.4,0.1,settled_flat_floor,27554,9147,0.181800,3.0300,0.930433,131.000437,21869
liggghts_settled,0.4,0.1,settled_flat_floor,27554,9147,0.183000,3.0500,0.939265,133.445939,22369
liggghts_settled,0.4,0.1,settled_flat_floor,27554,9147,0.184200,3.0700,0.952307,135.958019,22978
liggghts_settled,0.4,0.1,settled_flat_floor,27554,9147,0.185400,3.0900,0.935069,138.456871,22857
liggghts_settled,0.4,0.1,settled_flat_floor,27554,9147,0.186600,3.1100,0.928048,140.969170,22980
liggghts_settled,0.4,0.1,settled_flat_floor,27554,9147,0.187800,3.1300,0.944694,143.559528,23694
liggghts_settled,0.4,0.1,settled_flat_floor,27554,9147,0.189000,3.1500,0.957812,146.219526,24331
liggghts_settled,0.4,0.1,settled_flat_floor,27554,9147,0.190200,3.1700,0.965161,148.934077,24830
liggghts_settled,0.4,0.1,settled_flat_floor,27554,9147,0.191400,3.1900,0.973248,151.706024,25355
liggghts_settled,0.4,0.1,settled_flat_floor,27554,9147,0.192600,3.2100,0.957557,154.467585,25260
liggghts_settled,0.4,0.1,settled_flat_floor,27554,9147,0.193800,3.2300,0.963894,157.282169,25745
liggghts_settled,0.4,0.1,settled_flat_floor,27554,9147,0.195000,3.2500,0.977695,160.172516,26438
liggghts_settled,0.4,0.1,settled_flat_floor,27554,9147,0.196200,3.2700,1.003069,163.174483,27459
liggghts_settled,0.4,0.1,settled_flat_floor,27554,9147,0.197400,3.2900,0.990189,166.174265,27439
liggghts_settled,0.4,0.1,settled_flat_floor,27554,9147,0.198600,3.3100,0.986067,169.197988,27658
liggghts_settled,0.4,0.1,settled_flat_floor,27554,9147,0.199800,3.3300,0.990567,172.272330,28121
liggghts_settled,0.4,0.1,settled_flat_floor,27554,9147,0.201000,3.3500,1.001642,175.418498,28778
liggghts_settled,0.4,0.1,settled_flat_floor,27554,9147,0.202200,3.3700,1.000141,178.597573,29079
liggghts_settled,0.4,0.1,settled_flat_floor,27554,9147,0.203400,3.3900,1.017674,181.870887,29941
liggghts_settled,0.4,0.1,settled_flat_floor,27554,9147,0.204600,3.4100,1.024918,185.206516,30511
liggghts_settled,0.4,0.1,settled_flat_floor,27554,9147,0.205800,3.4300,1.022961,188.574943,30811
liggghts_settled,0.4,0.1,settled_flat_floor,27554,9147,0.207000,3.4500,1.018946,191.969389,31049
liggghts_settled,0.4,0.1,settled_flat_floor,27554,9147,0.208200,3.4700,1.027898,195.433475,31686
liggghts_settled,0.4,0.1,settled_flat_floor,27554,9147,0.209400,3.4900,1.040011,198.978900,32430
liggghts_settled,0.4,0.1,settled_flat_floor,27554,9147,0.210600,3.5100,1.030887,202.533618,32515
liggghts_settled,0.4,0.1,settled_flat_floor,27554,9147,0.211800,3.5300,1.037828,206.153165,33108
liggghts_settled,0.4,0.1,settled_flat_floor,27554,9147,0.213000,3.5500,1.042594,209.830655,33638
liggghts_settled,0.4,0.1,settled_flat_floor,27554,9147,0.214200,3.5700,1.041181,213.544659,33972
liggghts_settled,0.4,0.1,settled_flat_floor,27554,9147,0.215400,3.5900,1.046464,217.319449,34528
liggghts_settled,0.4,0.1,settled_flat_floor,27554,9147,0.216600,3.6100,1.037568,221.103969,34617
liggghts_settled,0.4,0.1,settled_flat_floor,27554,9147,0.217800,3.6300,1.028657,224.897671,34701
liggghts_settled,0.4,0.1,settled_flat_floor,27554,9147,0.219000,3.6500,1.025624,228.721985,34981
liggghts_settled,0.4,0.1,settled_flat_floor,27554,9147,0.220200,3.6700,1.023582,232.580628,35295
liggghts_settled,0.4,0.1,settled_flat_floor,27554,9147,0.221400,3.6900,1.013205,236.441894,35319
liggghts_settled,0.4,0.1,settled_flat_floor,27554,9147,0.222600,3.7100,1.006227,240.318246,35457
liggghts_settled,0.4,0.1,settled_flat_floor,27554,9147,0.223800,3.7300,1.011946,244.258773,36044
liggghts_settled,0.4,0.1,settled_flat_floor,27554,9147,0.225000,3.7500,1.003180,248.207172,36116
liggghts_settled,0.4,0.1,settled_flat_floor,27554,9147,0.226200,3.7700,0.999820,252.184432,36380
liggghts_settled,0.4,0.1,settled_flat_floor,27554,9147,0.227400,3.7900,1.004306,256.222040,36932
liggghts_settled,0.4,0.1,settled_flat_floor,27554,9147,0.228600,3.8100,0.980094,260.204001,36423
liggghts_settled,0.4,0.1,settled_flat_floor,27554,9147,0.229800,3.8300,0.980642,264.230130,36827
liggghts_settled,0.4,0.1,settled_flat_floor,27554,9147,0.231000,3.8500,0.990060,268.337488,37570
liggghts_settled,0.4,0.1,settled_flat_floor,27554,9147,0.232200,3.8700,0.983818,272.461463,37722
liggghts_settled,0.4,0.1,settled_flat_floor,27554,9147,0.233400,3.8900,0.988131,276.646441,38280
liggghts_settled,0.4,0.1,settled_flat_floor,27554,9147,0.234600,3.9100,0.983056,280.852848,38476
liggghts_settled,0.4,0.1,settled_flat_floor,27554,9147,0.235800,3.9300,0.983116,285.102657,38873
liggghts_settled,0.4,0.1,settled_flat_floor,27554,9147,0.237000,3.9500,0.979770,289.381218,39136
liggghts_settled,0.4,0.1,settled_flat_floor,27554,9147,0.238200,3.9700,0.977631,293.693779,39447
liggghts_settled,0.4,0.1,settled_flat_floor,27554,9147,0.239400,3.9900,0.977546,298.049524,39842
liggghts_settled,0.4,0.1,settled_flat_floor,27554,9147,0.240600,4.0100,0.973989,302.433038,40096
liggghts_settled,0.4,0.1,settled_flat_floor,27554,9147,0.241800,4.0300,0.985535,306.912868,40977
liggghts_settled,0.4,0.1,settled_flat_floor,27554,9147,0.243000,4.0500,0.970586,311.368645,40757
liggghts_settled,0.4,0.1,settled_flat_floor,27554,9147,0.244200,4.0700,0.992433,315.969826,42087
liggghts_settled,0.4,0.1,settled_flat_floor,27554,9147,0.245400,4.0900,0.989802,320.604023,42389
liggghts_settled,0.4,0.1,settled_flat_floor,27554,9147,0.246600,4.1100,0.996564,325.315623,43097
liggghts_settled,0.4,0.1,settled_flat_floor,27554,9147,0.247800,4.1300,1.006195,330.119165,43938
liggghts_settled,0.4,0.1,settled_flat_floor,27554,9147,0.249000,4.1500,1.012918,335.001749,44661
liggghts_settled,0.4,0.1,settled_flat_floor,27554,9147,0.250200,4.1700,1.010099,339.917787,44967
liggghts_settled,0.4,0.1,settled_flat_floor,27554,9147,0.251400,4.1900,1.003282,344.847600,45093
liggghts_settled,0.4,0.1,settled_flat_floor,27554,9147,0.252600,4.2100,1.004726,349.831748,45590
liggghts_settled,0.4,0.1,settled_flat_floor,27554,9147,0.253800,4.2300,1.005900,354.869247,46078
liggghts_settled,0.4,0.1,settled_flat_floor,27554,9147,0.255000,4.2500,1.009171,359.971029,46666
liggghts_settled,0.4,0.1,settled_flat_floor,27554,9147,0.256200,4.2700,1.006724,365.108451,46992
liggghts_settled,0.4,0.1,settled_flat_floor,27554,9147,0.257400,4.2900,1.010560,370.313873,47614
liggghts_settled,0.4,0.1,settled_flat_floor,27554,9147,0.258600,4.3100,1.013231,375.581830,48186
liggghts_settled,0.4,0.1,settled_flat_floor,27554,9147,0.259800,4.3300,1.006413,380.863015,48307
liggghts_settled,0.4,0.1,settled_flat_floor,27554,9147,0.261000,4.3500,1.015098,386.239095,49175
liggghts_settled,0.4,0.1,settled_flat_floor,27554,9147,0.262200,4.3700,1.009632,391.635509,49361
liggghts_settled,0.4,0.1,settled_flat_floor,27554,9147,0.263400,4.3900,1.017175,397.122117,50186
liggghts_settled,0.4,0.1,settled_flat_floor,27554,9147,0.264600,4.4100,1.011746,402.629277,50374
liggghts_settled,0.4,0.1,settled_flat_floor,27554,9147,0.265800,4.4300,1.013359,408.195365,50913
liggghts_settled,0.4,0.1,settled_flat_floor,27554,9147,0.267000,4.4500,1.012713,413.808243,51341
liggghts_settled,0.4,0.1,settled_flat_floor,27554,9147,0.268200,4.4700,1.007991,419.445283,51562
liggghts_settled,0.4,0.1,settled_flat_floor,27554,9147,0.269400,4.4900,1.009940,425.143872,52125
liggghts_settled,0.4,0.1,settled_flat_floor,27554,9147,0.270600,4.5100,1.005707,430.869247,52370
liggghts_settled,0.4,0.1,settled_flat_floor,27554,9147,0.271800,4.5300,1.020450,436.730185,53610
liggghts_settled,0.4,0.1,settled_flat_floor,27554,9147,0.273000,4.5500,1.007008,442.565103,53372
liggghts_settled,0.4,0.1,settled_flat_floor,27554,9147,0.274200,4.5700,1.008668,448.461135,53931
liggghts_settled,0.4,0.1,settled_flat_floor,27554,9147,0.275400,4.5900,1.006757,454.397617,54301
liggghts_settled,0.4,0.1,settled_flat_floor,27554,9147,0.276600,4.6100,1.002158,460.358588,54525
liggghts_settled,0.4,0.1,settled_flat_floor,27554,9147,0.277800,4.6300,0.992935,466.316060,54493
liggghts_settled,0.4,0.1,settled_flat_floor,27554,9147,0.279000,4.6500,0.989055,472.301629,54750
liggghts_settled,0.4,0.1,settled_flat_floor,27554,9147,0.280200,4.6700,1.000876,478.410954,55882
liggghts_settled,0.4,0.1,settled_flat_floor,27554,9147,0.281400,4.6900,0.985095,484.475566,55473
liggghts_settled,0.4,0.1,settled_flat_floor,27554,9147,0.282600,4.7100,0.997172,490.666995,56633
liggghts_settled,0.4,0.1,settled_flat_floor,27554,9147,0.283800,4.7300,0.987831,496.852629,56580
liggghts_settled,0.4,0.1,settled_flat_floor,27554,9147,0.285000,4.7500,0.988377,503.094129,57091
liggghts_settled,0.4,0.1,settled_flat_floor,27554,9147,0.286200,4.7700,0.990870,509.404176,57718
liggghts_settled,0.4,0.1,settled_flat_floor,27554,9147,0.287400,4.7900,0.990274,515.763420,58168
liggghts_settled,0.4,0.1,settled_flat_floor,27554,9147,0.288600,4.8100,0.996913,522.218870,59048
liggghts_settled,0.4,0.1,settled_flat_floor,27554,9147,0.289800,4.8300,1.000545,528.751831,59757
liggghts_settled,0.4,0.1,settled_flat_floor,27554,9147,0.291000,4.8500,0.997425,535.318465,60065
liggghts_settled,0.4,0.1,settled_flat_floor,27554,9147,0.292200,4.8700,0.997369,541.938996,60558
liggghts_settled,0.4,0.1,settled_flat_floor,27554,9147,0.293400,4.8900,1.007261,548.680223,61662
liggghts_settled,0.4,0.1,settled_flat_floor,27554,9147,0.294600,4.9100,0.992397,555.376408,61250
liggghts_settled,0.4,0.1,settled_flat_floor,27554,9147,0.295800,4.9300,0.995065,562.145403,61916
liggghts_settled,0.4,0.1,settled_flat_floor,27554,9147,0.297000,4.9500,1.001116,569.010933,62799
liggghts_settled,0.4,0.1,settled_flat_floor,27554,9147,0.298200,4.9700,0.998484,575.913852,63141
liggghts_settled,0.4,0.1,settled_flat_floor,27554,9147,0.299400,4.9900,1.003328,582.906199,63959
ours_settled,0.4,0.1,settled_flat_floor,27554,9147,0.000600,0.0100,0.000000,0.000000,0
ours_settled,0.4,0.1,settled_flat_floor,27554,9147,0.001800,0.0300,0.000000,0.000000,0
ours_settled,0.4,0.1,settled_flat_floor,27554,9147,0.003000,0.0500,0.000000,0.000000,0
ours_settled,0.4,0.1,settled_flat_floor,27554,9147,0.004200,0.0700,0.000000,0.000000,0
ours_settled,0.4,0.1,settled_flat_floor,27554,9147,0.005400,0.0900,0.000000,0.000000,0
ours_settled,0.4,0.1,settled_flat_floor,27554,9147,0.006600,0.1100,0.000000,0.000000,0
ours_settled,0.4,0.1,settled_flat_floor,27554,9147,0.007800,0.1300,0.000000,0.000000,0
ours_settled,0.4,0.1,settled_flat_floor,27554,9147,0.009000,0.1500,0.000000,0.000000,0
ours_settled,0.4,0.1,settled_flat_floor,27554,9147,0.010200,0.1700,0.000000,0.000000,0
ours_settled,0.4,0.1,settled_flat_floor,27554,9147,0.011400,0.1900,0.000000,0.000000,0
ours_settled,0.4,0.1,settled_flat_floor,27554,9147,0.012600,0.2100,0.000000,0.000000,0
ours_settled,0.4,0.1,settled_flat_floor,27554,9147,0.013800,0.2300,0.000000,0.000000,0
ours_settled,0.4,0.1,settled_flat_floor,27554,9147,0.015000,0.2500,0.000000,0.000000,0
ours_settled,0.4,0.1,settled_flat_floor,27554,9147,0.016200,0.2700,0.000000,0.000000,0
ours_settled,0.4,0.1,settled_flat_floor,27554,9147,0.017400,0.2900,0.000000,0.000000,0
ours_settled,0.4,0.1,settled_flat_floor,27554,9147,0.018600,0.3100,0.000000,0.000000,0
ours_settled,0.4,0.1,settled_flat_floor,27554,9147,0.019800,0.3300,0.000000,0.000000,0
ours_settled,0.4,0.1,settled_flat_floor,27554,9147,0.021000,0.3500,0.000000,0.000000,0
ours_settled,0.4,0.1,settled_flat_floor,27554,9147,0.022200,0.3700,0.000000,0.000000,0
ours_settled,0.4,0.1,settled_flat_floor,27554,9147,0.023400,0.3900,0.000000,0.000000,0
ours_settled,0.4,0.1,settled_flat_floor,27554,9147,0.024600,0.4100,0.000000,0.000000,0
ours_settled,0.4,0.1,settled_flat_floor,27554,9147,0.025800,0.4300,0.000000,0.000000,0
ours_settled,0.4,0.1,settled_flat_floor,27554,9147,0.027000,0.4500,0.000000,0.000000,0
ours_settled,0.4,0.1,settled_flat_floor,27554,9147,0.028200,0.4700,0.000000,0.000000,0
ours_settled,0.4,0.1,settled_flat_floor,27554,9147,0.029400,0.4900,0.000000,0.000000,0
ours_settled,0.4,0.1,settled_flat_floor,27554,9147,0.030600,0.5100,0.000000,0.000000,0
ours_settled,0.4,0.1,settled_flat_floor,27554,9147,0.031800,0.5300,0.000000,0.000000,0
ours_settled,0.4,0.1,settled_flat_floor,27554,9147,0.033000,0.5500,0.000000,0.000000,0
ours_settled,0.4,0.1,settled_flat_floor,27554,9147,0.034200,0.5700,0.000000,0.000000,0
ours_settled,0.4,0.1,settled_flat_floor,27554,9147,0.035400,0.5900,0.000000,0.000000,0
ours_settled,0.4,0.1,settled_flat_floor,27554,9147,0.036600,0.6100,0.000000,0.000000,0
ours_settled,0.4,0.1,settled_flat_floor,27554,9147,0.037800,0.6300,0.000000,0.000000,0
ours_settled,0.4,0.1,settled_flat_floor,27554,9147,0.039000,0.6500,0.000000,0.000000,0
ours_settled,0.4,0.1,settled_flat_floor,27554,9147,0.040200,0.6700,0.000000,0.000000,0
ours_settled,0.4,0.1,settled_flat_floor,27554,9147,0.041400,0.6900,0.000000,0.000000,0
ours_settled,0.4,0.1,settled_flat_floor,27554,9147,0.042600,0.7100,0.000000,0.000000,0
ours_settled,0.4,0.1,settled_flat_floor,27554,9147,0.043800,0.7300,0.000000,0.000000,0
ours_settled,0.4,0.1,settled_flat_floor,27554,9147,0.045000,0.7500,0.000000,0.000000,0
ours_settled,0.4,0.1,settled_flat_floor,27554,9147,0.046200,0.7700,0.000000,0.000000,0
ours_settled,0.4,0.1,settled_flat_floor,27554,9147,0.047400,0.7900,0.000000,0.000000,0
ours_settled,0.4,0.1,settled_flat_floor,27554,9147,0.048600,0.8100,0.000000,0.000000,0
ours_settled,0.4,0.1,settled_flat_floor,27554,9147,0.049800,0.8300,0.000000,0.000000,0
ours_settled,0.4,0.1,settled_flat_floor,27554,9147,0.051000,0.8500,0.000000,0.000000,0
ours_settled,0.4,0.1,settled_flat_floor,27554,9147,0.052200,0.8700,0.000000,0.000000,0
ours_settled,0.4,0.1,settled_flat_floor,27554,9147,0.053400,0.8900,0.000000,0.000000,0
ours_settled,0.4,0.1,settled_flat_floor,27554,9147,0.054600,0.9100,0.000000,0.000000,0
ours_settled,0.4,0.1,settled_flat_floor,27554,9147,0.055800,0.9300,0.000000,0.000000,0
ours_settled,0.4,0.1,settled_flat_floor,27554,9147,0.057000,0.9500,0.000000,0.000000,0
ours_settled,0.4,0.1,settled_flat_floor,27554,9147,0.058200,0.9700,0.000000,0.000000,0
ours_settled,0.4,0.1,settled_flat_floor,27554,9147,0.059400,0.9900,17.635258,4.838198,44255
ours_settled,0.4,0.1,settled_flat_floor,27554,9147,0.060600,1.0100,3.769324,5.914507,9845
ours_settled,0.4,0.1,settled_flat_floor,27554,9147,0.061800,1.0300,1.799483,6.448890,4888
ours_settled,0.4,0.1,settled_flat_floor,27554,9147,0.063000,1.0500,1.341554,6.862906,3787
ours_settled,0.4,0.1,settled_flat_floor,27554,9147,0.064200,1.0700,1.110049,7.218651,3254
ours_settled,0.4,0.1,settled_flat_floor,27554,9147,0.065400,1.0900,1.009859,7.554499,3072
ours_settled,0.4,0.1,settled_flat_floor,27554,9147,0.066600,1.1100,0.901839,7.865530,2845
ours_settled,0.4,0.1,settled_flat_floor,27554,9147,0.067800,1.1300,0.827072,8.161146,2704
ours_settled,0.4,0.1,settled_flat_floor,27554,9147,0.069000,1.1500,0.834289,8.469990,2825
ours_settled,0.4,0.1,settled_flat_floor,27554,9147,0.070200,1.1700,0.756366,8.759812,2651
ours_settled,0.4,0.1,settled_flat_floor,27554,9147,0.071400,1.1900,0.725916,9.047557,2632
ours_settled,0.4,0.1,settled_flat_floor,27554,9147,0.072600,1.2100,0.705586,9.336722,2645
ours_settled,0.4,0.1,settled_flat_floor,27554,9147,0.073800,1.2300,0.675340,9.622718,2616
ours_settled,0.4,0.1,settled_flat_floor,27554,9147,0.075000,1.2500,0.659402,9.911118,2638
ours_settled,0.4,0.1,settled_flat_floor,27554,9147,0.076200,1.2700,0.643882,10.201815,2659
ours_settled,0.4,0.1,settled_flat_floor,27554,9147,0.077400,1.2900,0.674533,10.516016,2874
ours_settled,0.4,0.1,settled_flat_floor,27554,9147,0.078600,1.3100,0.694605,10.849677,3052
ours_settled,0.4,0.1,settled_flat_floor,27554,9147,0.079800,1.3300,0.621323,11.157319,2814
ours_settled,0.4,0.1,settled_flat_floor,27554,9147,0.081000,1.3500,0.650411,11.489122,3035
ours_settled,0.4,0.1,settled_flat_floor,27554,9147,0.082200,1.3700,0.635305,11.822893,3053
ours_settled,0.4,0.1,settled_flat_floor,27554,9147,0.083400,1.3900,0.637572,12.167705,3154
ours_settled,0.4,0.1,settled_flat_floor,27554,9147,0.084600,1.4100,0.688176,12.550672,3503
ours_settled,0.4,0.1,settled_flat_floor,27554,9147,0.085800,1.4300,0.660466,12.928720,3458
ours_settled,0.4,0.1,settled_flat_floor,27554,9147,0.087000,1.4500,0.643673,13.307533,3465
ours_settled,0.4,0.1,settled_flat_floor,27554,9147,0.088200,1.4700,0.690803,13.725374,3822
ours_settled,0.4,0.1,settled_flat_floor,27554,9147,0.089400,1.4900,0.689975,14.154149,3922
ours_settled,0.4,0.1,settled_flat_floor,27554,9147,0.090600,1.5100,0.687749,14.593091,4015
ours_settled,0.4,0.1,settled_flat_floor,27554,9147,0.091800,1.5300,0.720774,15.065377,4320
ours_settled,0.4,0.1,settled_flat_floor,27554,9147,0.093000,1.5500,0.753828,15.572319,4637
ours_settled,0.4,0.1,settled_flat_floor,27554,9147,0.094200,1.5700,0.773566,16.106046,4882
ours_settled,0.4,0.1,settled_flat_floor,27554,9147,0.095400,1.5900,0.814788,16.682628,5274
ours_settled,0.4,0.1,settled_flat_floor,27554,9147,0.096600,1.6100,0.832491,17.286651,5525
ours_settled,0.4,0.1,settled_flat_floor,27554,9147,0.097800,1.6300,0.868342,17.932437,5907
ours_settled,0.4,0.1,settled_flat_floor,27554,9147,0.099000,1.6500,0.925605,18.637805,6452
ours_settled,0.4,0.1,settled_flat_floor,27554,9147,0.100200,1.6700,0.935778,19.368317,6682
ours_settled,0.4,0.1,settled_flat_floor,27554,9147,0.101400,1.6900,1.012631,20.177873,7405
ours_settled,0.4,0.1,settled_flat_floor,27554,9147,0.102600,1.7100,1.121049,21.095441,8393
ours_settled,0.4,0.1,settled_flat_floor,27554,9147,0.103800,1.7300,1.214033,22.112496,9303
ours_settled,0.4,0.1,settled_flat_floor,27554,9147,0.105000,1.7500,1.145250,23.094239,8980
ours_settled,0.4,0.1,settled_flat_floor,27554,9147,0.106200,1.7700,1.135846,24.090303,9111
ours_settled,0.4,0.1,settled_flat_floor,27554,9147,0.107400,1.7900,1.152661,25.124084,9456
ours_settled,0.4,0.1,settled_flat_floor,27554,9147,0.108600,1.8100,1.188368,26.213841,9968
ours_settled,0.4,0.1,settled_flat_floor,27554,9147,0.109800,1.8300,1.214084,27.351919,10410
ours_settled,0.4,0.1,settled_flat_floor,27554,9147,0.111000,1.8500,1.207034,28.508254,10577
ours_settled,0.4,0.1,settled_flat_floor,27554,9147,0.112200,1.8700,1.265121,29.746584,11327
ours_settled,0.4,0.1,settled_flat_floor,27554,9147,0.113400,1.8900,1.293377,31.039794,11829
ours_settled,0.4,0.1,settled_flat_floor,27554,9147,0.114600,1.9100,1.308186,32.375642,12219
ours_settled,0.4,0.1,settled_flat_floor,27554,9147,0.115800,1.9300,1.388795,33.823658,13245
ours_settled,0.4,0.1,settled_flat_floor,27554,9147,0.117000,1.9500,1.433791,35.349732,13959
ours_settled,0.4,0.1,settled_flat_floor,27554,9147,0.118200,1.9700,1.453738,36.928938,14445
ours_settled,0.4,0.1,settled_flat_floor,27554,9147,0.119400,1.9900,1.517570,38.611129,15387
ours_settled,0.4,0.1,settled_flat_floor,27554,9147,0.120600,2.0100,1.023389,39.768449,10586
ours_settled,0.4,0.1,settled_flat_floor,27554,9147,0.121800,2.0300,0.956503,40.871761,10092
ours_settled,0.4,0.1,settled_flat_floor,27554,9147,0.123000,2.0500,0.920365,41.954411,9903
ours_settled,0.4,0.1,settled_flat_floor,27554,9147,0.124200,2.0700,0.883069,43.013556,9688
ours_settled,0.4,0.1,settled_flat_floor,27554,9147,0.125400,2.0900,0.868932,44.075981,9718
ours_settled,0.4,0.1,settled_flat_floor,27554,9147,0.126600,2.1100,0.876487,45.168252,9991
ours_settled,0.4,0.1,settled_flat_floor,27554,9147,0.127800,2.1300,0.848741,46.246092,9859
ours_settled,0.4,0.1,settled_flat_floor,27554,9147,0.129000,2.1500,0.863780,47.363726,10223
ours_settled,0.4,0.1,settled_flat_floor,27554,9147,0.130200,2.1700,0.835821,48.465398,10077
ours_settled,0.4,0.1,settled_flat_floor,27554,9147,0.131400,2.1900,0.853606,49.611348,10482
ours_settled,0.4,0.1,settled_flat_floor,27554,9147,0.132600,2.2100,0.865895,50.795124,10828
ours_settled,0.4,0.1,settled_flat_floor,27554,9147,0.133800,2.2300,0.846192,51.972997,10774
ours_settled,0.4,0.1,settled_flat_floor,27554,9147,0.135000,2.2500,0.834302,53.155242,10814
ours_settled,0.4,0.1,settled_flat_floor,27554,9147,0.136200,2.2700,0.875755,54.418389,11554
ours_settled,0.4,0.1,settled_flat_floor,27554,9147,0.137400,2.2900,0.851438,55.668197,11432
ours_settled,0.4,0.1,settled_flat_floor,27554,9147,0.138600,2.3100,0.887702,56.994096,12128
ours_settled,0.4,0.1,settled_flat_floor,27554,9147,0.139800,2.3300,0.886917,58.341861,12328
ours_settled,0.4,0.1,settled_flat_floor,27554,9147,0.141000,2.3500,0.878179,59.699355,12417
ours_settled,0.4,0.1,settled_flat_floor,27554,9147,0.142200,2.3700,0.908896,61.128348,13071
ours_settled,0.4,0.1,settled_flat_floor,27554,9147,0.143400,2.3900,0.906671,62.578004,13260
ours_settled,0.4,0.1,settled_flat_floor,27554,9147,0.144600,2.4100,0.932504,64.094020,13867
ours_settled,0.4,0.1,settled_flat_floor,27554,9147,0.145800,2.4300,0.931240,65.633213,14079
ours_settled,0.4,0.1,settled_flat_floor,27554,9147,0.147000,2.4500,0.951560,67.231989,14624
ours_settled,0.4,0.1,settled_flat_floor,27554,9147,0.148200,2.4700,0.982178,68.909260,15342
ours_settled,0.4,0.1,settled_flat_floor,27554,9147,0.149400,2.4900,0.991410,70.629824,15738
ours_settled,0.4,0.1,settled_flat_floor,27554,9147,0.150600,2.5100,1.013614,72.417295,16350
ours_settled,0.4,0.1,settled_flat_floor,27554,9147,0.151800,2.5300,1.021876,74.248169,16747
ours_settled,0.4,0.1,settled_flat_floor,27554,9147,0.153000,2.5500,1.023749,76.111512,17044
ours_settled,0.4,0.1,settled_flat_floor,27554,9147,0.154200,2.5700,1.049389,78.051602,17746
ours_settled,0.4,0.1,settled_flat_floor,27554,9147,0.155400,2.5900,1.079301,80.078168,18537
ours_settled,0.4,0.1,settled_flat_floor,27554,9147,0.156600,2.6100,1.071423,82.121133,18687
ours_settled,0.4,0.1,settled_flat_floor,27554,9147,0.157800,2.6300,1.101267,84.253307,19503
ours_settled,0.4,0.1,settled_flat_floor,27554,9147,0.159000,2.6500,1.092994,86.401771,19652
ours_settled,0.4,0.1,settled_flat_floor,27554,9147,0.160200,2.6700,1.088843,88.574505,19874
ours_settled,0.4,0.1,settled_flat_floor,27554,9147,0.161400,2.6900,1.122802,90.848694,20802
ours_settled,0.4,0.1,settled_flat_floor,27554,9147,0.162600,2.7100,1.097196,93.104187,20631
ours_settled,0.4,0.1,settled_flat_floor,27554,9147,0.163800,2.7300,1.081808,95.360993,20643
ours_settled,0.4,0.1,settled_flat_floor,27554,9147,0.165000,2.7500,1.072534,97.631355,20767
ours_settled,0.4,0.1,settled_flat_floor,27554,9147,0.166200,2.7700,1.089833,99.972013,21410
ours_settled,0.4,0.1,settled_flat_floor,27554,9147,0.167400,2.7900,1.085453,102.337050,21633
ours_settled,0.4,0.1,settled_flat_floor,27554,9147,0.168600,2.8100,1.056355,104.671805,21356
ours_settled,0.4,0.1,settled_flat_floor,27554,9147,0.169800,2.8300,1.062545,107.053788,21788
ours_settled,0.4,0.1,settled_flat_floor,27554,9147,0.171000,2.8500,1.036625,109.410626,21558
ours_settled,0.4,0.1,settled_flat_floor,27554,9147,0.172200,2.8700,1.032565,111.791298,21776
ours_settled,0.4,0.1,settled_flat_floor,27554,9147,0.173400,2.8900,1.018556,114.172516,21781
ours_settled,0.4,0.1,settled_flat_floor,27554,9147,0.174600,2.9100,1.026835,116.606428,22263
ours_settled,0.4,0.1,settled_flat_floor,27554,9147,0.175800,2.9300,0.995030,118.997486,21871
ours_settled,0.4,0.1,settled_flat_floor,27554,9147,0.177000,2.9500,1.000793,121.435334,22299
ours_settled,0.4,0.1,settled_flat_floor,27554,9147,0.178200,2.9700,0.987936,123.874604,22312
ours_settled,0.4,0.1,settled_flat_floor,27554,9147,0.179400,2.9900,0.942522,126.233191,21574
ours_settled,0.4,0.1,settled_flat_floor,27554,9147,0.180600,3.0100,0.940341,128.617908,21813
ours_settled,0.4,0.1,settled_flat_floor,27554,9147,0.181800,3.0300,0.929713,131.007106,21854
ours_settled,0.4,0.1,settled_flat_floor,27554,9147,0.183000,3.0500,0.939056,133.452279,22366
ours_settled,0.4,0.1,settled_flat_floor,27554,9147,0.184200,3.0700,0.951394,135.962173,22958
ours_settled,0.4,0.1,settled_flat_floor,27554,9147,0.185400,3.0900,0.934168,138.458839,22837
ours_settled,0.4,0.1,settled_flat_floor,27554,9147,0.186600,3.1100,0.927644,140.970263,22972
ours_settled,0.4,0.1,settled_flat_floor,27554,9147,0.187800,3.1300,0.946166,143.564885,23733
ours_settled,0.4,0.1,settled_flat_floor,27554,9147,0.189000,3.1500,0.959066,146.228600,24365
ours_settled,0.4,0.1,settled_flat_floor,27554,9147,0.190200,3.1700,0.963599,148.938996,24792
ours_settled,0.4,0.1,settled_flat_floor,27554,9147,0.191400,3.1900,0.973585,151.712146,25366
ours_settled,0.4,0.1,settled_flat_floor,27554,9147,0.192600,3.2100,0.957018,154.472395,25248
ours_settled,0.4,0.1,settled_flat_floor,27554,9147,0.193800,3.2300,0.963622,157.286433,25740
ours_settled,0.4,0.1,settled_flat_floor,27554,9147,0.195000,3.2500,0.977831,160.177435,26444
ours_settled,0.4,0.1,settled_flat_floor,27554,9147,0.196200,3.2700,1.001921,163.176233,27430
ours_settled,0.4,0.1,settled_flat_floor,27554,9147,0.197400,3.2900,0.991220,166.179403,27470
ours_settled,0.4,0.1,settled_flat_floor,27554,9147,0.198600,3.3100,0.986408,169.204439,27670
ours_settled,0.4,0.1,settled_flat_floor,27554,9147,0.199800,3.3300,0.990515,172.278889,28122
ours_settled,0.4,0.1,settled_flat_floor,27554,9147,0.201000,3.3500,1.002876,175.429212,28816
ours_settled,0.4,0.1,settled_flat_floor,27554,9147,0.202200,3.3700,0.999847,178.607631,29073
ours_settled,0.4,0.1,settled_flat_floor,27554,9147,0.203400,3.3900,1.015817,181.875260,29889
ours_settled,0.4,0.1,settled_flat_floor,27554,9147,0.204600,3.4100,1.023988,185.208156,30486
ours_settled,0.4,0.1,settled_flat_floor,27554,9147,0.205800,3.4300,1.023635,188.579097,30834
ours_settled,0.4,0.1,settled_flat_floor,27554,9147,0.207000,3.4500,1.018528,191.972450,31039
ours_settled,0.4,0.1,settled_flat_floor,27554,9147,0.208200,3.4700,1.029624,195.442659,31742
ours_settled,0.4,0.1,settled_flat_floor,27554,9147,0.209400,3.4900,1.039438,198.986444,32415
ours_settled,0.4,0.1,settled_flat_floor,27554,9147,0.210600,3.5100,1.032065,202.545534,32555
ours_settled,0.4,0.1,settled_flat_floor,27554,9147,0.211800,3.5300,1.037423,206.163988,33098
ours_settled,0.4,0.1,settled_flat_floor,27554,9147,0.213000,3.5500,1.042006,209.839729,33622
ours_settled,0.4,0.1,settled_flat_floor,27554,9147,0.214200,3.5700,1.040630,213.552094,33957
ours_settled,0.4,0.1,settled_flat_floor,27554,9147,0.215400,3.5900,1.045584,217.324041,34502
ours_settled,0.4,0.1,settled_flat_floor,27554,9147,0.216600,3.6100,1.038886,221.113698,34664
ours_settled,0.4,0.1,settled_flat_floor,27554,9147,0.217800,3.6300,1.029189,224.909697,34722
ours_settled,0.4,0.1,settled_flat_floor,27554,9147,0.219000,3.6500,1.024097,228.728654,34932
ours_settled,0.4,0.1,settled_flat_floor,27554,9147,0.220200,3.6700,1.024449,232.590904,35328
ours_settled,0.4,0.1,settled_flat_floor,27554,9147,0.221400,3.6900,1.014149,236.456106,35355
ours_settled,0.4,0.1,settled_flat_floor,27554,9147,0.222600,3.7100,1.005798,240.331147,35445
ours_settled,0.4,0.1,settled_flat_floor,27554,9147,0.223800,3.7300,1.010144,244.265005,35983
ours_settled,0.4,0.1,settled_flat_floor,27554,9147,0.225000,3.7500,1.006314,248.226085,36232
ours_settled,0.4,0.1,settled_flat_floor,27554,9147,0.226200,3.7700,0.997121,252.192959,36285
ours_settled,0.4,0.1,settled_flat_floor,27554,9147,0.227400,3.7900,1.006720,256.240625,37024
ours_settled,0.4,0.1,settled_flat_floor,27554,9147,0.228600,3.8100,0.977667,260.213075,36336
ours_settled,0.4,0.1,settled_flat_floor,27554,9147,0.229800,3.8300,0.982234,264.246092,36890
ours_settled,0.4,0.1,settled_flat_floor,27554,9147,0.231000,3.8500,0.989420,268.351153,37549
ours_settled,0.4,0.1,settled_flat_floor,27554,9147,0.232200,3.8700,0.984044,272.476440,37734
ours_settled,0.4,0.1,settled_flat_floor,27554,9147,0.233400,3.8900,0.988509,276.663387,38298
ours_settled,0.4,0.1,settled_flat_floor,27554,9147,0.234600,3.9100,0.983429,280.871761,38494
ours_settled,0.4,0.1,settled_flat_floor,27554,9147,0.235800,3.9300,0.980526,285.110747,38774
ours_settled,0.4,0.1,settled_flat_floor,27554,9147,0.237000,3.9500,0.981286,289.396305,39200
ours_settled,0.4,0.1,settled_flat_floor,27554,9147,0.238200,3.9700,0.975463,293.699683,39363
ours_settled,0.4,0.1,settled_flat_floor,27554,9147,0.239400,3.9900,0.977460,298.055428,39842
ours_settled,0.4,0.1,settled_flat_floor,27554,9147,0.240600,4.0100,0.975968,302.448234,40181
ours_settled,0.4,0.1,settled_flat_floor,27554,9147,0.241800,4.0300,0.983717,306.920192,40905
ours_settled,0.4,0.1,settled_flat_floor,27554,9147,0.243000,4.0500,0.971215,311.379250,40787
ours_settled,0.4,0.1,settled_flat_floor,27554,9147,0.244200,4.0700,0.992676,315.981961,42101
ours_settled,0.4,0.1,settled_flat_floor,27554,9147,0.245400,4.0900,0.988595,320.610911,42341
ours_settled,0.4,0.1,settled_flat_floor,27554,9147,0.246600,4.1100,0.997425,325.326992,43138
ours_settled,0.4,0.1,settled_flat_floor,27554,9147,0.247800,4.1300,1.006793,330.133814,43968
ours_settled,0.4,0.1,settled_flat_floor,27554,9147,0.249000,4.1500,1.012126,335.013010,44630
ours_settled,0.4,0.1,settled_flat_floor,27554,9147,0.250200,4.1700,1.010931,339.933530,45008
ours_settled,0.4,0.1,settled_flat_floor,27554,9147,0.251400,4.1900,1.003194,344.863343,45093
ours_settled,0.4,0.1,settled_flat_floor,27554,9147,0.252600,4.2100,1.004747,349.848038,45595
ours_settled,0.4,0.1,settled_flat_floor,27554,9147,0.253800,4.2300,1.003956,354.876244,45993
ours_settled,0.4,0.1,settled_flat_floor,27554,9147,0.255000,4.2500,1.011742,359.991473,46789
ours_settled,0.4,0.1,settled_flat_floor,27554,9147,0.256200,4.2700,1.005735,365.124303,46950
ours_settled,0.4,0.1,settled_flat_floor,27554,9147,0.257400,4.2900,1.011278,370.333880,47652
ours_settled,0.4,0.1,settled_flat_floor,27554,9147,0.258600,4.3100,1.011754,375.594621,48120
ours_settled,0.4,0.1,settled_flat_floor,27554,9147,0.259800,4.3300,1.007908,380.884115,48383
ours_settled,0.4,0.1,settled_flat_floor,27554,9147,0.261000,4.3500,1.015731,386.264021,49210
ours_settled,0.4,0.1,settled_flat_floor,27554,9147,0.262200,4.3700,1.008009,391.652236,49286
ours_settled,0.4,0.1,settled_flat_floor,27554,9147,0.263400,4.3900,1.015910,397.132502,50128
ours_settled,0.4,0.1,settled_flat_floor,27554,9147,0.264600,4.4100,1.011817,402.640538,50382
ours_settled,0.4,0.1,settled_flat_floor,27554,9147,0.265800,4.4300,1.014066,408.210998,50953
ours_settled,0.4,0.1,settled_flat_floor,27554,9147,0.267000,4.4500,1.011776,413.819176,51298
ours_settled,0.4,0.1,settled_flat_floor,27554,9147,0.268200,4.4700,1.008333,419.458620,51584
ours_settled,0.4,0.1,settled_flat_floor,27554,9147,0.269400,4.4900,1.010355,425.160052,52151
ours_settled,0.4,0.1,settled_flat_floor,27554,9147,0.270600,4.5100,1.006637,430.891221,52423
ours_settled,0.4,0.1,settled_flat_floor,27554,9147,0.271800,4.5300,1.019313,436.746146,53555
ours_settled,0.4,0.1,settled_flat_floor,27554,9147,0.273000,4.5500,1.006542,442.578878,53352
ours_settled,0.4,0.1,settled_flat_floor,27554,9147,0.274200,4.5700,1.009458,448.480048,53978
ours_settled,0.4,0.1,settled_flat_floor,27554,9147,0.275400,4.5900,1.008059,454.424729,54376
ours_settled,0.4,0.1,settled_flat_floor,27554,9147,0.276600,4.6100,1.001555,460.382639,54497
ours_settled,0.4,0.1,settled_flat_floor,27554,9147,0.277800,4.6300,0.991846,466.334099,54438
ours_settled,0.4,0.1,settled_flat_floor,27554,9147,0.279000,4.6500,0.988083,472.314311,54701
ours_settled,0.4,0.1,settled_flat_floor,27554,9147,0.280200,4.6700,1.002203,478.432273,55961
ours_settled,0.4,0.1,settled_flat_floor,27554,9147,0.281400,4.6900,0.984991,484.496775,55472
ours_settled,0.4,0.1,settled_flat_floor,27554,9147,0.282600,4.7100,0.996362,490.683721,56592
ours_settled,0.4,0.1,settled_flat_floor,27554,9147,0.283800,4.7300,0.987937,496.870559,56591
ours_settled,0.4,0.1,settled_flat_floor,27554,9147,0.285000,4.7500,0.988325,503.112277,57093
ours_settled,0.4,0.1,settled_flat_floor,27554,9147,0.286200,4.7700,0.990062,509.417733,57676
ours_settled,0.4,0.1,settled_flat_floor,27554,9147,0.287400,4.7900,0.991429,515.784957,58241
ours_settled,0.4,0.1,settled_flat_floor,27554,9147,0.288600,4.8100,0.997923,522.247513,59113
ours_settled,0.4,0.1,settled_flat_floor,27554,9147,0.289800,4.8300,0.998063,528.764841,59614
ours_settled,0.4,0.1,settled_flat_floor,27554,9147,0.291000,4.8500,0.999927,535.348530,60221
ours_settled,0.4,0.1,settled_flat_floor,27554,9147,0.292200,4.8700,0.996474,541.963704,60509
ours_settled,0.4,0.1,settled_flat_floor,27554,9147,0.293400,4.8900,1.006715,548.701869,61634
ours_settled,0.4,0.1,settled_flat_floor,27554,9147,0.294600,4.9100,0.991548,555.392916,61203
ours_settled,0.4,0.1,settled_flat_floor,27554,9147,0.295800,4.9300,0.995716,562.166940,61962
ours_settled,0.4,0.1,settled_flat_floor,27554,9147,0.297000,4.9500,1.001044,569.032579,62800
ours_settled,0.4,0.1,settled_flat_floor,27554,9147,0.298200,4.9700,0.999091,575.940308,63185
ours_settled,0.4,0.1,settled_flat_floor,27554,9147,0.299400,4.9900,1.002094,582.924675,63886
liggghts_conus,0.4,0.1,conus_slump,27554,8148,0.000600,0.0100,0.000000,0.000000,0
liggghts_conus,0.4,0.1,conus_slump,27554,8148,0.001800,0.0300,0.000000,0.000000,0
liggghts_conus,0.4,0.1,conus_slump,27554,8148,0.003000,0.0500,0.000000,0.000000,0
liggghts_conus,0.4,0.1,conus_slump,27554,8148,0.004200,0.0700,0.000000,0.000000,0
liggghts_conus,0.4,0.1,conus_slump,27554,8148,0.005400,0.0900,0.000000,0.000000,0
liggghts_conus,0.4,0.1,conus_slump,27554,8148,0.006600,0.1100,0.000000,0.000000,0
liggghts_conus,0.4,0.1,conus_slump,27554,8148,0.007800,0.1300,0.000000,0.000000,0
liggghts_conus,0.4,0.1,conus_slump,27554,8148,0.009000,0.1500,0.000000,0.000000,0
liggghts_conus,0.4,0.1,conus_slump,27554,8148,0.010200,0.1700,0.000000,0.000000,0
liggghts_conus,0.4,0.1,conus_slump,27554,8148,0.011400,0.1900,0.000000,0.000000,0
liggghts_conus,0.4,0.1,conus_slump,27554,8148,0.012600,0.2100,0.000000,0.000000,0
liggghts_conus,0.4,0.1,conus_slump,27554,8148,0.013800,0.2300,0.000000,0.000000,0
liggghts_conus,0.4,0.1,conus_slump,27554,8148,0.015000,0.2500,0.000000,0.000000,0
liggghts_conus,0.4,0.1,conus_slump,27554,8148,0.016200,0.2700,0.000000,0.000000,0
liggghts_conus,0.4,0.1,conus_slump,27554,8148,0.017400,0.2900,0.000000,0.000000,0
liggghts_conus,0.4,0.1,conus_slump,27554,8148,0.018600,0.3100,0.000000,0.000000,0
liggghts_conus,0.4,0.1,conus_slump,27554,8148,0.019800,0.3300,0.000000,0.000000,0
liggghts_conus,0.4,0.1,conus_slump,27554,8148,0.021000,0.3500,0.000000,0.000000,0
liggghts_conus,0.4,0.1,conus_slump,27554,8148,0.022200,0.3700,0.000000,0.000000,0
liggghts_conus,0.4,0.1,conus_slump,27554,8148,0.023400,0.3900,0.000000,0.000000,0
liggghts_conus,0.4,0.1,conus_slump,27554,8148,0.024600,0.4100,0.000000,0.000000,0
liggghts_conus,0.4,0.1,conus_slump,27554,8148,0.025800,0.4300,0.000000,0.000000,0
liggghts_conus,0.4,0.1,conus_slump,27554,8148,0.027000,0.4500,0.000000,0.000000,0
liggghts_conus,0.4,0.1,conus_slump,27554,8148,0.028200,0.4700,0.000000,0.000000,0
liggghts_conus,0.4,0.1,conus_slump,27554,8148,0.029400,0.4900,0.000000,0.000000,0
liggghts_conus,0.4,0.1,conus_slump,27554,8148,0.030600,0.5100,0.000000,0.000000,0
liggghts_conus,0.4,0.1,conus_slump,27554,8148,0.031800,0.5300,0.000000,0.000000,0
liggghts_conus,0.4,0.1,conus_slump,27554,8148,0.033000,0.5500,0.000000,0.000000,0
liggghts_conus,0.4,0.1,conus_slump,27554,8148,0.034200,0.5700,0.000000,0.000000,0
liggghts_conus,0.4,0.1,conus_slump,27554,8148,0.035400,0.5900,0.000000,0.000000,0
liggghts_conus,0.4,0.1,conus_slump,27554,8148,0.036600,0.6100,0.000000,0.000000,0
liggghts_conus,0.4,0.1,conus_slump,27554,8148,0.037800,0.6300,0.000000,0.000000,0
liggghts_conus,0.4,0.1,conus_slump,27554,8148,0.039000,0.6500,0.000000,0.000000,0
liggghts_conus,0.4,0.1,conus_slump,27554,8148,0.040200,0.6700,0.000000,0.000000,0
liggghts_conus,0.4,0.1,conus_slump,27554,8148,0.041400,0.6900,0.000000,0.000000,0
liggghts_conus,0.4,0.1,conus_slump,27554,8148,0.042600,0.7100,0.000000,0.000000,0
liggghts_conus,0.4,0.1,conus_slump,27554,8148,0.043800,0.7300,0.000000,0.000000,0
liggghts_conus,0.4,0.1,conus_slump,27554,8148,0.045000,0.7500,0.000000,0.000000,0
liggghts_conus,0.4,0.1,conus_slump,27554,8148,0.046200,0.7700,0.000000,0.000000,0
liggghts_conus,0.4,0.1,conus_slump,27554,8148,0.047400,0.7900,0.000000,0.000000,0
liggghts_conus,0.4,0.1,conus_slump,27554,8148,0.048600,0.8100,0.000000,0.000000,0
liggghts_conus,0.4,0.1,conus_slump,27554,8148,0.049800,0.8300,0.000000,0.000000,0
liggghts_conus,0.4,0.1,conus_slump,27554,8148,0.051000,0.8500,0.000000,0.000000,0
liggghts_conus,0.4,0.1,conus_slump,27554,8148,0.052200,0.8700,0.000000,0.000000,0
liggghts_conus,0.4,0.1,conus_slump,27554,8148,0.053400,0.8900,0.000000,0.000000,0
liggghts_conus,0.4,0.1,conus_slump,27554,8148,0.054600,0.9100,0.000000,0.000000,0
liggghts_conus,0.4,0.1,conus_slump,27554,8148,0.055800,0.9300,0.000000,0.000000,0
liggghts_conus,0.4,0.1,conus_slump,27554,8148,0.057000,0.9500,0.000000,0.000000,0
liggghts_conus,0.4,0.1,conus_slump,27554,8148,0.058200,0.9700,0.000000,0.000000,0
liggghts_conus,0.4,0.1,conus_slump,27554,8148,0.059400,0.9900,16.799811,4.651203,37898
liggghts_conus,0.4,0.1,conus_slump,27554,8148,0.060600,1.0100,4.227994,5.869539,9927
liggghts_conus,0.4,0.1,conus_slump,27554,8148,0.061800,1.0300,1.953865,6.455081,4771
liggghts_conus,0.4,0.1,conus_slump,27554,8148,0.063000,1.0500,1.476608,6.914948,3747
liggghts_conus,0.4,0.1,conus_slump,27554,8148,0.064200,1.0700,1.220799,7.309769,3217
liggghts_conus,0.4,0.1,conus_slump,27554,8148,0.065400,1.0900,1.030503,7.655621,2818
liggghts_conus,0.4,0.1,conus_slump,27554,8148,0.066600,1.1100,0.981361,7.997177,2783
liggghts_conus,0.4,0.1,conus_slump,27554,8148,0.067800,1.1300,0.915287,8.327320,2690
liggghts_conus,0.4,0.1,conus_slump,27554,8148,0.069000,1.1500,0.792399,8.623343,2412
liggghts_conus,0.4,0.1,conus_slump,27554,8148,0.070200,1.1700,0.741102,8.909917,2335
liggghts_conus,0.4,0.1,conus_slump,27554,8148,0.071400,1.1900,0.730514,9.202135,2381
liggghts_conus,0.4,0.1,conus_slump,27554,8148,0.072600,1.2100,0.726150,9.502455,2447
liggghts_conus,0.4,0.1,conus_slump,27554,8148,0.073800,1.2300,0.699569,9.801424,2436
liggghts_conus,0.4,0.1,conus_slump,27554,8148,0.075000,1.2500,0.655952,10.090943,2359
liggghts_conus,0.4,0.1,conus_slump,27554,8148,0.076200,1.2700,0.671012,10.396662,2491
liggghts_conus,0.4,0.1,conus_slump,27554,8148,0.077400,1.2900,0.650368,10.702381,2491
liggghts_conus,0.4,0.1,conus_slump,27554,8148,0.078600,1.3100,0.652434,11.018655,2577
liggghts_conus,0.4,0.1,conus_slump,27554,8148,0.079800,1.3300,0.598819,11.317869,2438
liggghts_conus,0.4,0.1,conus_slump,27554,8148,0.081000,1.3500,0.635800,11.645189,2667
liggghts_conus,0.4,0.1,conus_slump,27554,8148,0.082200,1.3700,0.639364,11.984168,2762
liggghts_conus,0.4,0.1,conus_slump,27554,8148,0.083400,1.3900,0.615026,12.319833,2735
liggghts_conus,0.4,0.1,conus_slump,27554,8148,0.084600,1.4100,0.625675,12.671208,2863
liggghts_conus,0.4,0.1,conus_slump,27554,8148,0.085800,1.4300,0.588112,13.010923,2768
liggghts_conus,0.4,0.1,conus_slump,27554,8148,0.087000,1.4500,0.649287,13.396539,3142
liggghts_conus,0.4,0.1,conus_slump,27554,8148,0.088200,1.4700,0.661698,13.800442,3291
liggghts_conus,0.4,0.1,conus_slump,27554,8148,0.089400,1.4900,0.649729,14.207904,3320
liggghts_conus,0.4,0.1,conus_slump,27554,8148,0.090600,1.5100,0.690941,14.652921,3626
liggghts_conus,0.4,0.1,conus_slump,27554,8148,0.091800,1.5300,0.697680,15.114261,3759
liggghts_conus,0.4,0.1,conus_slump,27554,8148,0.093000,1.5500,0.740194,15.616593,4093
liggghts_conus,0.4,0.1,conus_slump,27554,8148,0.094200,1.5700,0.763760,16.148380,4333
liggghts_conus,0.4,0.1,conus_slump,27554,8148,0.095400,1.5900,0.800349,16.719931,4657
liggghts_conus,0.4,0.1,conus_slump,27554,8148,0.096600,1.6100,0.836908,17.332720,4993
liggghts_conus,0.4,0.1,conus_slump,27554,8148,0.097800,1.6300,0.863265,17.980609,5279
liggghts_conus,0.4,0.1,conus_slump,27554,8148,0.099000,1.6500,0.898799,18.671821,5632
liggghts_conus,0.4,0.1,conus_slump,27554,8148,0.100200,1.6700,0.971964,19.437531,6239
liggghts_conus,0.4,0.1,conus_slump,27554,8148,0.101400,1.6900,1.008423,20.251105,6629
liggghts_conus,0.4,0.1,conus_slump,27554,8148,0.102600,1.7100,1.105772,21.164458,7442
liggghts_conus,0.4,0.1,conus_slump,27554,8148,0.103800,1.7300,1.210571,22.187899,8339
liggghts_conus,0.4,0.1,conus_slump,27554,8148,0.105000,1.7500,1.161353,23.192563,8186
liggghts_conus,0.4,0.1,conus_slump,27554,8148,0.106200,1.7700,1.208619,24.262150,8715
liggghts_conus,0.4,0.1,conus_slump,27554,8148,0.107400,1.7900,1.167388,25.318729,8609
liggghts_conus,0.4,0.1,conus_slump,27554,8148,0.108600,1.8100,1.204727,26.433603,9084
liggghts_conus,0.4,0.1,conus_slump,27554,8148,0.109800,1.8300,1.215255,27.583211,9367
liggghts_conus,0.4,0.1,conus_slump,27554,8148,0.111000,1.8500,1.217938,28.760677,9594
liggghts_conus,0.4,0.1,conus_slump,27554,8148,0.112200,1.8700,1.262350,30.007609,10160
liggghts_conus,0.4,0.1,conus_slump,27554,8148,0.113400,1.8900,1.282968,31.302160,10548
liggghts_conus,0.4,0.1,conus_slump,27554,8148,0.114600,1.9100,1.286015,32.627393,10798
liggghts_conus,0.4,0.1,conus_slump,27554,8148,0.115800,1.9300,1.354913,34.053019,11616
liggghts_conus,0.4,0.1,conus_slump,27554,8148,0.117000,1.9500,1.440953,35.600761,12611
liggghts_conus,0.4,0.1,conus_slump,27554,8148,0.118200,1.9700,1.503310,37.248773,13428
liggghts_conus,0.4,0.1,conus_slump,27554,8148,0.119400,1.9900,1.541816,38.973490,14053
liggghts_conus,0.4,0.1,conus_slump,27554,8148,0.120600,2.0100,1.056276,40.178940,9822
liggghts_conus,0.4,0.1,conus_slump,27554,8148,0.121800,2.0300,0.977577,41.316888,9272
liggghts_conus,0.4,0.1,conus_slump,27554,8148,0.123000,2.0500,0.919412,42.408321,8893
liggghts_conus,0.4,0.1,conus_slump,27554,8148,0.124200,2.0700,0.905382,43.504173,8929
liggghts_conus,0.4,0.1,conus_slump,27554,8148,0.125400,2.0900,0.882667,44.593274,8874
liggghts_conus,0.4,0.1,conus_slump,27554,8148,0.126600,2.1100,0.867965,45.684831,8894
liggghts_conus,0.4,0.1,conus_slump,27554,8148,0.127800,2.1300,0.835174,46.755155,8721
liggghts_conus,0.4,0.1,conus_slump,27554,8148,0.129000,2.1500,0.856084,47.872975,9108
liggghts_conus,0.4,0.1,conus_slump,27554,8148,0.130200,2.1700,0.843698,48.995214,9144
liggghts_conus,0.4,0.1,conus_slump,27554,8148,0.131400,2.1900,0.842037,50.135984,9295
liggghts_conus,0.4,0.1,conus_slump,27554,8148,0.132600,2.2100,0.832115,51.283996,9354
liggghts_conus,0.4,0.1,conus_slump,27554,8148,0.133800,2.2300,0.842331,52.467231,9641
liggghts_conus,0.4,0.1,conus_slump,27554,8148,0.135000,2.2500,0.847849,53.679676,9879
liggghts_conus,0.4,0.1,conus_slump,27554,8148,0.136200,2.2700,0.836094,54.896662,9916
liggghts_conus,0.4,0.1,conus_slump,27554,8148,0.137400,2.2900,0.851712,56.158321,10280
liggghts_conus,0.4,0.1,conus_slump,27554,8148,0.138600,2.3100,0.843378,57.429553,10358
liggghts_conus,0.4,0.1,conus_slump,27554,8148,0.139800,2.3300,0.863856,58.754296,10794
liggghts_conus,0.4,0.1,conus_slump,27554,8148,0.141000,2.3500,0.862432,60.099656,10962
liggghts_conus,0.4,0.1,conus_slump,27554,8148,0.142200,2.3700,0.884525,61.503068,11435
liggghts_conus,0.4,0.1,conus_slump,27554,8148,0.143400,2.3900,0.884844,62.930781,11633
liggghts_conus,0.4,0.1,conus_slump,27554,8148,0.144600,2.4100,0.938816,64.471036,12550
liggghts_conus,0.4,0.1,conus_slump,27554,8148,0.145800,2.4300,0.916215,65.999264,12452
liggghts_conus,0.4,0.1,conus_slump,27554,8148,0.147000,2.4500,0.953795,67.616470,13177
liggghts_conus,0.4,0.1,conus_slump,27554,8148,0.148200,2.4700,0.962483,69.275160,13515
liggghts_conus,0.4,0.1,conus_slump,27554,8148,0.149400,2.4900,0.988569,71.006505,14107
liggghts_conus,0.4,0.1,conus_slump,27554,8148,0.150600,2.5100,1.003291,72.791973,14548
liggghts_conus,0.4,0.1,conus_slump,27554,8148,0.151800,2.5300,1.001746,74.603216,14758
liggghts_conus,0.4,0.1,conus_slump,27554,8148,0.153000,2.5500,1.062800,76.555351,15906
liggghts_conus,0.4,0.1,conus_slump,27554,8148,0.154200,2.5700,1.078951,78.568360,16402
liggghts_conus,0.4,0.1,conus_slump,27554,8148,0.155400,2.5900,1.077055,80.609229,16629
liggghts_conus,0.4,0.1,conus_slump,27554,8148,0.156600,2.6100,1.071327,82.670717,16797
liggghts_conus,0.4,0.1,conus_slump,27554,8148,0.157800,2.6300,1.114580,84.848429,17744
liggghts_conus,0.4,0.1,conus_slump,27554,8148,0.159000,2.6500,1.111802,87.053878,17970
liggghts_conus,0.4,0.1,conus_slump,27554,8148,0.160200,2.6700,1.080398,89.229504,17727
liggghts_conus,0.4,0.1,conus_slump,27554,8148,0.161400,2.6900,1.131522,91.542342,18845
liggghts_conus,0.4,0.1,conus_slump,27554,8148,0.162600,2.7100,1.108966,93.842906,18745
liggghts_conus,0.4,0.1,conus_slump,27554,8148,0.163800,2.7300,1.091319,96.140403,18720
liggghts_conus,0.4,0.1,conus_slump,27554,8148,0.165000,2.7500,1.092452,98.474104,19015
liggghts_conus,0.4,0.1,conus_slump,27554,8148,0.166200,2.7700,1.065238,100.782892,18812
liggghts_conus,0.4,0.1,conus_slump,27554,8148,0.167400,2.7900,1.075417,103.147521,19267
liggghts_conus,0.4,0.1,conus_slump,27554,8148,0.168600,2.8100,1.068142,105.529946,19412
liggghts_conus,0.4,0.1,conus_slump,27554,8148,0.169800,2.8300,1.043550,107.890771,19236
liggghts_conus,0.4,0.1,conus_slump,27554,8148,0.171000,2.8500,1.045966,110.290623,19554
liggghts_conus,0.4,0.1,conus_slump,27554,8148,0.172200,2.8700,1.052801,112.740182,19959
liggghts_conus,0.4,0.1,conus_slump,27554,8148,0.173400,2.8900,1.017108,115.139789,19552
liggghts_conus,0.4,0.1,conus_slump,27554,8148,0.174600,2.9100,1.013026,117.562960,19744
liggghts_conus,0.4,0.1,conus_slump,27554,8148,0.175800,2.9300,0.999649,119.987113,19752
liggghts_conus,0.4,0.1,conus_slump,27554,8148,0.177000,2.9500,1.002516,122.451522,20080
liggghts_conus,0.4,0.1,conus_slump,27554,8148,0.178200,2.9700,0.981080,124.896048,19918
liggghts_conus,0.4,0.1,conus_slump,27554,8148,0.179400,2.9900,0.964257,127.331124,19841
liggghts_conus,0.4,0.1,conus_slump,27554,8148,0.180600,3.0100,0.933598,129.720422,19468
liggghts_conus,0.4,0.1,conus_slump,27554,8148,0.181800,3.0300,0.943225,132.166544,19931
liggghts_conus,0.4,0.1,conus_slump,27554,8148,0.183000,3.0500,0.932998,134.618189,19976
liggghts_conus,0.4,0.1,conus_slump,27554,8148,0.184200,3.0700,0.921204,137.070692,19983
liggghts_conus,0.4,0.1,conus_slump,27554,8148,0.185400,3.0900,0.934299,139.590574,20532
liggghts_conus,0.4,0.1,conus_slump,27554,8148,0.186600,3.1100,0.926319,142.121379,20621
liggghts_conus,0.4,0.1,conus_slump,27554,8148,0.187800,3.1300,0.946761,144.741409,21348
liggghts_conus,0.4,0.1,conus_slump,27554,8148,0.189000,3.1500,0.938805,147.372730,21440
liggghts_conus,0.4,0.1,conus_slump,27554,8148,0.190200,3.1700,0.954582,150.082351,22078
liggghts_conus,0.4,0.1,conus_slump,27554,8148,0.191400,3.1900,0.946364,152.802651,22165
liggghts_conus,0.4,0.1,conus_slump,27554,8148,0.192600,3.2100,0.958390,155.592170,22729
liggghts_conus,0.4,0.1,conus_slump,27554,8148,0.193800,3.2300,0.963216,158.430781,23129
liggghts_conus,0.4,0.1,conus_slump,27554,8148,0.195000,3.2500,0.949012,161.262273,23071
liggghts_conus,0.4,0.1,conus_slump,27554,8148,0.196200,3.2700,0.965272,164.177835,23756
liggghts_conus,0.4,0.1,conus_slump,27554,8148,0.197400,3.2900,0.979783,167.173540,24409
liggghts_conus,0.4,0.1,conus_slump,27554,8148,0.198600,3.3100,0.982811,170.215145,24783
liggghts_conus,0.4,0.1,conus_slump,27554,8148,0.199800,3.3300,0.996117,173.335297,25423
liggghts_conus,0.4,0.1,conus_slump,27554,8148,0.201000,3.3500,1.002067,176.511905,25883
liggghts_conus,0.4,0.1,conus_slump,27554,8148,0.202200,3.3700,1.025138,179.800565,26796
liggghts_conus,0.4,0.1,conus_slump,27554,8148,0.203400,3.3900,1.018219,183.105916,26932
liggghts_conus,0.4,0.1,conus_slump,27554,8148,0.204600,3.4100,1.015838,186.442563,27187
liggghts_conus,0.4,0.1,conus_slump,27554,8148,0.205800,3.4300,1.020608,189.834315,27636
liggghts_conus,0.4,0.1,conus_slump,27554,8148,0.207000,3.4500,1.033851,193.310260,28322
liggghts_conus,0.4,0.1,conus_slump,27554,8148,0.208200,3.4700,1.023158,196.790255,28355
liggghts_conus,0.4,0.1,conus_slump,27554,8148,0.209400,3.4900,1.047172,200.393103,29356
liggghts_conus,0.4,0.1,conus_slump,27554,8148,0.210600,3.5100,1.053399,204.059033,29870
liggghts_conus,0.4,0.1,conus_slump,27554,8148,0.211800,3.5300,1.047808,207.747177,30051
liggghts_conus,0.4,0.1,conus_slump,27554,8148,0.213000,3.5500,1.038586,211.444404,30125
liggghts_conus,0.4,0.1,conus_slump,27554,8148,0.214200,3.5700,1.042936,215.199067,30593
liggghts_conus,0.4,0.1,conus_slump,27554,8148,0.215400,3.5900,1.046586,219.009205,31045
liggghts_conus,0.4,0.1,conus_slump,27554,8148,0.216600,3.6100,1.035688,222.821797,31065
liggghts_conus,0.4,0.1,conus_slump,27554,8148,0.217800,3.6300,1.022791,226.628743,31019
liggghts_conus,0.4,0.1,conus_slump,27554,8148,0.219000,3.6500,1.021723,230.473736,31329
liggghts_conus,0.4,0.1,conus_slump,27554,8148,0.220200,3.6700,1.022682,234.364629,31703
liggghts_conus,0.4,0.1,conus_slump,27554,8148,0.221400,3.6900,1.007701,238.240427,31580
liggghts_conus,0.4,0.1,conus_slump,27554,8148,0.222600,3.7100,1.006588,242.154026,31888
liggghts_conus,0.4,0.1,conus_slump,27554,8148,0.223800,3.7300,1.012342,246.132548,32417
liggghts_conus,0.4,0.1,conus_slump,27554,8148,0.225000,3.7500,0.999626,250.103338,32354
liggghts_conus,0.4,0.1,conus_slump,27554,8148,0.226200,3.7700,0.989629,254.076460,32373
liggghts_conus,0.4,0.1,conus_slump,27554,8148,0.227400,3.7900,0.997694,258.124570,32984
liggghts_conus,0.4,0.1,conus_slump,27554,8148,0.228600,3.8100,0.992485,262.194158,33159
liggghts_conus,0.4,0.1,conus_slump,27554,8148,0.229800,3.8300,0.992631,266.307192,33513
liggghts_conus,0.4,0.1,conus_slump,27554,8148,0.231000,3.8500,0.992634,270.463304,33864
liggghts_conus,0.4,0.1,conus_slump,27554,8148,0.232200,3.8700,0.974162,274.584561,33580
liggghts_conus,0.4,0.1,conus_slump,27554,8148,0.233400,3.8900,0.981168,278.778473,34172
liggghts_conus,0.4,0.1,conus_slump,27554,8148,0.234600,3.9100,0.976300,282.994600,34353
liggghts_conus,0.4,0.1,conus_slump,27554,8148,0.235800,3.9300,0.975025,287.248405,34660
liggghts_conus,0.4,0.1,conus_slump,27554,8148,0.237000,3.9500,0.975981,291.549828,35048
liggghts_conus,0.4,0.1,conus_slump,27554,8148,0.238200,3.9700,0.964215,295.842538,34977
liggghts_conus,0.4,0.1,conus_slump,27554,8148,0.239400,3.9900,0.968573,300.198208,35490
liggghts_conus,0.4,0.1,conus_slump,27554,8148,0.240600,4.0100,0.966583,304.588611,35773
liggghts_conus,0.4,0.1,conus_slump,27554,8148,0.241800,4.0300,0.967152,309.025528,36152
liggghts_conus,0.4,0.1,conus_slump,27554,8148,0.243000,4.0500,0.969225,313.516200,36590
liggghts_conus,0.4,0.1,conus_slump,27554,8148,0.244200,4.0700,0.992326,318.159426,37833
liggghts_conus,0.4,0.1,conus_slump,27554,8148,0.245400,4.0900,0.982749,322.803142,37837
liggghts_conus,0.4,0.1,conus_slump,27554,8148,0.246600,4.1100,0.991161,327.532523,38535
liggghts_conus,0.4,0.1,conus_slump,27554,8148,0.247800,4.1300,0.997352,332.337874,39154
liggghts_conus,0.4,0.1,conus_slump,27554,8148,0.249000,4.1500,1.011627,337.259327,40100
liggghts_conus,0.4,0.1,conus_slump,27554,8148,0.250200,4.1700,0.992902,342.136352,39738
liggghts_conus,0.4,0.1,conus_slump,27554,8148,0.251400,4.1900,1.008664,347.138439,40757
liggghts_conus,0.4,0.1,conus_slump,27554,8148,0.252600,4.2100,1.009277,352.191458,41172
liggghts_conus,0.4,0.1,conus_slump,27554,8148,0.253800,4.2300,0.999172,357.241532,41148
liggghts_conus,0.4,0.1,conus_slump,27554,8148,0.255000,4.2500,1.009996,362.394698,41988
liggghts_conus,0.4,0.1,conus_slump,27554,8148,0.256200,4.2700,1.000057,367.545287,41967
liggghts_conus,0.4,0.1,conus_slump,27554,8148,0.257400,4.2900,1.006548,372.777982,42636
liggghts_conus,0.4,0.1,conus_slump,27554,8148,0.258600,4.3100,1.013671,378.096956,43339
liggghts_conus,0.4,0.1,conus_slump,27554,8148,0.259800,4.3300,1.014803,383.471404,43791
liggghts_conus,0.4,0.1,conus_slump,27554,8148,0.261000,4.3500,1.012748,388.884634,44107
liggghts_conus,0.4,0.1,conus_slump,27554,8148,0.262200,4.3700,1.018083,394.376534,44748
liggghts_conus,0.4,0.1,conus_slump,27554,8148,0.263400,4.3900,1.018500,399.921085,45177
liggghts_conus,0.4,0.1,conus_slump,27554,8148,0.264600,4.4100,1.016208,405.503682,45487
liggghts_conus,0.4,0.1,conus_slump,27554,8148,0.265800,4.4300,1.019695,411.156357,46058
liggghts_conus,0.4,0.1,conus_slump,27554,8148,0.267000,4.4500,1.008948,416.800074,45985
liggghts_conus,0.4,0.1,conus_slump,27554,8148,0.268200,4.4700,1.018662,422.549460,46846
liggghts_conus,0.4,0.1,conus_slump,27554,8148,0.269400,4.4900,1.019348,428.354320,47298
liggghts_conus,0.4,0.1,conus_slump,27554,8148,0.270600,4.5100,1.016181,434.192808,47572
liggghts_conus,0.4,0.1,conus_slump,27554,8148,0.271800,4.5300,1.001553,439.998405,47304
liggghts_conus,0.4,0.1,conus_slump,27554,8148,0.273000,4.5500,0.996356,445.824988,47475
liggghts_conus,0.4,0.1,conus_slump,27554,8148,0.274200,4.5700,1.006836,451.764728,48397
liggghts_conus,0.4,0.1,conus_slump,27554,8148,0.275400,4.5900,0.992513,457.671330,48127
liggghts_conus,0.4,0.1,conus_slump,27554,8148,0.276600,4.6100,0.991566,463.623834,48501
liggghts_conus,0.4,0.1,conus_slump,27554,8148,0.277800,4.6300,0.996881,469.660285,49185
liggghts_conus,0.4,0.1,conus_slump,27554,8148,0.279000,4.6500,0.992584,475.722754,49397
liggghts_conus,0.4,0.1,conus_slump,27554,8148,0.280200,4.6700,0.991272,481.829406,49757
liggghts_conus,0.4,0.1,conus_slump,27554,8148,0.281400,4.6900,0.984653,487.947349,49849
liggghts_conus,0.4,0.1,conus_slump,27554,8148,0.282600,4.7100,1.001241,494.221527,51122
liggghts_conus,0.4,0.1,conus_slump,27554,8148,0.283800,4.7300,0.986150,500.453731,50780
liggghts_conus,0.4,0.1,conus_slump,27554,8148,0.285000,4.7500,0.976477,506.677099,50708
liggghts_conus,0.4,0.1,conus_slump,27554,8148,0.286200,4.7700,0.982436,512.991286,51448
liggghts_conus,0.4,0.1,conus_slump,27554,8148,0.287400,4.7900,0.992239,519.422067,52398
liggghts_conus,0.4,0.1,conus_slump,27554,8148,0.288600,4.8100,0.991479,525.901694,52796
liggghts_conus,0.4,0.1,conus_slump,27554,8148,0.289800,4.8300,0.999153,532.485886,53648
liggghts_conus,0.4,0.1,conus_slump,27554,8148,0.291000,4.8500,0.984409,539.026755,53295
liggghts_conus,0.4,0.1,conus_slump,27554,8148,0.292200,4.8700,0.984712,545.623711,53752
liggghts_conus,0.4,0.1,conus_slump,27554,8148,0.293400,4.8900,0.989502,552.307315,54458
liggghts_conus,0.4,0.1,conus_slump,27554,8148,0.294600,4.9100,0.984863,559.014114,54647
liggghts_conus,0.4,0.1,conus_slump,27554,8148,0.295800,4.9300,1.000611,565.883775,55974
liggghts_conus,0.4,0.1,conus_slump,27554,8148,0.297000,4.9500,1.002560,572.822779,56539
liggghts_conus,0.4,0.1,conus_slump,27554,8148,0.298200,4.9700,1.000365,579.802651,56872
liggghts_conus,0.4,0.1,conus_slump,27554,8148,0.299400,4.9900,0.994421,586.797005,56990
ours_conus_mu40_mur10,0.4,0.1,conus_slump,27554,8179,0.000600,0.0100,0.000000,0.000000,0
ours_conus_mu40_mur10,0.4,0.1,conus_slump,27554,8179,0.001800,0.0300,0.000000,0.000000,0
ours_conus_mu40_mur10,0.4,0.1,conus_slump,27554,8179,0.003000,0.0500,0.000000,0.000000,0
ours_conus_mu40_mur10,0.4,0.1,conus_slump,27554,8179,0.004200,0.0700,0.000000,0.000000,0
ours_conus_mu40_mur10,0.4,0.1,conus_slump,27554,8179,0.005400,0.0900,0.000000,0.000000,0
ours_conus_mu40_mur10,0.4,0.1,conus_slump,27554,8179,0.006600,0.1100,0.000000,0.000000,0
ours_conus_mu40_mur10,0.4,0.1,conus_slump,27554,8179,0.007800,0.1300,0.000000,0.000000,0
ours_conus_mu40_mur10,0.4,0.1,conus_slump,27554,8179,0.009000,0.1500,0.000000,0.000000,0
ours_conus_mu40_mur10,0.4,0.1,conus_slump,27554,8179,0.010200,0.1700,0.000000,0.000000,0
ours_conus_mu40_mur10,0.4,0.1,conus_slump,27554,8179,0.011400,0.1900,0.000000,0.000000,0
ours_conus_mu40_mur10,0.4,0.1,conus_slump,27554,8179,0.012600,0.2100,0.000000,0.000000,0
ours_conus_mu40_mur10,0.4,0.1,conus_slump,27554,8179,0.013800,0.2300,0.000000,0.000000,0
ours_conus_mu40_mur10,0.4,0.1,conus_slump,27554,8179,0.015000,0.2500,0.000000,0.000000,0
ours_conus_mu40_mur10,0.4,0.1,conus_slump,27554,8179,0.016200,0.2700,0.000000,0.000000,0
ours_conus_mu40_mur10,0.4,0.1,conus_slump,27554,8179,0.017400,0.2900,0.000000,0.000000,0
ours_conus_mu40_mur10,0.4,0.1,conus_slump,27554,8179,0.018600,0.3100,0.000000,0.000000,0
ours_conus_mu40_mur10,0.4,0.1,conus_slump,27554,8179,0.019800,0.3300,0.000000,0.000000,0
ours_conus_mu40_mur10,0.4,0.1,conus_slump,27554,8179,0.021000,0.3500,0.000000,0.000000,0
ours_conus_mu40_mur10,0.4,0.1,conus_slump,27554,8179,0.022200,0.3700,0.000000,0.000000,0
ours_conus_mu40_mur10,0.4,0.1,conus_slump,27554,8179,0.023400,0.3900,0.000000,0.000000,0
ours_conus_mu40_mur10,0.4,0.1,conus_slump,27554,8179,0.024600,0.4100,0.000000,0.000000,0
ours_conus_mu40_mur10,0.4,0.1,conus_slump,27554,8179,0.025800,0.4300,0.000000,0.000000,0
ours_conus_mu40_mur10,0.4,0.1,conus_slump,27554,8179,0.027000,0.4500,0.000000,0.000000,0
ours_conus_mu40_mur10,0.4,0.1,conus_slump,27554,8179,0.028200,0.4700,0.000000,0.000000,0
ours_conus_mu40_mur10,0.4,0.1,conus_slump,27554,8179,0.029400,0.4900,0.000000,0.000000,0
ours_conus_mu40_mur10,0.4,0.1,conus_slump,27554,8179,0.030600,0.5100,0.000000,0.000000,0
ours_conus_mu40_mur10,0.4,0.1,conus_slump,27554,8179,0.031800,0.5300,0.000000,0.000000,0
ours_conus_mu40_mur10,0.4,0.1,conus_slump,27554,8179,0.033000,0.5500,0.000000,0.000000,0
ours_conus_mu40_mur10,0.4,0.1,conus_slump,27554,8179,0.034200,0.5700,0.000000,0.000000,0
ours_conus_mu40_mur10,0.4,0.1,conus_slump,27554,8179,0.035400,0.5900,0.000000,0.000000,0
ours_conus_mu40_mur10,0.4,0.1,conus_slump,27554,8179,0.036600,0.6100,0.000000,0.000000,0
ours_conus_mu40_mur10,0.4,0.1,conus_slump,27554,8179,0.037800,0.6300,0.000000,0.000000,0
ours_conus_mu40_mur10,0.4,0.1,conus_slump,27554,8179,0.039000,0.6500,0.000000,0.000000,0
ours_conus_mu40_mur10,0.4,0.1,conus_slump,27554,8179,0.040200,0.6700,0.000000,0.000000,0
ours_conus_mu40_mur10,0.4,0.1,conus_slump,27554,8179,0.041400,0.6900,0.000000,0.000000,0
ours_conus_mu40_mur10,0.4,0.1,conus_slump,27554,8179,0.042600,0.7100,0.000000,0.000000,0
ours_conus_mu40_mur10,0.4,0.1,conus_slump,27554,8179,0.043800,0.7300,0.000000,0.000000,0
ours_conus_mu40_mur10,0.4,0.1,conus_slump,27554,8179,0.045000,0.7500,0.000000,0.000000,0
ours_conus_mu40_mur10,0.4,0.1,conus_slump,27554,8179,0.046200,0.7700,0.000000,0.000000,0
ours_conus_mu40_mur10,0.4,0.1,conus_slump,27554,8179,0.047400,0.7900,0.000000,0.000000,0
ours_conus_mu40_mur10,0.4,0.1,conus_slump,27554,8179,0.048600,0.8100,0.000000,0.000000,0
ours_conus_mu40_mur10,0.4,0.1,conus_slump,27554,8179,0.049800,0.8300,0.000000,0.000000,0
ours_conus_mu40_mur10,0.4,0.1,conus_slump,27554,8179,0.051000,0.8500,0.000000,0.000000,0
ours_conus_mu40_mur10,0.4,0.1,conus_slump,27554,8179,0.052200,0.8700,0.000000,0.000000,0
ours_conus_mu40_mur10,0.4,0.1,conus_slump,27554,8179,0.053400,0.8900,0.000000,0.000000,0
ours_conus_mu40_mur10,0.4,0.1,conus_slump,27554,8179,0.054600,0.9100,0.000000,0.000000,0
ours_conus_mu40_mur10,0.4,0.1,conus_slump,27554,8179,0.055800,0.9300,0.000000,0.000000,0
ours_conus_mu40_mur10,0.4,0.1,conus_slump,27554,8179,0.057000,0.9500,0.000000,0.000000,0
ours_conus_mu40_mur10,0.4,0.1,conus_slump,27554,8179,0.058200,0.9700,0.000000,0.000000,0
ours_conus_mu40_mur10,0.4,0.1,conus_slump,27554,8179,0.059400,0.9900,16.536603,4.574153,37412
ours_conus_mu40_mur10,0.4,0.1,conus_slump,27554,8179,0.060600,1.0100,4.392908,5.838856,10344
ours_conus_mu40_mur10,0.4,0.1,conus_slump,27554,8179,0.061800,1.0300,2.010307,6.440763,4923
ours_conus_mu40_mur10,0.4,0.1,conus_slump,27554,8179,0.063000,1.0500,1.453494,6.893019,3699
ours_conus_mu40_mur10,0.4,0.1,conus_slump,27554,8179,0.064200,1.0700,1.210850,7.284265,3200
ours_conus_mu40_mur10,0.4,0.1,conus_slump,27554,8179,0.065400,1.0900,1.104107,7.654481,3028
ours_conus_mu40_mur10,0.4,0.1,conus_slump,27554,8179,0.066600,1.1100,0.967634,7.990952,2752
ours_conus_mu40_mur10,0.4,0.1,conus_slump,27554,8179,0.067800,1.1300,0.886527,8.310429,2613
ours_conus_mu40_mur10,0.4,0.1,conus_slump,27554,8179,0.069000,1.1500,0.818288,8.615845,2498
ours_conus_mu40_mur10,0.4,0.1,conus_slump,27554,8179,0.070200,1.1700,0.765867,8.911725,2420
ours_conus_mu40_mur10,0.4,0.1,conus_slump,27554,8179,0.071400,1.1900,0.719844,9.199413,2353
ours_conus_mu40_mur10,0.4,0.1,conus_slump,27554,8179,0.072600,1.2100,0.721692,9.497616,2439
ours_conus_mu40_mur10,0.4,0.1,conus_slump,27554,8179,0.073800,1.2300,0.713017,9.802054,2490
ours_conus_mu40_mur10,0.4,0.1,conus_slump,27554,8179,0.075000,1.2500,0.663212,10.094510,2392
ours_conus_mu40_mur10,0.4,0.1,conus_slump,27554,8179,0.076200,1.2700,0.676063,10.402250,2517
ours_conus_mu40_mur10,0.4,0.1,conus_slump,27554,8179,0.077400,1.2900,0.636259,10.701064,2444
ours_conus_mu40_mur10,0.4,0.1,conus_slump,27554,8179,0.078600,1.3100,0.642224,11.012104,2544
ours_conus_mu40_mur10,0.4,0.1,conus_slump,27554,8179,0.079800,1.3300,0.648036,11.335616,2646
ours_conus_mu40_mur10,0.4,0.1,conus_slump,27554,8179,0.081000,1.3500,0.637059,11.663284,2680
ours_conus_mu40_mur10,0.4,0.1,conus_slump,27554,8179,0.082200,1.3700,0.588358,11.974936,2549
ours_conus_mu40_mur10,0.4,0.1,conus_slump,27554,8179,0.083400,1.3900,0.626035,12.316298,2792
ours_conus_mu40_mur10,0.4,0.1,conus_slump,27554,8179,0.084600,1.4100,0.609491,12.658271,2797
ours_conus_mu40_mur10,0.4,0.1,conus_slump,27554,8179,0.085800,1.4300,0.643619,13.029710,3038
ours_conus_mu40_mur10,0.4,0.1,conus_slump,27554,8179,0.087000,1.4500,0.634641,13.406284,3080
ours_conus_mu40_mur10,0.4,0.1,conus_slump,27554,8179,0.088200,1.4700,0.628116,13.789339,3133
ours_conus_mu40_mur10,0.4,0.1,conus_slump,27554,8179,0.089400,1.4900,0.678689,14.214574,3478
ours_conus_mu40_mur10,0.4,0.1,conus_slump,27554,8179,0.090600,1.5100,0.688381,14.657538,3623
ours_conus_mu40_mur10,0.4,0.1,conus_slump,27554,8179,0.091800,1.5300,0.711402,15.127522,3844
ours_conus_mu40_mur10,0.4,0.1,conus_slump,27554,8179,0.093000,1.5500,0.711014,15.609610,3943
ours_conus_mu40_mur10,0.4,0.1,conus_slump,27554,8179,0.094200,1.5700,0.768414,16.144150,4372
ours_conus_mu40_mur10,0.4,0.1,conus_slump,27554,8179,0.095400,1.5900,0.811924,16.723438,4738
ours_conus_mu40_mur10,0.4,0.1,conus_slump,27554,8179,0.096600,1.6100,0.792881,17.303460,4744
ours_conus_mu40_mur10,0.4,0.1,conus_slump,27554,8179,0.097800,1.6300,0.893390,17.973346,5479
ours_conus_mu40_mur10,0.4,0.1,conus_slump,27554,8179,0.099000,1.6500,0.918966,18.679423,5775
ours_conus_mu40_mur10,0.4,0.1,conus_slump,27554,8179,0.100200,1.6700,0.957048,19.432693,6161
ours_conus_mu40_mur10,0.4,0.1,conus_slump,27554,8179,0.101400,1.6900,1.006732,20.244162,6637
ours_conus_mu40_mur10,0.4,0.1,conus_slump,27554,8179,0.102600,1.7100,1.113403,21.162978,7515
ours_conus_mu40_mur10,0.4,0.1,conus_slump,27554,8179,0.103800,1.7300,1.201149,22.177528,8298
ours_conus_mu40_mur10,0.4,0.1,conus_slump,27554,8179,0.105000,1.7500,1.196485,23.211640,8458
ours_conus_mu40_mur10,0.4,0.1,conus_slump,27554,8179,0.106200,1.7700,1.162409,24.239394,8406
ours_conus_mu40_mur10,0.4,0.1,conus_slump,27554,8179,0.107400,1.7900,1.186065,25.311896,8772
ours_conus_mu40_mur10,0.4,0.1,conus_slump,27554,8179,0.108600,1.8100,1.200993,26.422301,9082
ours_conus_mu40_mur10,0.4,0.1,conus_slump,27554,8179,0.109800,1.8300,1.220551,27.575865,9435
ours_conus_mu40_mur10,0.4,0.1,conus_slump,27554,8179,0.111000,1.8500,1.210126,28.744712,9560
ours_conus_mu40_mur10,0.4,0.1,conus_slump,27554,8179,0.112200,1.8700,1.257227,29.985451,10148
ours_conus_mu40_mur10,0.4,0.1,conus_slump,27554,8179,0.113400,1.8900,1.282183,31.278029,10572
ours_conus_mu40_mur10,0.4,0.1,conus_slump,27554,8179,0.114600,1.9100,1.302855,32.619391,10971
ours_conus_mu40_mur10,0.4,0.1,conus_slump,27554,8179,0.115800,1.9300,1.345195,34.033500,11566
ours_conus_mu40_mur10,0.4,0.1,conus_slump,27554,8179,0.117000,1.9500,1.424953,35.562660,12507
ours_conus_mu40_mur10,0.4,0.1,conus_slump,27554,8179,0.118200,1.9700,1.508245,37.214574,13511
ours_conus_mu40_mur10,0.4,0.1,conus_slump,27554,8179,0.119400,1.9900,1.546017,38.942413,14132
ours_conus_mu40_mur10,0.4,0.1,conus_slump,27554,8179,0.120600,2.0100,1.054842,40.145128,9837
ours_conus_mu40_mur10,0.4,0.1,conus_slump,27554,8179,0.121800,2.0300,0.963933,41.266169,9169
ours_conus_mu40_mur10,0.4,0.1,conus_slump,27554,8179,0.123000,2.0500,0.930887,42.370216,9030
ours_conus_mu40_mur10,0.4,0.1,conus_slump,27554,8179,0.124200,2.0700,0.913188,43.474508,9032
ours_conus_mu40_mur10,0.4,0.1,conus_slump,27554,8179,0.125400,2.0900,0.907597,44.593349,9151
ours_conus_mu40_mur10,0.4,0.1,conus_slump,27554,8179,0.126600,2.1100,0.871693,45.688593,8958
ours_conus_mu40_mur10,0.4,0.1,conus_slump,27554,8179,0.127800,2.1300,0.844801,46.770265,8847
ours_conus_mu40_mur10,0.4,0.1,conus_slump,27554,8179,0.129000,2.1500,0.834874,47.859396,8908
ours_conus_mu40_mur10,0.4,0.1,conus_slump,27554,8179,0.130200,2.1700,0.853044,48.993031,9272
ours_conus_mu40_mur10,0.4,0.1,conus_slump,27554,8179,0.131400,2.1900,0.849097,50.142316,9400
ours_conus_mu40_mur10,0.4,0.1,conus_slump,27554,8179,0.132600,2.2100,0.854377,51.319966,9632
ours_conus_mu40_mur10,0.4,0.1,conus_slump,27554,8179,0.133800,2.2300,0.833632,52.489913,9569
ours_conus_mu40_mur10,0.4,0.1,conus_slump,27554,8179,0.135000,2.2500,0.840272,53.690427,9819
ours_conus_mu40_mur10,0.4,0.1,conus_slump,27554,8179,0.136200,2.2700,0.831668,54.899866,9892
ours_conus_mu40_mur10,0.4,0.1,conus_slump,27554,8179,0.137400,2.2900,0.837362,56.139137,10136
ours_conus_mu40_mur10,0.4,0.1,conus_slump,27554,8179,0.138600,2.3100,0.850286,57.419611,10473
ours_conus_mu40_mur10,0.4,0.1,conus_slump,27554,8179,0.139800,2.3300,0.854664,58.729062,10710
ours_conus_mu40_mur10,0.4,0.1,conus_slump,27554,8179,0.141000,2.3500,0.884502,60.107593,11275
ours_conus_mu40_mur10,0.4,0.1,conus_slump,27554,8179,0.142200,2.3700,0.891541,61.520846,11559
ours_conus_mu40_mur10,0.4,0.1,conus_slump,27554,8179,0.143400,2.3900,0.893748,62.961609,11784
ours_conus_mu40_mur10,0.4,0.1,conus_slump,27554,8179,0.144600,2.4100,0.892252,64.424135,11962
ours_conus_mu40_mur10,0.4,0.1,conus_slump,27554,8179,0.145800,2.4300,0.937641,65.986673,12780
ours_conus_mu40_mur10,0.4,0.1,conus_slump,27554,8179,0.147000,2.4500,0.951842,67.599095,13188
ours_conus_mu40_mur10,0.4,0.1,conus_slump,27554,8179,0.148200,2.4700,0.955592,69.244406,13457
ours_conus_mu40_mur10,0.4,0.1,conus_slump,27554,8179,0.149400,2.4900,0.997670,70.990097,14278
ours_conus_mu40_mur10,0.4,0.1,conus_slump,27554,8179,0.150600,2.5100,1.000195,72.768431,14545
ours_conus_mu40_mur10,0.4,0.1,conus_slump,27554,8179,0.151800,2.5300,1.039131,74.645556,15353
ours_conus_mu40_mur10,0.4,0.1,conus_slump,27554,8179,0.153000,2.5500,1.046148,76.565350,15702
ours_conus_mu40_mur10,0.4,0.1,conus_slump,27554,8179,0.154200,2.5700,1.059773,78.540775,16157
ours_conus_mu40_mur10,0.4,0.1,conus_slump,27554,8179,0.155400,2.5900,1.064911,80.556792,16489
ours_conus_mu40_mur10,0.4,0.1,conus_slump,27554,8179,0.156600,2.6100,1.093425,82.658883,17193
ours_conus_mu40_mur10,0.4,0.1,conus_slump,27554,8179,0.157800,2.6300,1.081493,84.770021,17267
ours_conus_mu40_mur10,0.4,0.1,conus_slump,27554,8179,0.159000,2.6500,1.122357,86.994376,18193
ours_conus_mu40_mur10,0.4,0.1,conus_slump,27554,8179,0.160200,2.6700,1.115268,89.238171,18352
ours_conus_mu40_mur10,0.4,0.1,conus_slump,27554,8179,0.161400,2.6900,1.094974,91.474263,18289
ours_conus_mu40_mur10,0.4,0.1,conus_slump,27554,8179,0.162600,2.7100,1.106538,93.767698,18758
ours_conus_mu40_mur10,0.4,0.1,conus_slump,27554,8179,0.163800,2.7300,1.111951,96.106492,19129
ours_conus_mu40_mur10,0.4,0.1,conus_slump,27554,8179,0.165000,2.7500,1.084264,98.420589,18927
ours_conus_mu40_mur10,0.4,0.1,conus_slump,27554,8179,0.166200,2.7700,1.080916,100.761218,19144
ours_conus_mu40_mur10,0.4,0.1,conus_slump,27554,8179,0.167400,2.7900,1.075214,103.123242,19319
ours_conus_mu40_mur10,0.4,0.1,conus_slump,27554,8179,0.168600,2.8100,1.062816,105.491625,19371
ours_conus_mu40_mur10,0.4,0.1,conus_slump,27554,8179,0.169800,2.8300,1.051796,107.868933,19444
ours_conus_mu40_mur10,0.4,0.1,conus_slump,27554,8179,0.171000,2.8500,1.056127,110.289889,19801
ours_conus_mu40_mur10,0.4,0.1,conus_slump,27554,8179,0.172200,2.8700,1.024996,112.672576,19488
ours_conus_mu40_mur10,0.4,0.1,conus_slump,27554,8179,0.173400,2.8900,1.047479,115.141582,20194
ours_conus_mu40_mur10,0.4,0.1,conus_slump,27554,8179,0.174600,2.9100,1.024638,117.590292,20028
ours_conus_mu40_mur10,0.4,0.1,conus_slump,27554,8179,0.175800,2.9300,1.000453,120.014183,19825
ours_conus_mu40_mur10,0.4,0.1,conus_slump,27554,8179,0.177000,2.9500,0.987631,122.439785,19839
ours_conus_mu40_mur10,0.4,0.1,conus_slump,27554,8179,0.178200,2.9700,0.979286,124.877613,19939
ours_conus_mu40_mur10,0.4,0.1,conus_slump,27554,8179,0.179400,2.9900,0.971559,127.328891,20049
ours_conus_mu40_mur10,0.4,0.1,conus_slump,27554,8179,0.180600,3.0100,0.942720,129.739332,19715
ours_conus_mu40_mur10,0.4,0.1,conus_slump,27554,8179,0.181800,3.0300,0.931165,132.151975,19733
ours_conus_mu40_mur10,0.4,0.1,conus_slump,27554,8179,0.183000,3.0500,0.933896,134.603741,20053
ours_conus_mu40_mur10,0.4,0.1,conus_slump,27554,8179,0.184200,3.0700,0.921216,137.054041,20041
ours_conus_mu40_mur10,0.4,0.1,conus_slump,27554,8179,0.185400,3.0900,0.923123,139.541509,20345
ours_conus_mu40_mur10,0.4,0.1,conus_slump,27554,8179,0.186600,3.1100,0.938477,142.103191,20952
ours_conus_mu40_mur10,0.4,0.1,conus_slump,27554,8179,0.187800,3.1300,0.933067,144.682969,21100
ours_conus_mu40_mur10,0.4,0.1,conus_slump,27554,8179,0.189000,3.1500,0.955268,147.357990,21879
ours_conus_mu40_mur10,0.4,0.1,conus_slump,27554,8179,0.190200,3.1700,0.954850,150.065900,22148
ours_conus_mu40_mur10,0.4,0.1,conus_slump,27554,8179,0.191400,3.1900,0.954367,152.806700,22417
ours_conus_mu40_mur10,0.4,0.1,conus_slump,27554,8179,0.192600,3.2100,0.957353,155.590659,22770
ours_conus_mu40_mur10,0.4,0.1,conus_slump,27554,8179,0.193800,3.2300,0.944579,158.371806,22747
ours_conus_mu40_mur10,0.4,0.1,conus_slump,27554,8179,0.195000,3.2500,0.959403,161.231691,23391
ours_conus_mu40_mur10,0.4,0.1,conus_slump,27554,8179,0.196200,3.2700,0.967151,164.150263,23871
ours_conus_mu40_mur10,0.4,0.1,conus_slump,27554,8179,0.197400,3.2900,0.977522,167.136325,24423
ours_conus_mu40_mur10,0.4,0.1,conus_slump,27554,8179,0.198600,3.3100,0.983539,170.177406,24873
ours_conus_mu40_mur10,0.4,0.1,conus_slump,27554,8179,0.199800,3.3300,0.984535,173.258467,25200
ours_conus_mu40_mur10,0.4,0.1,conus_slump,27554,8179,0.201000,3.3500,1.004779,176.440763,26028
ours_conus_mu40_mur10,0.4,0.1,conus_slump,27554,8179,0.202200,3.3700,1.012534,179.686025,26543
ours_conus_mu40_mur10,0.4,0.1,conus_slump,27554,8179,0.203400,3.3900,1.024258,183.007947,27170
ours_conus_mu40_mur10,0.4,0.1,conus_slump,27554,8179,0.204600,3.4100,1.030237,186.388801,27652
ours_conus_mu40_mur10,0.4,0.1,conus_slump,27554,8179,0.205800,3.4300,1.021351,189.779924,27736
ours_conus_mu40_mur10,0.4,0.1,conus_slump,27554,8179,0.207000,3.4500,1.036842,193.262746,28486
ours_conus_mu40_mur10,0.4,0.1,conus_slump,27554,8179,0.208200,3.4700,1.043202,196.807678,28994
ours_conus_mu40_mur10,0.4,0.1,conus_slump,27554,8179,0.209400,3.4900,1.048353,200.411297,29474
ours_conus_mu40_mur10,0.4,0.1,conus_slump,27554,8179,0.210600,3.5100,1.037565,204.018829,29506
ours_conus_mu40_mur10,0.4,0.1,conus_slump,27554,8179,0.211800,3.5300,1.053968,207.725272,30315
ours_conus_mu40_mur10,0.4,0.1,conus_slump,27554,8179,0.213000,3.5500,1.040854,211.427192,30278
ours_conus_mu40_mur10,0.4,0.1,conus_slump,27554,8179,0.214200,3.5700,1.033338,215.143905,30399
ours_conus_mu40_mur10,0.4,0.1,conus_slump,27554,8179,0.215400,3.5900,1.039975,218.926519,30938
ours_conus_mu40_mur10,0.4,0.1,conus_slump,27554,8179,0.216600,3.6100,1.037758,222.743245,31217
ours_conus_mu40_mur10,0.4,0.1,conus_slump,27554,8179,0.217800,3.6300,1.019746,226.535396,31016
ours_conus_mu40_mur10,0.4,0.1,conus_slump,27554,8179,0.219000,3.6500,1.029836,230.407385,31669
ours_conus_mu40_mur10,0.4,0.1,conus_slump,27554,8179,0.220200,3.6700,1.018546,234.279007,31666
ours_conus_mu40_mur10,0.4,0.1,conus_slump,27554,8179,0.221400,3.6900,1.017621,238.189387,31983
ours_conus_mu40_mur10,0.4,0.1,conus_slump,27554,8179,0.222600,3.7100,1.007938,242.104658,32023
ours_conus_mu40_mur10,0.4,0.1,conus_slump,27554,8179,0.223800,3.7300,1.018581,246.104047,32711
ours_conus_mu40_mur10,0.4,0.1,conus_slump,27554,8179,0.225000,3.7500,0.997887,250.064311,32391
ours_conus_mu40_mur10,0.4,0.1,conus_slump,27554,8179,0.226200,3.7700,0.988577,254.029588,32432
ours_conus_mu40_mur10,0.4,0.1,conus_slump,27554,8179,0.227400,3.7900,1.004381,258.101113,33301
ours_conus_mu40_mur10,0.4,0.1,conus_slump,27554,8179,0.228600,3.8100,0.994998,262.177283,33339
ours_conus_mu40_mur10,0.4,0.1,conus_slump,27554,8179,0.229800,3.8300,0.988680,266.270204,33476
ours_conus_mu40_mur10,0.4,0.1,conus_slump,27554,8179,0.231000,3.8500,0.983520,270.384399,33650
ours_conus_mu40_mur10,0.4,0.1,conus_slump,27554,8179,0.232200,3.8700,0.985327,274.549089,34063
ours_conus_mu40_mur10,0.4,0.1,conus_slump,27554,8179,0.233400,3.8900,0.983610,278.749603,34356
ours_conus_mu40_mur10,0.4,0.1,conus_slump,27554,8179,0.234600,3.9100,0.964874,282.912581,34049
ours_conus_mu40_mur10,0.4,0.1,conus_slump,27554,8179,0.235800,3.9300,0.977182,287.171904,34837
ours_conus_mu40_mur10,0.4,0.1,conus_slump,27554,8179,0.237000,3.9500,0.971504,291.449688,34988
ours_conus_mu40_mur10,0.4,0.1,conus_slump,27554,8179,0.238200,3.9700,0.980899,295.812691,35685
ours_conus_mu40_mur10,0.4,0.1,conus_slump,27554,8179,0.239400,3.9900,0.956368,300.109549,35144
ours_conus_mu40_mur10,0.4,0.1,conus_slump,27554,8179,0.240600,4.0100,0.974683,304.532706,36177
ours_conus_mu40_mur10,0.4,0.1,conus_slump,27554,8179,0.241800,4.0300,0.980131,309.025064,36743
ours_conus_mu40_mur10,0.4,0.1,conus_slump,27554,8179,0.243000,4.0500,0.971531,313.522313,36783
ours_conus_mu40_mur10,0.4,0.1,conus_slump,27554,8179,0.244200,4.0700,0.980785,318.107348,37501
ours_conus_mu40_mur10,0.4,0.1,conus_slump,27554,8179,0.245400,4.0900,0.981291,322.739944,37890
ours_conus_mu40_mur10,0.4,0.1,conus_slump,27554,8179,0.246600,4.1100,0.991178,327.465094,38647
ours_conus_mu40_mur10,0.4,0.1,conus_slump,27554,8179,0.247800,4.1300,0.997781,332.268126,39284
ours_conus_mu40_mur10,0.4,0.1,conus_slump,27554,8179,0.249000,4.1500,1.005972,337.157599,39991
ours_conus_mu40_mur10,0.4,0.1,conus_slump,27554,8179,0.250200,4.1700,1.007955,342.104047,40457
ours_conus_mu40_mur10,0.4,0.1,conus_slump,27554,8179,0.251400,4.1900,0.993618,347.027020,40265
ours_conus_mu40_mur10,0.4,0.1,conus_slump,27554,8179,0.252600,4.2100,1.007641,352.067245,41224
ours_conus_mu40_mur10,0.4,0.1,conus_slump,27554,8179,0.253800,4.2300,1.007989,357.157232,41631
ours_conus_mu40_mur10,0.4,0.1,conus_slump,27554,8179,0.255000,4.2500,1.006152,362.286099,41949
ours_conus_mu40_mur10,0.4,0.1,conus_slump,27554,8179,0.256200,4.2700,1.006229,367.463749,42348
ours_conus_mu40_mur10,0.4,0.1,conus_slump,27554,8179,0.257400,4.2900,1.010075,372.709989,42909
ours_conus_mu40_mur10,0.4,0.1,conus_slump,27554,8179,0.258600,4.3100,1.011124,378.010759,43355
ours_conus_mu40_mur10,0.4,0.1,conus_slump,27554,8179,0.259800,4.3300,1.021215,383.414232,44195
ours_conus_mu40_mur10,0.4,0.1,conus_slump,27554,8179,0.261000,4.3500,1.005367,388.783103,43912
ours_conus_mu40_mur10,0.4,0.1,conus_slump,27554,8179,0.262200,4.3700,1.020505,394.283042,44984
ours_conus_mu40_mur10,0.4,0.1,conus_slump,27554,8179,0.263400,4.3900,1.015543,399.806456,45176
ours_conus_mu40_mur10,0.4,0.1,conus_slump,27554,8179,0.264600,4.4100,1.015509,405.380120,45587
ours_conus_mu40_mur10,0.4,0.1,conus_slump,27554,8179,0.265800,4.4300,1.017221,411.013938,46079
ours_conus_mu40_mur10,0.4,0.1,conus_slump,27554,8179,0.267000,4.4500,1.023238,416.732363,46771
ours_conus_mu40_mur10,0.4,0.1,conus_slump,27554,8179,0.268200,4.4700,1.023056,422.501284,47184
ours_conus_mu40_mur10,0.4,0.1,conus_slump,27554,8179,0.269400,4.4900,1.020066,428.304927,47468
ours_conus_mu40_mur10,0.4,0.1,conus_slump,27554,8179,0.270600,4.5100,1.014553,434.128744,47633
ours_conus_mu40_mur10,0.4,0.1,conus_slump,27554,8179,0.271800,4.5300,0.998584,439.911847,47300
ours_conus_mu40_mur10,0.4,0.1,conus_slump,27554,8179,0.273000,4.5500,0.991833,445.706688,47396
ours_conus_mu40_mur10,0.4,0.1,conus_slump,27554,8179,0.274200,4.5700,0.999165,451.595794,48167
ours_conus_mu40_mur10,0.4,0.1,conus_slump,27554,8179,0.275400,4.5900,1.000984,457.547377,48678
ours_conus_mu40_mur10,0.4,0.1,conus_slump,27554,8179,0.276600,4.6100,0.983878,463.448343,48264
ours_conus_mu40_mur10,0.4,0.1,conus_slump,27554,8179,0.277800,4.6300,1.007227,469.541876,49839
ours_conus_mu40_mur10,0.4,0.1,conus_slump,27554,8179,0.279000,4.6500,0.990466,475.585891,49434
ours_conus_mu40_mur10,0.4,0.1,conus_slump,27554,8179,0.280200,4.6700,0.995608,481.713657,50119
ours_conus_mu40_mur10,0.4,0.1,conus_slump,27554,8179,0.281400,4.6900,0.989164,487.854016,50222
ours_conus_mu40_mur10,0.4,0.1,conus_slump,27554,8179,0.282600,4.7100,0.985019,494.020907,50439
ours_conus_mu40_mur10,0.4,0.1,conus_slump,27554,8179,0.283800,4.7300,0.991791,500.283042,51218
ours_conus_mu40_mur10,0.4,0.1,conus_slump,27554,8179,0.285000,4.7500,0.990715,506.591393,51596
ours_conus_mu40_mur10,0.4,0.1,conus_slump,27554,8179,0.286200,4.7700,0.977550,512.868444,51340
ours_conus_mu40_mur10,0.4,0.1,conus_slump,27554,8179,0.287400,4.7900,1.002485,519.359702,53092
ours_conus_mu40_mur10,0.4,0.1,conus_slump,27554,8179,0.288600,4.8100,0.980890,525.764274,52383
ours_conus_mu40_mur10,0.4,0.1,conus_slump,27554,8179,0.289800,4.8300,0.998782,532.340017,53783
ours_conus_mu40_mur10,0.4,0.1,conus_slump,27554,8179,0.291000,4.8500,0.992422,538.928109,53884
ours_conus_mu40_mur10,0.4,0.1,conus_slump,27554,8179,0.292200,4.8700,0.992379,545.570363,54327
ours_conus_mu40_mur10,0.4,0.1,conus_slump,27554,8179,0.293400,4.8900,0.998428,552.308106,55108
ours_conus_mu40_mur10,0.4,0.1,conus_slump,27554,8179,0.294600,4.9100,0.978684,558.966744,54461
ours_conus_mu40_mur10,0.4,0.1,conus_slump,27554,8179,0.295800,4.9300,0.986731,565.734931,55357
ours_conus_mu40_mur10,0.4,0.1,conus_slump,27554,8179,0.297000,4.9500,1.000822,572.655581,56604
ours_conus_mu40_mur10,0.4,0.1,conus_slump,27554,8179,0.298200,4.9700,0.999939,579.626116,57012
ours_conus_mu40_mur10,0.4,0.1,conus_slump,27554,8179,0.299400,4.9900,1.000726,586.658393,57517
ours_conus_mu40_mur00,0.4,0.0,conus_slump,27554,8070,0.000600,0.0100,0.000000,0.000000,0
ours_conus_mu40_mur00,0.4,0.0,conus_slump,27554,8070,0.001800,0.0300,0.000000,0.000000,0
ours_conus_mu40_mur00,0.4,0.0,conus_slump,27554,8070,0.003000,0.0500,0.000000,0.000000,0
ours_conus_mu40_mur00,0.4,0.0,conus_slump,27554,8070,0.004200,0.0700,0.000000,0.000000,0
ours_conus_mu40_mur00,0.4,0.0,conus_slump,27554,8070,0.005400,0.0900,0.000000,0.000000,0
ours_conus_mu40_mur00,0.4,0.0,conus_slump,27554,8070,0.006600,0.1100,0.000000,0.000000,0
ours_conus_mu40_mur00,0.4,0.0,conus_slump,27554,8070,0.007800,0.1300,0.000000,0.000000,0
ours_conus_mu40_mur00,0.4,0.0,conus_slump,27554,8070,0.009000,0.1500,0.000000,0.000000,0
ours_conus_mu40_mur00,0.4,0.0,conus_slump,27554,8070,0.010200,0.1700,0.000000,0.000000,0
ours_conus_mu40_mur00,0.4,0.0,conus_slump,27554,8070,0.011400,0.1900,0.000000,0.000000,0
ours_conus_mu40_mur00,0.4,0.0,conus_slump,27554,8070,0.012600,0.2100,0.000000,0.000000,0
ours_conus_mu40_mur00,0.4,0.0,conus_slump,27554,8070,0.013800,0.2300,0.000000,0.000000,0
ours_conus_mu40_mur00,0.4,0.0,conus_slump,27554,8070,0.015000,0.2500,0.000000,0.000000,0
ours_conus_mu40_mur00,0.4,0.0,conus_slump,27554,8070,0.016200,0.2700,0.000000,0.000000,0
ours_conus_mu40_mur00,0.4,0.0,conus_slump,27554,8070,0.017400,0.2900,0.000000,0.000000,0
ours_conus_mu40_mur00,0.4,0.0,conus_slump,27554,8070,0.018600,0.3100,0.000000,0.000000,0
ours_conus_mu40_mur00,0.4,0.0,conus_slump,27554,8070,0.019800,0.3300,0.000000,0.000000,0
ours_conus_mu40_mur00,0.4,0.0,conus_slump,27554,8070,0.021000,0.3500,0.000000,0.000000,0
ours_conus_mu40_mur00,0.4,0.0,conus_slump,27554,8070,0.022200,0.3700,0.000000,0.000000,0
ours_conus_mu40_mur00,0.4,0.0,conus_slump,27554,8070,0.023400,0.3900,0.000000,0.000000,0
ours_conus_mu40_mur00,0.4,0.0,conus_slump,27554,8070,0.024600,0.4100,0.000000,0.000000,0
ours_conus_mu40_mur00,0.4,0.0,conus_slump,27554,8070,0.025800,0.4300,0.000000,0.000000,0
ours_conus_mu40_mur00,0.4,0.0,conus_slump,27554,8070,0.027000,0.4500,0.000000,0.000000,0
ours_conus_mu40_mur00,0.4,0.0,conus_slump,27554,8070,0.028200,0.4700,0.000000,0.000000,0
ours_conus_mu40_mur00,0.4,0.0,conus_slump,27554,8070,0.029400,0.4900,0.000000,0.000000,0
ours_conus_mu40_mur00,0.4,0.0,conus_slump,27554,8070,0.030600,0.5100,0.000000,0.000000,0
ours_conus_mu40_mur00,0.4,0.0,conus_slump,27554,8070,0.031800,0.5300,0.000000,0.000000,0
ours_conus_mu40_mur00,0.4,0.0,conus_slump,27554,8070,0.033000,0.5500,0.000000,0.000000,0
ours_conus_mu40_mur00,0.4,0.0,conus_slump,27554,8070,0.034200,0.5700,0.000000,0.000000,0
ours_conus_mu40_mur00,0.4,0.0,conus_slump,27554,8070,0.035400,0.5900,0.000000,0.000000,0
ours_conus_mu40_mur00,0.4,0.0,conus_slump,27554,8070,0.036600,0.6100,0.000000,0.000000,0
ours_conus_mu40_mur00,0.4,0.0,conus_slump,27554,8070,0.037800,0.6300,0.000000,0.000000,0
ours_conus_mu40_mur00,0.4,0.0,conus_slump,27554,8070,0.039000,0.6500,0.000000,0.000000,0
ours_conus_mu40_mur00,0.4,0.0,conus_slump,27554,8070,0.040200,0.6700,0.000000,0.000000,0
ours_conus_mu40_mur00,0.4,0.0,conus_slump,27554,8070,0.041400,0.6900,0.000000,0.000000,0
ours_conus_mu40_mur00,0.4,0.0,conus_slump,27554,8070,0.042600,0.7100,0.000000,0.000000,0
ours_conus_mu40_mur00,0.4,0.0,conus_slump,27554,8070,0.043800,0.7300,0.000000,0.000000,0
ours_conus_mu40_mur00,0.4,0.0,conus_slump,27554,8070,0.045000,0.7500,0.000000,0.000000,0
ours_conus_mu40_mur00,0.4,0.0,conus_slump,27554,8070,0.046200,0.7700,0.000000,0.000000,0
ours_conus_mu40_mur00,0.4,0.0,conus_slump,27554,8070,0.047400,0.7900,0.000000,0.000000,0
ours_conus_mu40_mur00,0.4,0.0,conus_slump,27554,8070,0.048600,0.8100,0.000000,0.000000,0
ours_conus_mu40_mur00,0.4,0.0,conus_slump,27554,8070,0.049800,0.8300,0.000000,0.000000,0
ours_conus_mu40_mur00,0.4,0.0,conus_slump,27554,8070,0.051000,0.8500,0.000000,0.000000,0
ours_conus_mu40_mur00,0.4,0.0,conus_slump,27554,8070,0.052200,0.8700,0.000000,0.000000,0
ours_conus_mu40_mur00,0.4,0.0,conus_slump,27554,8070,0.053400,0.8900,0.000000,0.000000,0
ours_conus_mu40_mur00,0.4,0.0,conus_slump,27554,8070,0.054600,0.9100,0.000000,0.000000,0
ours_conus_mu40_mur00,0.4,0.0,conus_slump,27554,8070,0.055800,0.9300,0.000000,0.000000,0
ours_conus_mu40_mur00,0.4,0.0,conus_slump,27554,8070,0.057000,0.9500,0.000000,0.000000,0
ours_conus_mu40_mur00,0.4,0.0,conus_slump,27554,8070,0.058200,0.9700,0.000000,0.000000,0
ours_conus_mu40_mur00,0.4,0.0,conus_slump,27554,8070,0.059400,0.9900,17.484790,4.922305,39723
ours_conus_mu40_mur00,0.4,0.0,conus_slump,27554,8070,0.060600,1.0100,4.017210,6.099380,9499
ours_conus_mu40_mur00,0.4,0.0,conus_slump,27554,8070,0.061800,1.0300,1.926684,6.686493,4738
ours_conus_mu40_mur00,0.4,0.0,conus_slump,27554,8070,0.063000,1.0500,1.493990,7.159603,3818
ours_conus_mu40_mur00,0.4,0.0,conus_slump,27554,8070,0.064200,1.0700,1.179795,7.547584,3131
ours_conus_mu40_mur00,0.4,0.0,conus_slump,27554,8070,0.065400,1.0900,1.034138,7.900496,2848
ours_conus_mu40_mur00,0.4,0.0,conus_slump,27554,8070,0.066600,1.1100,0.913524,8.223792,2609
ours_conus_mu40_mur00,0.4,0.0,conus_slump,27554,8070,0.067800,1.1300,0.837214,8.530855,2478
ours_conus_mu40_mur00,0.4,0.0,conus_slump,27554,8070,0.069000,1.1500,0.809326,8.838290,2481
ours_conus_mu40_mur00,0.4,0.0,conus_slump,27554,8070,0.070200,1.1700,0.727373,9.124287,2308
ours_conus_mu40_mur00,0.4,0.0,conus_slump,27554,8070,0.071400,1.1900,0.760708,9.433705,2497
ours_conus_mu40_mur00,0.4,0.0,conus_slump,27554,8070,0.072600,1.2100,0.660925,9.711648,2243
ours_conus_mu40_mur00,0.4,0.0,conus_slump,27554,8070,0.073800,1.2300,0.692646,10.012639,2429
ours_conus_mu40_mur00,0.4,0.0,conus_slump,27554,8070,0.075000,1.2500,0.644705,10.301983,2335
ours_conus_mu40_mur00,0.4,0.0,conus_slump,27554,8070,0.076200,1.2700,0.652110,10.604089,2438
ours_conus_mu40_mur00,0.4,0.0,conus_slump,27554,8070,0.077400,1.2900,0.611307,10.896283,2358
ours_conus_mu40_mur00,0.4,0.0,conus_slump,27554,8070,0.078600,1.3100,0.625465,11.204585,2488
ours_conus_mu40_mur00,0.4,0.0,conus_slump,27554,8070,0.079800,1.3300,0.608503,11.513755,2495
ours_conus_mu40_mur00,0.4,0.0,conus_slump,27554,8070,0.081000,1.3500,0.576641,11.815613,2436
ours_conus_mu40_mur00,0.4,0.0,conus_slump,27554,8070,0.082200,1.3700,0.628195,12.154275,2733
ours_conus_mu40_mur00,0.4,0.0,conus_slump,27554,8070,0.083400,1.3900,0.612480,12.494176,2743
ours_conus_mu40_mur00,0.4,0.0,conus_slump,27554,8070,0.084600,1.4100,0.606296,12.840397,2794
ours_conus_mu40_mur00,0.4,0.0,conus_slump,27554,8070,0.085800,1.4300,0.598738,13.192069,2838
ours_conus_mu40_mur00,0.4,0.0,conus_slump,27554,8070,0.087000,1.4500,0.631992,13.573730,3080
ours_conus_mu40_mur00,0.4,0.0,conus_slump,27554,8070,0.088200,1.4700,0.601735,13.947212,3014
ours_conus_mu40_mur00,0.4,0.0,conus_slump,27554,8070,0.089400,1.4900,0.656618,14.365923,3379
ours_conus_mu40_mur00,0.4,0.0,conus_slump,27554,8070,0.090600,1.5100,0.686642,14.815613,3629
ours_conus_mu40_mur00,0.4,0.0,conus_slump,27554,8070,0.091800,1.5300,0.726492,15.304089,3942
ours_conus_mu40_mur00,0.4,0.0,conus_slump,27554,8070,0.093000,1.5500,0.743061,15.816853,4138
ours_conus_mu40_mur00,0.4,0.0,conus_slump,27554,8070,0.094200,1.5700,0.747529,16.346097,4271
ours_conus_mu40_mur00,0.4,0.0,conus_slump,27554,8070,0.095400,1.5900,0.750173,16.890830,4396
ours_conus_mu40_mur00,0.4,0.0,conus_slump,27554,8070,0.096600,1.6100,0.827518,17.506939,4972
ours_conus_mu40_mur00,0.4,0.0,conus_slump,27554,8070,0.097800,1.6300,0.861082,18.164064,5303
ours_conus_mu40_mur00,0.4,0.0,conus_slump,27554,8070,0.099000,1.6500,0.896113,18.864808,5655
ours_conus_mu40_mur00,0.4,0.0,conus_slump,27554,8070,0.100200,1.6700,0.981670,19.651177,6346
ours_conus_mu40_mur00,0.4,0.0,conus_slump,27554,8070,0.101400,1.6900,1.064158,20.524164,7045
ours_conus_mu40_mur00,0.4,0.0,conus_slump,27554,8070,0.102600,1.7100,1.149623,21.489715,7792
ours_conus_mu40_mur00,0.4,0.0,conus_slump,27554,8070,0.103800,1.7300,1.243126,22.558364,8624
ours_conus_mu40_mur00,0.4,0.0,conus_slump,27554,8070,0.105000,1.7500,1.233470,23.643371,8756
ours_conus_mu40_mur00,0.4,0.0,conus_slump,27554,8070,0.106200,1.7700,1.201759,24.724783,8727
ours_conus_mu40_mur00,0.4,0.0,conus_slump,27554,8070,0.107400,1.7900,1.209928,25.838290,8986
ours_conus_mu40_mur00,0.4,0.0,conus_slump,27554,8070,0.108600,1.8100,1.214283,26.980917,9221
ours_conus_mu40_mur00,0.4,0.0,conus_slump,27554,8070,0.109800,1.8300,1.204892,28.139901,9353
ours_conus_mu40_mur00,0.4,0.0,conus_slump,27554,8070,0.111000,1.8500,1.200536,29.320074,9524
ours_conus_mu40_mur00,0.4,0.0,conus_slump,27554,8070,0.112200,1.8700,1.272828,30.598513,10317
ours_conus_mu40_mur00,0.4,0.0,conus_slump,27554,8070,0.113400,1.8900,1.288907,31.920942,10672
ours_conus_mu40_mur00,0.4,0.0,conus_slump,27554,8070,0.114600,1.9100,1.346966,33.332342,11390
ours_conus_mu40_mur00,0.4,0.0,conus_slump,27554,8070,0.115800,1.9300,1.364943,34.792689,11785
ours_conus_mu40_mur00,0.4,0.0,conus_slump,27554,8070,0.117000,1.9500,1.426038,36.350186,12569
ours_conus_mu40_mur00,0.4,0.0,conus_slump,27554,8070,0.118200,1.9700,1.517844,38.042131,13654
ours_conus_mu40_mur00,0.4,0.0,conus_slump,27554,8070,0.119400,1.9900,1.583684,39.843494,14537
ours_conus_mu40_mur00,0.4,0.0,conus_slump,27554,8070,0.120600,2.0100,1.057593,41.070756,9904
ours_conus_mu40_mur00,0.4,0.0,conus_slump,27554,8070,0.121800,2.0300,0.955826,42.202107,9130
ours_conus_mu40_mur00,0.4,0.0,conus_slump,27554,8070,0.123000,2.0500,0.915400,43.307063,8917
ours_conus_mu40_mur00,0.4,0.0,conus_slump,27554,8070,0.124200,2.0700,0.898099,44.412392,8920
ours_conus_mu40_mur00,0.4,0.0,conus_slump,27554,8070,0.125400,2.0900,0.864302,45.496778,8751
ours_conus_mu40_mur00,0.4,0.0,conus_slump,27554,8070,0.126600,2.1100,0.836754,46.566791,8635
ours_conus_mu40_mur00,0.4,0.0,conus_slump,27554,8070,0.127800,2.1300,0.836994,47.657497,8802
ours_conus_mu40_mur00,0.4,0.0,conus_slump,27554,8070,0.129000,2.1500,0.819628,48.745725,8782
ours_conus_mu40_mur00,0.4,0.0,conus_slump,27554,8070,0.130200,2.1700,0.837206,49.878067,9138
ours_conus_mu40_mur00,0.4,0.0,conus_slump,27554,8070,0.131400,2.1900,0.814788,51.000496,9058
ours_conus_mu40_mur00,0.4,0.0,conus_slump,27554,8070,0.132600,2.2100,0.793924,52.114250,8988
ours_conus_mu40_mur00,0.4,0.0,conus_slump,27554,8070,0.133800,2.2300,0.817833,53.282404,9427
ours_conus_mu40_mur00,0.4,0.0,conus_slump,27554,8070,0.135000,2.2500,0.836593,54.498885,9817
ours_conus_mu40_mur00,0.4,0.0,conus_slump,27554,8070,0.136200,2.2700,0.821331,55.714498,9810
ours_conus_mu40_mur00,0.4,0.0,conus_slump,27554,8070,0.137400,2.2900,0.823171,56.954399,10006
ours_conus_mu40_mur00,0.4,0.0,conus_slump,27554,8070,0.138600,2.3100,0.841076,58.243494,10403
ours_conus_mu40_mur00,0.4,0.0,conus_slump,27554,8070,0.139800,2.3300,0.859202,59.583271,10812
ours_conus_mu40_mur00,0.4,0.0,conus_slump,27554,8070,0.141000,2.3500,0.871903,60.966295,11161
ours_conus_mu40_mur00,0.4,0.0,conus_slump,27554,8070,0.142200,2.3700,0.899110,62.416853,11706
ours_conus_mu40_mur00,0.4,0.0,conus_slump,27554,8070,0.143400,2.3900,0.908143,63.906815,12024
ours_conus_mu40_mur00,0.4,0.0,conus_slump,27554,8070,0.144600,2.4100,0.901526,65.410781,12137
ours_conus_mu40_mur00,0.4,0.0,conus_slump,27554,8070,0.145800,2.4300,0.936502,66.999133,12818
ours_conus_mu40_mur00,0.4,0.0,conus_slump,27554,8070,0.147000,2.4500,0.951677,68.639901,13241
ours_conus_mu40_mur00,0.4,0.0,conus_slump,27554,8070,0.148200,2.4700,0.957330,70.317472,13538
ours_conus_mu40_mur00,0.4,0.0,conus_slump,27554,8070,0.149400,2.4900,0.993365,72.086493,14276
ours_conus_mu40_mur00,0.4,0.0,conus_slump,27554,8070,0.150600,2.5100,1.031217,73.952540,15059
ours_conus_mu40_mur00,0.4,0.0,conus_slump,27554,8070,0.151800,2.5300,1.027379,75.841388,15243
ours_conus_mu40_mur00,0.4,0.0,conus_slump,27554,8070,0.153000,2.5500,1.064072,77.828748,16038
ours_conus_mu40_mur00,0.4,0.0,conus_slump,27554,8070,0.154200,2.5700,1.072200,79.862825,16415
ours_conus_mu40_mur00,0.4,0.0,conus_slump,27554,8070,0.155400,2.5900,1.083553,81.950558,16848
ours_conus_mu40_mur00,0.4,0.0,conus_slump,27554,8070,0.156600,2.6100,1.097916,84.098761,17336
ours_conus_mu40_mur00,0.4,0.0,conus_slump,27554,8070,0.157800,2.6300,1.093569,86.271375,17533
ours_conus_mu40_mur00,0.4,0.0,conus_slump,27554,8070,0.159000,2.6500,1.104954,88.500124,17986
ours_conus_mu40_mur00,0.4,0.0,conus_slump,27554,8070,0.160200,2.6700,1.124289,90.802230,18578
ours_conus_mu40_mur00,0.4,0.0,conus_slump,27554,8070,0.161400,2.6900,1.129633,93.150062,18947
ours_conus_mu40_mur00,0.4,0.0,conus_slump,27554,8070,0.162600,2.7100,1.143862,95.562949,19472
ours_conus_mu40_mur00,0.4,0.0,conus_slump,27554,8070,0.163800,2.7300,1.103025,97.924164,19055
ours_conus_mu40_mur00,0.4,0.0,conus_slump,27554,8070,0.165000,2.7500,1.100845,100.315366,19297
ours_conus_mu40_mur00,0.4,0.0,conus_slump,27554,8070,0.166200,2.7700,1.098950,102.737299,19545
ours_conus_mu40_mur00,0.4,0.0,conus_slump,27554,8070,0.167400,2.7900,1.072055,105.134201,19343
ours_conus_mu40_mur00,0.4,0.0,conus_slump,27554,8070,0.168600,2.8100,1.058160,107.534077,19367
ours_conus_mu40_mur00,0.4,0.0,conus_slump,27554,8070,0.169800,2.8300,1.034530,109.913879,19205
ours_conus_mu40_mur00,0.4,0.0,conus_slump,27554,8070,0.171000,2.8500,1.049752,112.362949,19764
ours_conus_mu40_mur00,0.4,0.0,conus_slump,27554,8070,0.172200,2.8700,1.041720,114.827509,19889
ours_conus_mu40_mur00,0.4,0.0,conus_slump,27554,8070,0.173400,2.8900,1.026267,117.289467,19868
ours_conus_mu40_mur00,0.4,0.0,conus_slump,27554,8070,0.174600,2.9100,1.024640,119.781660,20112
ours_conus_mu40_mur00,0.4,0.0,conus_slump,27554,8070,0.175800,2.9300,1.023061,122.304337,20358
ours_conus_mu40_mur00,0.4,0.0,conus_slump,27554,8070,0.177000,2.9500,0.995207,124.791945,20075
ours_conus_mu40_mur00,0.4,0.0,conus_slump,27554,8070,0.178200,2.9700,0.960427,127.225279,19637
ours_conus_mu40_mur00,0.4,0.0,conus_slump,27554,8070,0.179400,2.9900,0.939996,129.639033,19479
ours_conus_mu40_mur00,0.4,0.0,conus_slump,27554,8070,0.180600,3.0100,0.911499,132.011029,19142
ours_conus_mu40_mur00,0.4,0.0,conus_slump,27554,8070,0.181800,3.0300,0.933809,134.473482,19872
ours_conus_mu40_mur00,0.4,0.0,conus_slump,27554,8070,0.183000,3.0500,0.944467,136.997026,20365
ours_conus_mu40_mur00,0.4,0.0,conus_slump,27554,8070,0.184200,3.0700,0.911282,139.463941,19908
ours_conus_mu40_mur00,0.4,0.0,conus_slump,27554,8070,0.185400,3.0900,0.904720,141.945105,20023
ours_conus_mu40_mur00,0.4,0.0,conus_slump,27554,8070,0.186600,3.1100,0.918457,144.496654,20591
ours_conus_mu40_mur00,0.4,0.0,conus_slump,27554,8070,0.187800,3.1300,0.920540,147.086989,20904
ours_conus_mu40_mur00,0.4,0.0,conus_slump,27554,8070,0.189000,3.1500,0.945019,149.780297,21735
ours_conus_mu40_mur00,0.4,0.0,conus_slump,27554,8070,0.190200,3.1700,0.918707,152.431970,21399
ours_conus_mu40_mur00,0.4,0.0,conus_slump,27554,8070,0.191400,3.1900,0.942963,155.188104,22242
ours_conus_mu40_mur00,0.4,0.0,conus_slump,27554,8070,0.192600,3.2100,0.956371,158.018587,22842
ours_conus_mu40_mur00,0.4,0.0,conus_slump,27554,8070,0.193800,3.2300,0.951180,160.868897,23002
ours_conus_mu40_mur00,0.4,0.0,conus_slump,27554,8070,0.195000,3.2500,0.977454,163.834325,23931
ours_conus_mu40_mur00,0.4,0.0,conus_slump,27554,8070,0.196200,3.2700,0.966502,166.802726,23955
ours_conus_mu40_mur00,0.4,0.0,conus_slump,27554,8070,0.197400,3.2900,0.966346,169.807063,24245
ours_conus_mu40_mur00,0.4,0.0,conus_slump,27554,8070,0.198600,3.3100,1.000342,172.955019,25404
ours_conus_mu40_mur00,0.4,0.0,conus_slump,27554,8070,0.199800,3.3300,0.999528,176.138538,25691
ours_conus_mu40_mur00,0.4,0.0,conus_slump,27554,8070,0.201000,3.3500,1.011963,179.400496,26324
ours_conus_mu40_mur00,0.4,0.0,conus_slump,27554,8070,0.202200,3.3700,1.017765,182.720446,26792
ours_conus_mu40_mur00,0.4,0.0,conus_slump,27554,8070,0.203400,3.3900,1.032934,186.129988,27515
ours_conus_mu40_mur00,0.4,0.0,conus_slump,27554,8070,0.204600,3.4100,1.032874,189.579678,27839
ours_conus_mu40_mur00,0.4,0.0,conus_slump,27554,8070,0.205800,3.4300,1.039932,193.093804,28359
ours_conus_mu40_mur00,0.4,0.0,conus_slump,27554,8070,0.207000,3.4500,1.037370,196.640273,28620
ours_conus_mu40_mur00,0.4,0.0,conus_slump,27554,8070,0.208200,3.4700,1.044759,200.253532,29159
ours_conus_mu40_mur00,0.4,0.0,conus_slump,27554,8070,0.209400,3.4900,1.053894,203.940520,29754
ours_conus_mu40_mur00,0.4,0.0,conus_slump,27554,8070,0.210600,3.5100,1.060792,207.694300,30293
ours_conus_mu40_mur00,0.4,0.0,conus_slump,27554,8070,0.211800,3.5300,1.049049,211.448947,30300
ours_conus_mu40_mur00,0.4,0.0,conus_slump,27554,8070,0.213000,3.5500,1.046573,215.237299,30572
ours_conus_mu40_mur00,0.4,0.0,conus_slump,27554,8070,0.214200,3.5700,1.034846,219.025527,30571
ours_conus_mu40_mur00,0.4,0.0,conus_slump,27554,8070,0.215400,3.5900,1.042361,222.884139,31139
ours_conus_mu40_mur00,0.4,0.0,conus_slump,27554,8070,0.216600,3.6100,1.032267,226.748079,31182
ours_conus_mu40_mur00,0.4,0.0,conus_slump,27554,8070,0.217800,3.6300,1.037621,230.675217,31692
ours_conus_mu40_mur00,0.4,0.0,conus_slump,27554,8070,0.219000,3.6500,1.024112,234.594052,31625
ours_conus_mu40_mur00,0.4,0.0,conus_slump,27554,8070,0.220200,3.6700,1.017368,238.529864,31762
ours_conus_mu40_mur00,0.4,0.0,conus_slump,27554,8070,0.221400,3.6900,1.014196,242.496283,32009
ours_conus_mu40_mur00,0.4,0.0,conus_slump,27554,8070,0.222600,3.7100,1.019778,246.527881,32535
ours_conus_mu40_mur00,0.4,0.0,conus_slump,27554,8070,0.223800,3.7300,1.005522,250.546097,32427
ours_conus_mu40_mur00,0.4,0.0,conus_slump,27554,8070,0.225000,3.7500,1.002403,254.594919,32674
ours_conus_mu40_mur00,0.4,0.0,conus_slump,27554,8070,0.226200,3.7700,0.995165,258.657497,32785
ours_conus_mu40_mur00,0.4,0.0,conus_slump,27554,8070,0.227400,3.7900,0.989465,262.739777,32944
ours_conus_mu40_mur00,0.4,0.0,conus_slump,27554,8070,0.228600,3.8100,0.988436,266.860967,33258
ours_conus_mu40_mur00,0.4,0.0,conus_slump,27554,8070,0.229800,3.8300,0.987022,271.019579,33560
ours_conus_mu40_mur00,0.4,0.0,conus_slump,27554,8070,0.231000,3.8500,0.977405,275.180793,33581
ours_conus_mu40_mur00,0.4,0.0,conus_slump,27554,8070,0.232200,3.8700,0.971996,279.362082,33743
ours_conus_mu40_mur00,0.4,0.0,conus_slump,27554,8070,0.233400,3.8900,0.981015,283.625898,34409
ours_conus_mu40_mur00,0.4,0.0,conus_slump,27554,8070,0.234600,3.9100,0.975999,287.911648,34586
ours_conus_mu40_mur00,0.4,0.0,conus_slump,27554,8070,0.235800,3.9300,0.954722,292.146964,34179
ours_conus_mu40_mur00,0.4,0.0,conus_slump,27554,8070,0.237000,3.9500,0.965540,296.473978,34919
ours_conus_mu40_mur00,0.4,0.0,conus_slump,27554,8070,0.238200,3.9700,0.968373,300.857745,35377
ours_conus_mu40_mur00,0.4,0.0,conus_slump,27554,8070,0.239400,3.9900,0.957524,305.236183,35334
ours_conus_mu40_mur00,0.4,0.0,conus_slump,27554,8070,0.240600,4.0100,0.967528,309.704833,36062
ours_conus_mu40_mur00,0.4,0.0,conus_slump,27554,8070,0.241800,4.0300,0.975295,314.254399,36715
ours_conus_mu40_mur00,0.4,0.0,conus_slump,27554,8070,0.243000,4.0500,0.970316,318.825774,36891
ours_conus_mu40_mur00,0.4,0.0,conus_slump,27554,8070,0.244200,4.0700,0.982368,323.499752,37719
ours_conus_mu40_mur00,0.4,0.0,conus_slump,27554,8070,0.245400,4.0900,0.982507,328.220446,38096
ours_conus_mu40_mur00,0.4,0.0,conus_slump,27554,8070,0.246600,4.1100,0.992557,333.036183,38863
ours_conus_mu40_mur00,0.4,0.0,conus_slump,27554,8070,0.247800,4.1300,1.007602,337.972615,39837
ours_conus_mu40_mur00,0.4,0.0,conus_slump,27554,8070,0.249000,4.1500,1.009788,342.967782,40311
ours_conus_mu40_mur00,0.4,0.0,conus_slump,27554,8070,0.250200,4.1700,0.997222,347.948451,40194
ours_conus_mu40_mur00,0.4,0.0,conus_slump,27554,8070,0.251400,4.1900,1.000847,352.995291,40728
ours_conus_mu40_mur00,0.4,0.0,conus_slump,27554,8070,0.252600,4.2100,1.003409,358.103470,41223
ours_conus_mu40_mur00,0.4,0.0,conus_slump,27554,8070,0.253800,4.2300,1.015692,363.323420,42125
ours_conus_mu40_mur00,0.4,0.0,conus_slump,27554,8070,0.255000,4.2500,1.016807,368.598637,42571
ours_conus_mu40_mur00,0.4,0.0,conus_slump,27554,8070,0.256200,4.2700,1.000135,373.836307,42268
ours_conus_mu40_mur00,0.4,0.0,conus_slump,27554,8070,0.257400,4.2900,1.013664,379.194672,43242
ours_conus_mu40_mur00,0.4,0.0,conus_slump,27554,8070,0.258600,4.3100,1.024948,384.663321,44132
ours_conus_mu40_mur00,0.4,0.0,conus_slump,27554,8070,0.259800,4.3300,1.023486,390.174969,44479
ours_conus_mu40_mur00,0.4,0.0,conus_slump,27554,8070,0.261000,4.3500,1.028574,395.765304,45114
ours_conus_mu40_mur00,0.4,0.0,conus_slump,27554,8070,0.262200,4.3700,1.017645,401.347212,45046
ours_conus_mu40_mur00,0.4,0.0,conus_slump,27554,8070,0.263400,4.3900,1.027287,407.033705,45890
ours_conus_mu40_mur00,0.4,0.0,conus_slump,27554,8070,0.264600,4.4100,1.016371,412.711152,45817
ours_conus_mu40_mur00,0.4,0.0,conus_slump,27554,8070,0.265800,4.4300,1.014359,418.428872,46142
ours_conus_mu40_mur00,0.4,0.0,conus_slump,27554,8070,0.267000,4.4500,1.009227,424.169145,46324
ours_conus_mu40_mur00,0.4,0.0,conus_slump,27554,8070,0.268200,4.4700,1.015697,429.998265,47041
ours_conus_mu40_mur00,0.4,0.0,conus_slump,27554,8070,0.269400,4.4900,1.010435,435.849195,47217
ours_conus_mu40_mur00,0.4,0.0,conus_slump,27554,8070,0.270600,4.5100,1.005205,441.721809,47392
ours_conus_mu40_mur00,0.4,0.0,conus_slump,27554,8070,0.271800,4.5300,1.013651,447.696406,48215
ours_conus_mu40_mur00,0.4,0.0,conus_slump,27554,8070,0.273000,4.5500,1.003093,453.661090,48135
ours_conus_mu40_mur00,0.4,0.0,conus_slump,27554,8070,0.274200,4.5700,0.997699,459.645973,48298
ours_conus_mu40_mur00,0.4,0.0,conus_slump,27554,8070,0.275400,4.5900,0.987508,465.621685,48224
ours_conus_mu40_mur00,0.4,0.0,conus_slump,27554,8070,0.276600,4.6100,0.999076,471.720198,49215
ours_conus_mu40_mur00,0.4,0.0,conus_slump,27554,8070,0.277800,4.6300,0.993080,477.834820,49345
ours_conus_mu40_mur00,0.4,0.0,conus_slump,27554,8070,0.279000,4.6500,0.999460,484.042007,50092
ours_conus_mu40_mur00,0.4,0.0,conus_slump,27554,8070,0.280200,4.6700,0.990601,490.247212,50076
ours_conus_mu40_mur00,0.4,0.0,conus_slump,27554,8070,0.281400,4.6900,0.989506,496.498761,50450
ours_conus_mu40_mur00,0.4,0.0,conus_slump,27554,8070,0.282600,4.7100,0.983182,502.763445,50556
ours_conus_mu40_mur00,0.4,0.0,conus_slump,27554,8070,0.283800,4.7300,0.986898,509.105328,51179
ours_conus_mu40_mur00,0.4,0.0,conus_slump,27554,8070,0.285000,4.7500,0.987324,515.503717,51635
ours_conus_mu40_mur00,0.4,0.0,conus_slump,27554,8070,0.286200,4.7700,0.983310,521.929864,51859
ours_conus_mu40_mur00,0.4,0.0,conus_slump,27554,8070,0.287400,4.7900,0.995160,528.488104,52925
ours_conus_mu40_mur00,0.4,0.0,conus_slump,27554,8070,0.288600,4.8100,0.989344,535.062577,53056
ours_conus_mu40_mur00,0.4,0.0,conus_slump,27554,8070,0.289800,4.8300,0.989970,541.696035,53532
ours_conus_mu40_mur00,0.4,0.0,conus_slump,27554,8070,0.291000,4.8500,0.992423,548.401115,54110
ours_conus_mu40_mur00,0.4,0.0,conus_slump,27554,8070,0.292200,4.8700,0.987545,555.128377,54289
ours_conus_mu40_mur00,0.4,0.0,conus_slump,27554,8070,0.293400,4.8900,0.990146,561.928872,54880
ours_conus_mu40_mur00,0.4,0.0,conus_slump,27554,8070,0.294600,4.9100,0.992511,568.801487,55462
ours_conus_mu40_mur00,0.4,0.0,conus_slump,27554,8070,0.295800,4.9300,0.982150,575.657869,55331
ours_conus_mu40_mur00,0.4,0.0,conus_slump,27554,8070,0.297000,4.9500,0.991467,582.635564,56310
ours_conus_mu40_mur00,0.4,0.0,conus_slump,27554,8070,0.298200,4.9700,0.994227,589.689343,56924
ours_conus_mu40_mur00,0.4,0.0,conus_slump,27554,8070,0.299400,4.9900,1.006528,596.887980,58093
ours_conus_mu10_mur10,0.1,0.1,conus_slump,27554,7896,0.000600,0.0100,0.000000,0.000000,0
ours_conus_mu10_mur10,0.1,0.1,conus_slump,27554,7896,0.001800,0.0300,0.000000,0.000000,0
ours_conus_mu10_mur10,0.1,0.1,conus_slump,27554,7896,0.003000,0.0500,0.000000,0.000000,0
ours_conus_mu10_mur10,0.1,0.1,conus_slump,27554,7896,0.004200,0.0700,0.000000,0.000000,0
ours_conus_mu10_mur10,0.1,0.1,conus_slump,27554,7896,0.005400,0.0900,0.000000,0.000000,0
ours_conus_mu10_mur10,0.1,0.1,conus_slump,27554,7896,0.006600,0.1100,0.000000,0.000000,0
ours_conus_mu10_mur10,0.1,0.1,conus_slump,27554,7896,0.007800,0.1300,0.000000,0.000000,0
ours_conus_mu10_mur10,0.1,0.1,conus_slump,27554,7896,0.009000,0.1500,0.000000,0.000000,0
ours_conus_mu10_mur10,0.1,0.1,conus_slump,27554,7896,0.010200,0.1700,0.000000,0.000000,0
ours_conus_mu10_mur10,0.1,0.1,conus_slump,27554,7896,0.011400,0.1900,0.000000,0.000000,0
ours_conus_mu10_mur10,0.1,0.1,conus_slump,27554,7896,0.012600,0.2100,0.000000,0.000000,0
ours_conus_mu10_mur10,0.1,0.1,conus_slump,27554,7896,0.013800,0.2300,0.000000,0.000000,0
ours_conus_mu10_mur10,0.1,0.1,conus_slump,27554,7896,0.015000,0.2500,0.000000,0.000000,0
ours_conus_mu10_mur10,0.1,0.1,conus_slump,27554,7896,0.016200,0.2700,0.000000,0.000000,0
ours_conus_mu10_mur10,0.1,0.1,conus_slump,27554,7896,0.017400,0.2900,0.000000,0.000000,0
ours_conus_mu10_mur10,0.1,0.1,conus_slump,27554,7896,0.018600,0.3100,0.000000,0.000000,0
ours_conus_mu10_mur10,0.1,0.1,conus_slump,27554,7896,0.019800,0.3300,0.000000,0.000000,0
ours_conus_mu10_mur10,0.1,0.1,conus_slump,27554,7896,0.021000,0.3500,0.000000,0.000000,0
ours_conus_mu10_mur10,0.1,0.1,conus_slump,27554,7896,0.022200,0.3700,0.000000,0.000000,0
ours_conus_mu10_mur10,0.1,0.1,conus_slump,27554,7896,0.023400,0.3900,0.000000,0.000000,0
ours_conus_mu10_mur10,0.1,0.1,conus_slump,27554,7896,0.024600,0.4100,0.000000,0.000000,0
ours_conus_mu10_mur10,0.1,0.1,conus_slump,27554,7896,0.025800,0.4300,0.000000,0.000000,0
ours_conus_mu10_mur10,0.1,0.1,conus_slump,27554,7896,0.027000,0.4500,0.000000,0.000000,0
ours_conus_mu10_mur10,0.1,0.1,conus_slump,27554,7896,0.028200,0.4700,0.000000,0.000000,0
ours_conus_mu10_mur10,0.1,0.1,conus_slump,27554,7896,0.029400,0.4900,0.000000,0.000000,0
ours_conus_mu10_mur10,0.1,0.1,conus_slump,27554,7896,0.030600,0.5100,0.000000,0.000000,0
ours_conus_mu10_mur10,0.1,0.1,conus_slump,27554,7896,0.031800,0.5300,0.000000,0.000000,0
ours_conus_mu10_mur10,0.1,0.1,conus_slump,27554,7896,0.033000,0.5500,0.000000,0.000000,0
ours_conus_mu10_mur10,0.1,0.1,conus_slump,27554,7896,0.034200,0.5700,0.000000,0.000000,0
ours_conus_mu10_mur10,0.1,0.1,conus_slump,27554,7896,0.035400,0.5900,0.000000,0.000000,0
ours_conus_mu10_mur10,0.1,0.1,conus_slump,27554,7896,0.036600,0.6100,0.000000,0.000000,0
ours_conus_mu10_mur10,0.1,0.1,conus_slump,27554,7896,0.037800,0.6300,0.000000,0.000000,0
ours_conus_mu10_mur10,0.1,0.1,conus_slump,27554,7896,0.039000,0.6500,0.000000,0.000000,0
ours_conus_mu10_mur10,0.1,0.1,conus_slump,27554,7896,0.040200,0.6700,0.000000,0.000000,0
ours_conus_mu10_mur10,0.1,0.1,conus_slump,27554,7896,0.041400,0.6900,0.000000,0.000000,0
ours_conus_mu10_mur10,0.1,0.1,conus_slump,27554,7896,0.042600,0.7100,0.000000,0.000000,0
ours_conus_mu10_mur10,0.1,0.1,conus_slump,27554,7896,0.043800,0.7300,0.000000,0.000000,0
ours_conus_mu10_mur10,0.1,0.1,conus_slump,27554,7896,0.045000,0.7500,0.000000,0.000000,0
ours_conus_mu10_mur10,0.1,0.1,conus_slump,27554,7896,0.046200,0.7700,0.000000,0.000000,0
ours_conus_mu10_mur10,0.1,0.1,conus_slump,27554,7896,0.047400,0.7900,0.000000,0.000000,0
ours_conus_mu10_mur10,0.1,0.1,conus_slump,27554,7896,0.048600,0.8100,0.000000,0.000000,0
ours_conus_mu10_mur10,0.1,0.1,conus_slump,27554,7896,0.049800,0.8300,0.000000,0.000000,0
ours_conus_mu10_mur10,0.1,0.1,conus_slump,27554,7896,0.051000,0.8500,0.000000,0.000000,0
ours_conus_mu10_mur10,0.1,0.1,conus_slump,27554,7896,0.052200,0.8700,0.000000,0.000000,0
ours_conus_mu10_mur10,0.1,0.1,conus_slump,27554,7896,0.053400,0.8900,0.000000,0.000000,0
ours_conus_mu10_mur10,0.1,0.1,conus_slump,27554,7896,0.054600,0.9100,0.000000,0.000000,0
ours_conus_mu10_mur10,0.1,0.1,conus_slump,27554,7896,0.055800,0.9300,0.000000,0.000000,0
ours_conus_mu10_mur10,0.1,0.1,conus_slump,27554,7896,0.057000,0.9500,0.000000,0.000000,0
ours_conus_mu10_mur10,0.1,0.1,conus_slump,27554,7896,0.058200,0.9700,0.000000,0.000000,0
ours_conus_mu10_mur10,0.1,0.1,conus_slump,27554,7896,0.059400,0.9900,18.889922,5.435790,42921
ours_conus_mu10_mur10,0.1,0.1,conus_slump,27554,7896,0.060600,1.0100,3.483456,6.479103,8238
ours_conus_mu10_mur10,0.1,0.1,conus_slump,27554,7896,0.061800,1.0300,1.768669,7.030015,4350
ours_conus_mu10_mur10,0.1,0.1,conus_slump,27554,7896,0.063000,1.0500,1.357244,7.469352,3469
ours_conus_mu10_mur10,0.1,0.1,conus_slump,27554,7896,0.064200,1.0700,1.142714,7.853470,3033
ours_conus_mu10_mur10,0.1,0.1,conus_slump,27554,7896,0.065400,1.0900,1.004228,8.203774,2766
ours_conus_mu10_mur10,0.1,0.1,conus_slump,27554,7896,0.066600,1.1100,0.929156,8.539894,2654
ours_conus_mu10_mur10,0.1,0.1,conus_slump,27554,7896,0.067800,1.1300,0.838791,8.854357,2483
ours_conus_mu10_mur10,0.1,0.1,conus_slump,27554,7896,0.069000,1.1500,0.775297,9.155395,2377
ours_conus_mu10_mur10,0.1,0.1,conus_slump,27554,7896,0.070200,1.1700,0.683790,9.430218,2170
ours_conus_mu10_mur10,0.1,0.1,conus_slump,27554,7896,0.071400,1.1900,0.671661,9.709473,2205
ours_conus_mu10_mur10,0.1,0.1,conus_slump,27554,7896,0.072600,1.2100,0.641392,9.985182,2177
ours_conus_mu10_mur10,0.1,0.1,conus_slump,27554,7896,0.073800,1.2300,0.639521,10.269250,2243
ours_conus_mu10_mur10,0.1,0.1,conus_slump,27554,7896,0.075000,1.2500,0.582504,10.536474,2110
ours_conus_mu10_mur10,0.1,0.1,conus_slump,27554,7896,0.076200,1.2700,0.639186,10.839159,2390
ours_conus_mu10_mur10,0.1,0.1,conus_slump,27554,7896,0.077400,1.2900,0.572862,11.119048,2210
ours_conus_mu10_mur10,0.1,0.1,conus_slump,27554,7896,0.078600,1.3100,0.575612,11.409068,2290
ours_conus_mu10_mur10,0.1,0.1,conus_slump,27554,7896,0.079800,1.3300,0.595009,11.718085,2440
ours_conus_mu10_mur10,0.1,0.1,conus_slump,27554,7896,0.081000,1.3500,0.593605,12.035714,2508
ours_conus_mu10_mur10,0.1,0.1,conus_slump,27554,7896,0.082200,1.3700,0.606048,12.369681,2637
ours_conus_mu10_mur10,0.1,0.1,conus_slump,27554,7896,0.083400,1.3900,0.551449,12.682497,2470
ours_conus_mu10_mur10,0.1,0.1,conus_slump,27554,7896,0.084600,1.4100,0.578008,13.019883,2664
ours_conus_mu10_mur10,0.1,0.1,conus_slump,27554,7896,0.085800,1.4300,0.611525,13.387031,2899
ours_conus_mu10_mur10,0.1,0.1,conus_slump,27554,7896,0.087000,1.4500,0.602774,13.759119,2938
ours_conus_mu10_mur10,0.1,0.1,conus_slump,27554,7896,0.088200,1.4700,0.637387,14.163501,3193
ours_conus_mu10_mur10,0.1,0.1,conus_slump,27554,7896,0.089400,1.4900,0.657502,14.592072,3384
ours_conus_mu10_mur10,0.1,0.1,conus_slump,27554,7896,0.090600,1.5100,0.692604,15.055724,3661
ours_conus_mu10_mur10,0.1,0.1,conus_slump,27554,7896,0.091800,1.5300,0.675537,15.520010,3666
ours_conus_mu10_mur10,0.1,0.1,conus_slump,27554,7896,0.093000,1.5500,0.727341,16.033055,4051
ours_conus_mu10_mur10,0.1,0.1,conus_slump,27554,7896,0.094200,1.5700,0.738329,16.567376,4219
ours_conus_mu10_mur10,0.1,0.1,conus_slump,27554,7896,0.095400,1.5900,0.774813,17.142477,4541
ours_conus_mu10_mur10,0.1,0.1,conus_slump,27554,7896,0.096600,1.6100,0.823413,17.769124,4948
ours_conus_mu10_mur10,0.1,0.1,conus_slump,27554,7896,0.097800,1.6300,0.875904,18.452381,5395
ours_conus_mu10_mur10,0.1,0.1,conus_slump,27554,7896,0.099000,1.6500,0.931802,19.197188,5881
ours_conus_mu10_mur10,0.1,0.1,conus_slump,27554,7896,0.100200,1.6700,1.024846,20.036348,6626
ours_conus_mu10_mur10,0.1,0.1,conus_slump,27554,7896,0.101400,1.6900,1.080780,20.942629,7156
ours_conus_mu10_mur10,0.1,0.1,conus_slump,27554,7896,0.102600,1.7100,1.184431,21.959473,8029
ours_conus_mu10_mur10,0.1,0.1,conus_slump,27554,7896,0.103800,1.7300,1.268759,23.074341,8803
ours_conus_mu10_mur10,0.1,0.1,conus_slump,27554,7896,0.105000,1.7500,1.253165,24.201114,8897
ours_conus_mu10_mur10,0.1,0.1,conus_slump,27554,7896,0.106200,1.7700,1.210686,25.314716,8793
ours_conus_mu10_mur10,0.1,0.1,conus_slump,27554,7896,0.107400,1.7900,1.217574,26.460106,9044
ours_conus_mu10_mur10,0.1,0.1,conus_slump,27554,7896,0.108600,1.8100,1.235978,27.648936,9387
ours_conus_mu10_mur10,0.1,0.1,conus_slump,27554,7896,0.109800,1.8300,1.244789,28.872847,9664
ours_conus_mu10_mur10,0.1,0.1,conus_slump,27554,7896,0.111000,1.8500,1.264655,30.143617,10034
ours_conus_mu10_mur10,0.1,0.1,conus_slump,27554,7896,0.112200,1.8700,1.284376,31.462259,10412
ours_conus_mu10_mur10,0.1,0.1,conus_slump,27554,7896,0.113400,1.8900,1.269655,32.793820,10514
ours_conus_mu10_mur10,0.1,0.1,conus_slump,27554,7896,0.114600,1.9100,1.336735,34.225557,11305
ours_conus_mu10_mur10,0.1,0.1,conus_slump,27554,7896,0.115800,1.9300,1.382132,35.737082,11935
ours_conus_mu10_mur10,0.1,0.1,conus_slump,27554,7896,0.117000,1.9500,1.457044,37.363728,12844
ours_conus_mu10_mur10,0.1,0.1,conus_slump,27554,7896,0.118200,1.9700,1.552209,39.132345,13965
ours_conus_mu10_mur10,0.1,0.1,conus_slump,27554,7896,0.119400,1.9900,1.600029,40.992655,14689
ours_conus_mu10_mur10,0.1,0.1,conus_slump,27554,7896,0.120600,2.0100,1.049871,42.237969,9833
ours_conus_mu10_mur10,0.1,0.1,conus_slump,27554,7896,0.121800,2.0300,0.931727,43.365248,8901
ours_conus_mu10_mur10,0.1,0.1,conus_slump,27554,7896,0.123000,2.0500,0.891978,44.465805,8690
ours_conus_mu10_mur10,0.1,0.1,conus_slump,27554,7896,0.124200,2.0700,0.864154,45.552938,8584
ours_conus_mu10_mur10,0.1,0.1,conus_slump,27554,7896,0.125400,2.0900,0.829326,46.616515,8398
ours_conus_mu10_mur10,0.1,0.1,conus_slump,27554,7896,0.126600,2.1100,0.822496,47.691616,8489
ours_conus_mu10_mur10,0.1,0.1,conus_slump,27554,7896,0.127800,2.1300,0.789438,48.743161,8303
ours_conus_mu10_mur10,0.1,0.1,conus_slump,27554,7896,0.129000,2.1500,0.785924,49.809777,8422
ours_conus_mu10_mur10,0.1,0.1,conus_slump,27554,7896,0.130200,2.1700,0.799810,50.915527,8731
ours_conus_mu10_mur10,0.1,0.1,conus_slump,27554,7896,0.131400,2.1900,0.768000,51.996960,8539
ours_conus_mu10_mur10,0.1,0.1,conus_slump,27554,7896,0.132600,2.2100,0.786134,53.124240,8901
ours_conus_mu10_mur10,0.1,0.1,conus_slump,27554,7896,0.133800,2.2300,0.793088,54.282168,9143
ours_conus_mu10_mur10,0.1,0.1,conus_slump,27554,7896,0.135000,2.2500,0.815776,55.494681,9574
ours_conus_mu10_mur10,0.1,0.1,conus_slump,27554,7896,0.136200,2.2700,0.835536,56.758739,9981
ours_conus_mu10_mur10,0.1,0.1,conus_slump,27554,7896,0.137400,2.2900,0.834577,58.043693,10146
ours_conus_mu10_mur10,0.1,0.1,conus_slump,27554,7896,0.138600,2.3100,0.840560,59.360562,10398
ours_conus_mu10_mur10,0.1,0.1,conus_slump,27554,7896,0.139800,2.3300,0.848837,60.713526,10683
ours_conus_mu10_mur10,0.1,0.1,conus_slump,27554,7896,0.141000,2.3500,0.858820,62.106003,10995
ours_conus_mu10_mur10,0.1,0.1,conus_slump,27554,7896,0.142200,2.3700,0.866735,63.535334,11286
ours_conus_mu10_mur10,0.1,0.1,conus_slump,27554,7896,0.143400,2.3900,0.899488,65.043820,11911
ours_conus_mu10_mur10,0.1,0.1,conus_slump,27554,7896,0.144600,2.4100,0.929331,66.628546,12513
ours_conus_mu10_mur10,0.1,0.1,conus_slump,27554,7896,0.145800,2.4300,0.939664,68.257599,12863
ours_conus_mu10_mur10,0.1,0.1,conus_slump,27554,7896,0.147000,2.4500,0.963695,69.955927,13410
ours_conus_mu10_mur10,0.1,0.1,conus_slump,27554,7896,0.148200,2.4700,0.989302,71.727964,13992
ours_conus_mu10_mur10,0.1,0.1,conus_slump,27554,7896,0.149400,2.4900,0.989337,73.528875,14220
ours_conus_mu10_mur10,0.1,0.1,conus_slump,27554,7896,0.150600,2.5100,0.997529,75.373987,14569
ours_conus_mu10_mur10,0.1,0.1,conus_slump,27554,7896,0.151800,2.5300,1.045842,77.339412,15519
ours_conus_mu10_mur10,0.1,0.1,conus_slump,27554,7896,0.153000,2.5500,1.092057,79.424265,16462
ours_conus_mu10_mur10,0.1,0.1,conus_slump,27554,7896,0.154200,2.5700,1.093609,81.544959,16745
ours_conus_mu10_mur10,0.1,0.1,conus_slump,27554,7896,0.155400,2.5900,1.104050,83.719352,17169
ours_conus_mu10_mur10,0.1,0.1,conus_slump,27554,7896,0.156600,2.6100,1.128355,85.976064,17819
ours_conus_mu10_mur10,0.1,0.1,conus_slump,27554,7896,0.157800,2.6300,1.137077,88.285208,18233
ours_conus_mu10_mur10,0.1,0.1,conus_slump,27554,7896,0.159000,2.6500,1.131281,90.617655,18417
ours_conus_mu10_mur10,0.1,0.1,conus_slump,27554,7896,0.160200,2.6700,1.155301,93.035714,19093
ours_conus_mu10_mur10,0.1,0.1,conus_slump,27554,7896,0.161400,2.6900,1.145876,95.470111,19222
ours_conus_mu10_mur10,0.1,0.1,conus_slump,27554,7896,0.162600,2.7100,1.125383,97.896657,19160
ours_conus_mu10_mur10,0.1,0.1,conus_slump,27554,7896,0.163800,2.7300,1.096742,100.296479,18949
ours_conus_mu10_mur10,0.1,0.1,conus_slump,27554,7896,0.165000,2.7500,1.102523,102.744428,19329
ours_conus_mu10_mur10,0.1,0.1,conus_slump,27554,7896,0.166200,2.7700,1.078508,105.174012,19184
ours_conus_mu10_mur10,0.1,0.1,conus_slump,27554,7896,0.167400,2.7900,1.058335,107.592705,19098
ours_conus_mu10_mur10,0.1,0.1,conus_slump,27554,7896,0.168600,2.8100,1.055342,110.039260,19318
ours_conus_mu10_mur10,0.1,0.1,conus_slump,27554,7896,0.169800,2.8300,1.061430,112.535081,19707
ours_conus_mu10_mur10,0.1,0.1,conus_slump,27554,7896,0.171000,2.8500,1.038247,115.011018,19550
ours_conus_mu10_mur10,0.1,0.1,conus_slump,27554,7896,0.172200,2.8700,1.050379,117.551165,20057
ours_conus_mu10_mur10,0.1,0.1,conus_slump,27554,7896,0.173400,2.8900,1.018796,120.049392,19726
ours_conus_mu10_mur10,0.1,0.1,conus_slump,27554,7896,0.174600,2.9100,1.011462,122.564083,19856
ours_conus_mu10_mur10,0.1,0.1,conus_slump,27554,7896,0.175800,2.9300,1.004735,125.096505,19996
ours_conus_mu10_mur10,0.1,0.1,conus_slump,27554,7896,0.177000,2.9500,0.981790,127.604990,19807
ours_conus_mu10_mur10,0.1,0.1,conus_slump,27554,7896,0.178200,2.9700,0.963672,130.100684,19706
ours_conus_mu10_mur10,0.1,0.1,conus_slump,27554,7896,0.179400,2.9900,0.936493,132.558764,19409
ours_conus_mu10_mur10,0.1,0.1,conus_slump,27554,7896,0.180600,3.0100,0.895713,134.941363,18813
ours_conus_mu10_mur10,0.1,0.1,conus_slump,27554,7896,0.181800,3.0300,0.897553,137.360689,19103
ours_conus_mu10_mur10,0.1,0.1,conus_slump,27554,7896,0.183000,3.0500,0.910675,139.847898,19639
ours_conus_mu10_mur10,0.1,0.1,conus_slump,27554,7896,0.184200,3.0700,0.903380,142.347644,19738
ours_conus_mu10_mur10,0.1,0.1,conus_slump,27554,7896,0.185400,3.0900,0.909478,144.897163,20131
ours_conus_mu10_mur10,0.1,0.1,conus_slump,27554,7896,0.186600,3.1100,0.894875,147.438323,20065
ours_conus_mu10_mur10,0.1,0.1,conus_slump,27554,7896,0.187800,3.1300,0.912932,150.064210,20734
ours_conus_mu10_mur10,0.1,0.1,conus_slump,27554,7896,0.189000,3.1500,0.916679,152.734676,21086
ours_conus_mu10_mur10,0.1,0.1,conus_slump,27554,7896,0.190200,3.1700,0.929402,155.476697,21651
ours_conus_mu10_mur10,0.1,0.1,conus_slump,27554,7896,0.191400,3.1900,0.954791,158.329281,22524
ours_conus_mu10_mur10,0.1,0.1,conus_slump,27554,7896,0.192600,3.2100,0.945609,161.189970,22588
ours_conus_mu10_mur10,0.1,0.1,conus_slump,27554,7896,0.193800,3.2300,0.959653,164.129433,23210
ours_conus_mu10_mur10,0.1,0.1,conus_slump,27554,7896,0.195000,3.2500,0.973729,167.149063,23843
ours_conus_mu10_mur10,0.1,0.1,conus_slump,27554,7896,0.196200,3.2700,0.981380,170.229990,24327
ours_conus_mu10_mur10,0.1,0.1,conus_slump,27554,7896,0.197400,3.2900,0.984469,173.358536,24703
ours_conus_mu10_mur10,0.1,0.1,conus_slump,27554,7896,0.198600,3.3100,1.004736,176.590426,25519
ours_conus_mu10_mur10,0.1,0.1,conus_slump,27554,7896,0.199800,3.3300,1.007135,179.869301,25890
ours_conus_mu10_mur10,0.1,0.1,conus_slump,27554,7896,0.201000,3.3500,1.021552,183.235182,26577
ours_conus_mu10_mur10,0.1,0.1,conus_slump,27554,7896,0.202200,3.3700,1.039013,186.699595,27355
ours_conus_mu10_mur10,0.1,0.1,conus_slump,27554,7896,0.203400,3.3900,1.016768,190.130193,27088
ours_conus_mu10_mur10,0.1,0.1,conus_slump,27554,7896,0.204600,3.4100,1.048094,193.708333,28253
ours_conus_mu10_mur10,0.1,0.1,conus_slump,27554,7896,0.205800,3.4300,1.027547,197.257599,28025
ours_conus_mu10_mur10,0.1,0.1,conus_slump,27554,7896,0.207000,3.4500,1.052634,200.936044,29045
ours_conus_mu10_mur10,0.1,0.1,conus_slump,27554,7896,0.208200,3.4700,1.059415,204.681231,29572
ours_conus_mu10_mur10,0.1,0.1,conus_slump,27554,7896,0.209400,3.4900,1.055134,208.454407,29793
ours_conus_mu10_mur10,0.1,0.1,conus_slump,27554,7896,0.210600,3.5100,1.043844,212.230117,29813
ours_conus_mu10_mur10,0.1,0.1,conus_slump,27554,7896,0.211800,3.5300,1.068467,216.139058,30865
ours_conus_mu10_mur10,0.1,0.1,conus_slump,27554,7896,0.213000,3.5500,1.055127,220.043060,30826
ours_conus_mu10_mur10,0.1,0.1,conus_slump,27554,7896,0.214200,3.5700,1.056775,223.997340,31223
ours_conus_mu10_mur10,0.1,0.1,conus_slump,27554,7896,0.215400,3.5900,1.054773,227.988475,31514
ours_conus_mu10_mur10,0.1,0.1,conus_slump,27554,7896,0.216600,3.6100,1.055100,232.025456,31876
ours_conus_mu10_mur10,0.1,0.1,conus_slump,27554,7896,0.217800,3.6300,1.032867,236.021277,31551
ours_conus_mu10_mur10,0.1,0.1,conus_slump,27554,7896,0.219000,3.6500,1.021514,240.016844,31549
ours_conus_mu10_mur10,0.1,0.1,conus_slump,27554,7896,0.220200,3.6700,1.009130,244.007345,31509
ours_conus_mu10_mur10,0.1,0.1,conus_slump,27554,7896,0.221400,3.6900,1.002275,248.014058,31637
ours_conus_mu10_mur10,0.1,0.1,conus_slump,27554,7896,0.222600,3.7100,1.012308,252.104863,32301
ours_conus_mu10_mur10,0.1,0.1,conus_slump,27554,7896,0.223800,3.7300,0.997016,256.177432,32157
ours_conus_mu10_mur10,0.1,0.1,conus_slump,27554,7896,0.225000,3.7500,0.982974,260.235816,32045
ours_conus_mu10_mur10,0.1,0.1,conus_slump,27554,7896,0.226200,3.7700,0.981374,264.330927,32335
ours_conus_mu10_mur10,0.1,0.1,conus_slump,27554,7896,0.227400,3.7900,0.985609,268.487462,32820
ours_conus_mu10_mur10,0.1,0.1,conus_slump,27554,7896,0.228600,3.8100,0.975556,272.645137,32829
ours_conus_mu10_mur10,0.1,0.1,conus_slump,27554,7896,0.229800,3.8300,0.968070,276.814336,32920
ours_conus_mu10_mur10,0.1,0.1,conus_slump,27554,7896,0.231000,3.8500,0.974917,281.056991,33500
ours_conus_mu10_mur10,0.1,0.1,conus_slump,27554,7896,0.232200,3.8700,0.966710,285.307751,33564
ours_conus_mu10_mur10,0.1,0.1,conus_slump,27554,7896,0.233400,3.8900,0.967913,289.607903,33954
ours_conus_mu10_mur10,0.1,0.1,conus_slump,27554,7896,0.234600,3.9100,0.959927,293.916540,34021
ours_conus_mu10_mur10,0.1,0.1,conus_slump,27554,7896,0.235800,3.9300,0.960934,298.273936,34406
ours_conus_mu10_mur10,0.1,0.1,conus_slump,27554,7896,0.237000,3.9500,0.960683,302.674645,34748
ours_conus_mu10_mur10,0.1,0.1,conus_slump,27554,7896,0.238200,3.9700,0.962113,307.126646,35153
ours_conus_mu10_mur10,0.1,0.1,conus_slump,27554,7896,0.239400,3.9900,0.973708,311.677812,35936
ours_conus_mu10_mur10,0.1,0.1,conus_slump,27554,7896,0.240600,4.0100,0.969089,316.252913,36125
ours_conus_mu10_mur10,0.1,0.1,conus_slump,27554,7896,0.241800,4.0300,0.972296,320.889058,36607
ours_conus_mu10_mur10,0.1,0.1,conus_slump,27554,7896,0.243000,4.0500,0.979285,325.604990,37237
ours_conus_mu10_mur10,0.1,0.1,conus_slump,27554,7896,0.244200,4.0700,0.996246,330.450101,38257
ours_conus_mu10_mur10,0.1,0.1,conus_slump,27554,7896,0.245400,4.0900,0.991658,335.320415,38456
ours_conus_mu10_mur10,0.1,0.1,conus_slump,27554,7896,0.246600,4.1100,0.992679,340.243541,38873
ours_conus_mu10_mur10,0.1,0.1,conus_slump,27554,7896,0.247800,4.1300,0.995531,345.228977,39365
ours_conus_mu10_mur10,0.1,0.1,conus_slump,27554,7896,0.249000,4.1500,0.989565,350.232649,39509
ours_conus_mu10_mur10,0.1,0.1,conus_slump,27554,7896,0.250200,4.1700,1.010360,355.390831,40729
ours_conus_mu10_mur10,0.1,0.1,conus_slump,27554,7896,0.251400,4.1900,1.014227,360.618541,41278
ours_conus_mu10_mur10,0.1,0.1,conus_slump,27554,7896,0.252600,4.2100,1.005149,365.849037,41300
ours_conus_mu10_mur10,0.1,0.1,conus_slump,27554,7896,0.253800,4.2300,1.012084,371.165780,41981
ours_conus_mu10_mur10,0.1,0.1,conus_slump,27554,7896,0.255000,4.2500,1.020111,376.575481,42715
ours_conus_mu10_mur10,0.1,0.1,conus_slump,27554,7896,0.256200,4.2700,1.019567,382.033308,43095
ours_conus_mu10_mur10,0.1,0.1,conus_slump,27554,7896,0.257400,4.2900,1.024427,387.568642,43707
ours_conus_mu10_mur10,0.1,0.1,conus_slump,27554,7896,0.258600,4.3100,1.037026,393.224417,44658
ours_conus_mu10_mur10,0.1,0.1,conus_slump,27554,7896,0.259800,4.3300,1.012582,398.798252,44011
ours_conus_mu10_mur10,0.1,0.1,conus_slump,27554,7896,0.261000,4.3500,1.021370,404.472518,44804
ours_conus_mu10_mur10,0.1,0.1,conus_slump,27554,7896,0.262200,4.3700,1.020829,410.196049,45193
ours_conus_mu10_mur10,0.1,0.1,conus_slump,27554,7896,0.263400,4.3900,1.015936,415.944402,45389
ours_conus_mu10_mur10,0.1,0.1,conus_slump,27554,7896,0.264600,4.4100,1.007496,421.697062,45423
ours_conus_mu10_mur10,0.1,0.1,conus_slump,27554,7896,0.265800,4.4300,1.021411,427.582194,46469
ours_conus_mu10_mur10,0.1,0.1,conus_slump,27554,7896,0.267000,4.4500,1.019526,433.509625,46803
ours_conus_mu10_mur10,0.1,0.1,conus_slump,27554,7896,0.268200,4.4700,1.023636,439.514564,47415
ours_conus_mu10_mur10,0.1,0.1,conus_slump,27554,7896,0.269400,4.4900,1.006877,445.474164,47057
ours_conus_mu10_mur10,0.1,0.1,conus_slump,27554,7896,0.270600,4.5100,1.005092,451.476317,47393
ours_conus_mu10_mur10,0.1,0.1,conus_slump,27554,7896,0.271800,4.5300,0.998843,457.494174,47517
ours_conus_mu10_mur10,0.1,0.1,conus_slump,27554,7896,0.273000,4.5500,1.001250,463.579914,48053
ours_conus_mu10_mur10,0.1,0.1,conus_slump,27554,7896,0.274200,4.5700,0.997049,469.693516,48273
ours_conus_mu10_mur10,0.1,0.1,conus_slump,27554,7896,0.275400,4.5900,0.992904,475.835106,48494
ours_conus_mu10_mur10,0.1,0.1,conus_slump,27554,7896,0.276600,4.6100,0.994802,482.042173,49011
ours_conus_mu10_mur10,0.1,0.1,conus_slump,27554,7896,0.277800,4.6300,0.981437,488.219098,48773
ours_conus_mu10_mur10,0.1,0.1,conus_slump,27554,7896,0.279000,4.6500,0.983686,494.463779,49308
ours_conus_mu10_mur10,0.1,0.1,conus_slump,27554,7896,0.280200,4.6700,0.988095,500.790527,49956
ours_conus_mu10_mur10,0.1,0.1,conus_slump,27554,7896,0.281400,4.6900,0.991492,507.193516,50558
ours_conus_mu10_mur10,0.1,0.1,conus_slump,27554,7896,0.282600,4.7100,0.985384,513.611449,50676
ours_conus_mu10_mur10,0.1,0.1,conus_slump,27554,7896,0.283800,4.7300,0.988656,520.105496,51277
ours_conus_mu10_mur10,0.1,0.1,conus_slump,27554,7896,0.285000,4.7500,0.988703,526.654889,51714
ours_conus_mu10_mur10,0.1,0.1,conus_slump,27554,7896,0.286200,4.7700,0.984922,533.234296,51951
ours_conus_mu10_mur10,0.1,0.1,conus_slump,27554,7896,0.287400,4.7900,0.977166,539.816743,51975
ours_conus_mu10_mur10,0.1,0.1,conus_slump,27554,7896,0.288600,4.8100,0.986564,546.518110,52914
ours_conus_mu10_mur10,0.1,0.1,conus_slump,27554,7896,0.289800,4.8300,0.996199,553.341312,53876
ours_conus_mu10_mur10,0.1,0.1,conus_slump,27554,7896,0.291000,4.8500,0.982461,560.126266,53574
ours_conus_mu10_mur10,0.1,0.1,conus_slump,27554,7896,0.292200,4.8700,0.984703,566.982903,54140
ours_conus_mu10_mur10,0.1,0.1,conus_slump,27554,7896,0.293400,4.8900,0.988823,573.924899,54814
ours_conus_mu10_mur10,0.1,0.1,conus_slump,27554,7896,0.294600,4.9100,0.999947,581.002533,55885
ours_conus_mu10_mur10,0.1,0.1,conus_slump,27554,7896,0.295800,4.9300,0.990910,588.073455,55832
ours_conus_mu10_mur10,0.1,0.1,conus_slump,27554,7896,0.297000,4.9500,0.995542,595.235182,56549
ours_conus_mu10_mur10,0.1,0.1,conus_slump,27554,7896,0.298200,4.9700,0.994950,602.450608,56973
ours_conus_mu10_mur10,0.1,0.1,conus_slump,27554,7896,0.299400,4.9900,1.000694,609.766211,57764
ours_conus_mu10_mur00,0.1,0.0,conus_slump,27554,7832,0.000600,0.0100,0.000000,0.000000,0
ours_conus_mu10_mur00,0.1,0.0,conus_slump,27554,7832,0.001800,0.0300,0.000000,0.000000,0
ours_conus_mu10_mur00,0.1,0.0,conus_slump,27554,7832,0.003000,0.0500,0.000000,0.000000,0
ours_conus_mu10_mur00,0.1,0.0,conus_slump,27554,7832,0.004200,0.0700,0.000000,0.000000,0
ours_conus_mu10_mur00,0.1,0.0,conus_slump,27554,7832,0.005400,0.0900,0.000000,0.000000,0
ours_conus_mu10_mur00,0.1,0.0,conus_slump,27554,7832,0.006600,0.1100,0.000000,0.000000,0
ours_conus_mu10_mur00,0.1,0.0,conus_slump,27554,7832,0.007800,0.1300,0.000000,0.000000,0
ours_conus_mu10_mur00,0.1,0.0,conus_slump,27554,7832,0.009000,0.1500,0.000000,0.000000,0
ours_conus_mu10_mur00,0.1,0.0,conus_slump,27554,7832,0.010200,0.1700,0.000000,0.000000,0
ours_conus_mu10_mur00,0.1,0.0,conus_slump,27554,7832,0.011400,0.1900,0.000000,0.000000,0
ours_conus_mu10_mur00,0.1,0.0,conus_slump,27554,7832,0.012600,0.2100,0.000000,0.000000,0
ours_conus_mu10_mur00,0.1,0.0,conus_slump,27554,7832,0.013800,0.2300,0.000000,0.000000,0
ours_conus_mu10_mur00,0.1,0.0,conus_slump,27554,7832,0.015000,0.2500,0.000000,0.000000,0
ours_conus_mu10_mur00,0.1,0.0,conus_slump,27554,7832,0.016200,0.2700,0.000000,0.000000,0
ours_conus_mu10_mur00,0.1,0.0,conus_slump,27554,7832,0.017400,0.2900,0.000000,0.000000,0
ours_conus_mu10_mur00,0.1,0.0,conus_slump,27554,7832,0.018600,0.3100,0.000000,0.000000,0
ours_conus_mu10_mur00,0.1,0.0,conus_slump,27554,7832,0.019800,0.3300,0.000000,0.000000,0
ours_conus_mu10_mur00,0.1,0.0,conus_slump,27554,7832,0.021000,0.3500,0.000000,0.000000,0
ours_conus_mu10_mur00,0.1,0.0,conus_slump,27554,7832,0.022200,0.3700,0.000000,0.000000,0
ours_conus_mu10_mur00,0.1,0.0,conus_slump,27554,7832,0.023400,0.3900,0.000000,0.000000,0
ours_conus_mu10_mur00,0.1,0.0,conus_slump,27554,7832,0.024600,0.4100,0.000000,0.000000,0
ours_conus_mu10_mur00,0.1,0.0,conus_slump,27554,7832,0.025800,0.4300,0.000000,0.000000,0
ours_conus_mu10_mur00,0.1,0.0,conus_slump,27554,7832,0.027000,0.4500,0.000000,0.000000,0
ours_conus_mu10_mur00,0.1,0.0,conus_slump,27554,7832,0.028200,0.4700,0.000000,0.000000,0
ours_conus_mu10_mur00,0.1,0.0,conus_slump,27554,7832,0.029400,0.4900,0.000000,0.000000,0
ours_conus_mu10_mur00,0.1,0.0,conus_slump,27554,7832,0.030600,0.5100,0.000000,0.000000,0
ours_conus_mu10_mur00,0.1,0.0,conus_slump,27554,7832,0.031800,0.5300,0.000000,0.000000,0
ours_conus_mu10_mur00,0.1,0.0,conus_slump,27554,7832,0.033000,0.5500,0.000000,0.000000,0
ours_conus_mu10_mur00,0.1,0.0,conus_slump,27554,7832,0.034200,0.5700,0.000000,0.000000,0
ours_conus_mu10_mur00,0.1,0.0,conus_slump,27554,7832,0.035400,0.5900,0.000000,0.000000,0
ours_conus_mu10_mur00,0.1,0.0,conus_slump,27554,7832,0.036600,0.6100,0.000000,0.000000,0
ours_conus_mu10_mur00,0.1,0.0,conus_slump,27554,7832,0.037800,0.6300,0.000000,0.000000,0
ours_conus_mu10_mur00,0.1,0.0,conus_slump,27554,7832,0.039000,0.6500,0.000000,0.000000,0
ours_conus_mu10_mur00,0.1,0.0,conus_slump,27554,7832,0.040200,0.6700,0.000000,0.000000,0
ours_conus_mu10_mur00,0.1,0.0,conus_slump,27554,7832,0.041400,0.6900,0.000000,0.000000,0
ours_conus_mu10_mur00,0.1,0.0,conus_slump,27554,7832,0.042600,0.7100,0.000000,0.000000,0
ours_conus_mu10_mur00,0.1,0.0,conus_slump,27554,7832,0.043800,0.7300,0.000000,0.000000,0
ours_conus_mu10_mur00,0.1,0.0,conus_slump,27554,7832,0.045000,0.7500,0.000000,0.000000,0
ours_conus_mu10_mur00,0.1,0.0,conus_slump,27554,7832,0.046200,0.7700,0.000000,0.000000,0
ours_conus_mu10_mur00,0.1,0.0,conus_slump,27554,7832,0.047400,0.7900,0.000000,0.000000,0
ours_conus_mu10_mur00,0.1,0.0,conus_slump,27554,7832,0.048600,0.8100,0.000000,0.000000,0
ours_conus_mu10_mur00,0.1,0.0,conus_slump,27554,7832,0.049800,0.8300,0.000000,0.000000,0
ours_conus_mu10_mur00,0.1,0.0,conus_slump,27554,7832,0.051000,0.8500,0.000000,0.000000,0
ours_conus_mu10_mur00,0.1,0.0,conus_slump,27554,7832,0.052200,0.8700,0.000000,0.000000,0
ours_conus_mu10_mur00,0.1,0.0,conus_slump,27554,7832,0.053400,0.8900,0.000000,0.000000,0
ours_conus_mu10_mur00,0.1,0.0,conus_slump,27554,7832,0.054600,0.9100,0.000000,0.000000,0
ours_conus_mu10_mur00,0.1,0.0,conus_slump,27554,7832,0.055800,0.9300,0.000000,0.000000,0
ours_conus_mu10_mur00,0.1,0.0,conus_slump,27554,7832,0.057000,0.9500,0.000000,0.000000,0
ours_conus_mu10_mur00,0.1,0.0,conus_slump,27554,7832,0.058200,0.9700,0.000000,0.000000,0
ours_conus_mu10_mur00,0.1,0.0,conus_slump,27554,7832,0.059400,0.9900,19.552512,5.683095,44510
ours_conus_mu10_mur00,0.1,0.0,conus_slump,27554,7832,0.060600,1.0100,3.230018,6.660240,7653
ours_conus_mu10_mur00,0.1,0.0,conus_slump,27554,7832,0.061800,1.0300,1.687027,7.191011,4157
ours_conus_mu10_mur00,0.1,0.0,conus_slump,27554,7832,0.063000,1.0500,1.366805,7.637896,3500
ours_conus_mu10_mur00,0.1,0.0,conus_slump,27554,7832,0.064200,1.0700,1.125529,8.020046,2993
ours_conus_mu10_mur00,0.1,0.0,conus_slump,27554,7832,0.065400,1.0900,1.047280,8.389045,2890
ours_conus_mu10_mur00,0.1,0.0,conus_slump,27554,7832,0.066600,1.1100,0.849838,8.699566,2432
ours_conus_mu10_mur00,0.1,0.0,conus_slump,27554,7832,0.067800,1.1300,0.820359,9.010215,2433
ours_conus_mu10_mur00,0.1,0.0,conus_slump,27554,7832,0.069000,1.1500,0.735753,9.298774,2260
ours_conus_mu10_mur00,0.1,0.0,conus_slump,27554,7832,0.070200,1.1700,0.729371,9.594867,2319
ours_conus_mu10_mur00,0.1,0.0,conus_slump,27554,7832,0.071400,1.1900,0.634829,9.861466,2088
ours_conus_mu10_mur00,0.1,0.0,conus_slump,27554,7832,0.072600,1.2100,0.622544,10.131767,2117
ours_conus_mu10_mur00,0.1,0.0,conus_slump,27554,7832,0.073800,1.2300,0.579413,10.391726,2036
ours_conus_mu10_mur00,0.1,0.0,conus_slump,27554,7832,0.075000,1.2500,0.601251,10.670327,2182
ours_conus_mu10_mur00,0.1,0.0,conus_slump,27554,7832,0.076200,1.2700,0.626775,10.970123,2348
ours_conus_mu10_mur00,0.1,0.0,conus_slump,27554,7832,0.077400,1.2900,0.601541,11.266982,2325
ours_conus_mu10_mur00,0.1,0.0,conus_slump,27554,7832,0.078600,1.3100,0.553207,11.548519,2205
ours_conus_mu10_mur00,0.1,0.0,conus_slump,27554,7832,0.079800,1.3300,0.586348,11.856103,2409
ours_conus_mu10_mur00,0.1,0.0,conus_slump,27554,7832,0.081000,1.3500,0.533668,12.144535,2259
ours_conus_mu10_mur00,0.1,0.0,conus_slump,27554,7832,0.082200,1.3700,0.571878,12.462845,2493
ours_conus_mu10_mur00,0.1,0.0,conus_slump,27554,7832,0.083400,1.3900,0.548855,12.777324,2463
ours_conus_mu10_mur00,0.1,0.0,conus_slump,27554,7832,0.084600,1.4100,0.568262,13.112360,2624
ours_conus_mu10_mur00,0.1,0.0,conus_slump,27554,7832,0.085800,1.4300,0.620695,13.488764,2948
ours_conus_mu10_mur00,0.1,0.0,conus_slump,27554,7832,0.087000,1.4500,0.606968,13.867211,2964
ours_conus_mu10_mur00,0.1,0.0,conus_slump,27554,7832,0.088200,1.4700,0.638582,14.276430,3205
ours_conus_mu10_mur00,0.1,0.0,conus_slump,27554,7832,0.089400,1.4900,0.649675,14.704162,3350
ours_conus_mu10_mur00,0.1,0.0,conus_slump,27554,7832,0.090600,1.5100,0.653728,15.146195,3462
ours_conus_mu10_mur00,0.1,0.0,conus_slump,27554,7832,0.091800,1.5300,0.668016,15.609934,3632
ours_conus_mu10_mur00,0.1,0.0,conus_slump,27554,7832,0.093000,1.5500,0.690494,16.101890,3853
ours_conus_mu10_mur00,0.1,0.0,conus_slump,27554,7832,0.094200,1.5700,0.736245,16.640066,4215
ours_conus_mu10_mur00,0.1,0.0,conus_slump,27554,7832,0.095400,1.5900,0.795159,17.236210,4669
ours_conus_mu10_mur00,0.1,0.0,conus_slump,27554,7832,0.096600,1.6100,0.834160,17.877426,5022
ours_conus_mu10_mur00,0.1,0.0,conus_slump,27554,7832,0.097800,1.6300,0.871020,18.563713,5375
ours_conus_mu10_mur00,0.1,0.0,conus_slump,27554,7832,0.099000,1.6500,0.992521,19.365041,6276
ours_conus_mu10_mur00,0.1,0.0,conus_slump,27554,7832,0.100200,1.6700,1.030180,20.217058,6673
ours_conus_mu10_mur00,0.1,0.0,conus_slump,27554,7832,0.101400,1.6900,1.070160,21.123468,7099
ours_conus_mu10_mur00,0.1,0.0,conus_slump,27554,7832,0.102600,1.7100,1.219903,22.181307,8285
ours_conus_mu10_mur00,0.1,0.0,conus_slump,27554,7832,0.103800,1.7300,1.352118,23.381384,9399
ours_conus_mu10_mur00,0.1,0.0,conus_slump,27554,7832,0.105000,1.7500,1.273871,24.538304,9061
ours_conus_mu10_mur00,0.1,0.0,conus_slump,27554,7832,0.106200,1.7700,1.236176,25.686798,8995
ours_conus_mu10_mur00,0.1,0.0,conus_slump,27554,7832,0.107400,1.7900,1.226444,26.852145,9127
ours_conus_mu10_mur00,0.1,0.0,conus_slump,27554,7832,0.108600,1.8100,1.228403,28.045582,9347
ours_conus_mu10_mur00,0.1,0.0,conus_slump,27554,7832,0.109800,1.8300,1.239369,29.276430,9640
ours_conus_mu10_mur00,0.1,0.0,conus_slump,27554,7832,0.111000,1.8500,1.270208,30.565628,10097
ours_conus_mu10_mur00,0.1,0.0,conus_slump,27554,7832,0.112200,1.8700,1.274703,31.887513,10353
ours_conus_mu10_mur00,0.1,0.0,conus_slump,27554,7832,0.113400,1.8900,1.301505,33.266216,10798
ours_conus_mu10_mur00,0.1,0.0,conus_slump,27554,7832,0.114600,1.9100,1.357124,34.734423,11499
ours_conus_mu10_mur00,0.1,0.0,conus_slump,27554,7832,0.115800,1.9300,1.410286,36.292263,12201
ours_conus_mu10_mur00,0.1,0.0,conus_slump,27554,7832,0.117000,1.9500,1.440837,37.917007,12725
ours_conus_mu10_mur00,0.1,0.0,conus_slump,27554,7832,0.118200,1.9700,1.555400,39.707099,14020
ours_conus_mu10_mur00,0.1,0.0,conus_slump,27554,7832,0.119400,1.9900,1.660305,41.656920,15271
ours_conus_mu10_mur00,0.1,0.0,conus_slump,27554,7832,0.120600,2.0100,0.986517,42.838866,9257
ours_conus_mu10_mur00,0.1,0.0,conus_slump,27554,7832,0.121800,2.0300,0.923084,43.966931,8835
ours_conus_mu10_mur00,0.1,0.0,conus_slump,27554,7832,0.123000,2.0500,0.845943,45.021195,8257
ours_conus_mu10_mur00,0.1,0.0,conus_slump,27554,7832,0.124200,2.0700,0.856002,46.108912,8519
ours_conus_mu10_mur00,0.1,0.0,conus_slump,27554,7832,0.125400,2.0900,0.830826,47.185138,8429
ours_conus_mu10_mur00,0.1,0.0,conus_slump,27554,7832,0.126600,2.1100,0.804030,48.246680,8314
ours_conus_mu10_mur00,0.1,0.0,conus_slump,27554,7832,0.127800,2.1300,0.796119,49.317799,8389
ours_conus_mu10_mur00,0.1,0.0,conus_slump,27554,7832,0.129000,2.1500,0.783146,50.391343,8408
ours_conus_mu10_mur00,0.1,0.0,conus_slump,27554,7832,0.130200,2.1700,0.772068,51.469484,8444
ours_conus_mu10_mur00,0.1,0.0,conus_slump,27554,7832,0.131400,2.1900,0.759737,52.550051,8463
ours_conus_mu10_mur00,0.1,0.0,conus_slump,27554,7832,0.132600,2.2100,0.815337,53.730975,9249
ours_conus_mu10_mur00,0.1,0.0,conus_slump,27554,7832,0.133800,2.2300,0.780778,54.882406,9018
ours_conus_mu10_mur00,0.1,0.0,conus_slump,27554,7832,0.135000,2.2500,0.804891,56.090781,9464
ours_conus_mu10_mur00,0.1,0.0,conus_slump,27554,7832,0.136200,2.2700,0.789684,57.297497,9451
ours_conus_mu10_mur00,0.1,0.0,conus_slump,27554,7832,0.137400,2.2900,0.810188,58.557457,9868
ours_conus_mu10_mur00,0.1,0.0,conus_slump,27554,7832,0.138600,2.3100,0.817036,59.850358,10126
ours_conus_mu10_mur00,0.1,0.0,conus_slump,27554,7832,0.139800,2.3300,0.834159,61.193309,10518
ours_conus_mu10_mur00,0.1,0.0,conus_slump,27554,7832,0.141000,2.3500,0.871321,62.620276,11176
ours_conus_mu10_mur00,0.1,0.0,conus_slump,27554,7832,0.142200,2.3700,0.881436,64.088483,11499
ours_conus_mu10_mur00,0.1,0.0,conus_slump,27554,7832,0.143400,2.3900,0.899384,65.611977,11932
ours_conus_mu10_mur00,0.1,0.0,conus_slump,27554,7832,0.144600,2.4100,0.914467,67.187053,12336
ours_conus_mu10_mur00,0.1,0.0,conus_slump,27554,7832,0.145800,2.4300,0.933527,68.821757,12803
ours_conus_mu10_mur00,0.1,0.0,conus_slump,27554,7832,0.147000,2.4500,0.981757,70.569331,13687
ours_conus_mu10_mur00,0.1,0.0,conus_slump,27554,7832,0.148200,2.4700,1.013417,72.402835,14360
ours_conus_mu10_mur00,0.1,0.0,conus_slump,27554,7832,0.149400,2.4900,1.013592,74.266471,14596
ours_conus_mu10_mur00,0.1,0.0,conus_slump,27554,7832,0.150600,2.5100,1.034817,76.199821,15142
ours_conus_mu10_mur00,0.1,0.0,conus_slump,27554,7832,0.151800,2.5300,1.070517,78.231869,15915
ours_conus_mu10_mur00,0.1,0.0,conus_slump,27554,7832,0.153000,2.5500,1.092790,80.339122,16504
ours_conus_mu10_mur00,0.1,0.0,conus_slump,27554,7832,0.154200,2.5700,1.093905,82.481742,16781
ours_conus_mu10_mur00,0.1,0.0,conus_slump,27554,7832,0.155400,2.5900,1.115651,84.701098,17382
ours_conus_mu10_mur00,0.1,0.0,conus_slump,27554,7832,0.156600,2.6100,1.141281,87.006639,18057
ours_conus_mu10_mur00,0.1,0.0,conus_slump,27554,7832,0.157800,2.6300,1.151814,89.369254,18504
ours_conus_mu10_mur00,0.1,0.0,conus_slump,27554,7832,0.159000,2.6500,1.143322,91.750255,18648
ours_conus_mu10_mur00,0.1,0.0,conus_slump,27554,7832,0.160200,2.6700,1.141236,94.162921,18896
ours_conus_mu10_mur00,0.1,0.0,conus_slump,27554,7832,0.161400,2.6900,1.161160,96.654622,19515
ours_conus_mu10_mur00,0.1,0.0,conus_slump,27554,7832,0.162600,2.7100,1.144143,99.146450,19516
ours_conus_mu10_mur00,0.1,0.0,conus_slump,27554,7832,0.163800,2.7300,1.127383,101.638151,19515
ours_conus_mu10_mur00,0.1,0.0,conus_slump,27554,7832,0.165000,2.7500,1.086563,104.074949,19085
ours_conus_mu10_mur00,0.1,0.0,conus_slump,27554,7832,0.166200,2.7700,1.075643,106.522472,19169
ours_conus_mu10_mur00,0.1,0.0,conus_slump,27554,7832,0.167400,2.7900,1.063817,108.978166,19233
ours_conus_mu10_mur00,0.1,0.0,conus_slump,27554,7832,0.168600,2.8100,1.056907,111.453013,19383
ours_conus_mu10_mur00,0.1,0.0,conus_slump,27554,7832,0.169800,2.8300,1.052289,113.952247,19574
ours_conus_mu10_mur00,0.1,0.0,conus_slump,27554,7832,0.171000,2.8500,1.034285,116.443565,19512
ours_conus_mu10_mur00,0.1,0.0,conus_slump,27554,7832,0.172200,2.8700,1.024468,118.945991,19599
ours_conus_mu10_mur00,0.1,0.0,conus_slump,27554,7832,0.173400,2.8900,1.015905,121.462206,19707
ours_conus_mu10_mur00,0.1,0.0,conus_slump,27554,7832,0.174600,2.9100,1.006819,123.990552,19802
ours_conus_mu10_mur00,0.1,0.0,conus_slump,27554,7832,0.175800,2.9300,0.983291,126.493871,19606
ours_conus_mu10_mur00,0.1,0.0,conus_slump,27554,7832,0.177000,2.9500,0.987864,129.043284,19967
ours_conus_mu10_mur00,0.1,0.0,conus_slump,27554,7832,0.178200,2.9700,0.972799,131.587972,19930
ours_conus_mu10_mur00,0.1,0.0,conus_slump,27554,7832,0.179400,2.9900,0.919759,134.026430,19098
ours_conus_mu10_mur00,0.1,0.0,conus_slump,27554,7832,0.180600,3.0100,0.898358,136.440117,18904
ours_conus_mu10_mur00,0.1,0.0,conus_slump,27554,7832,0.181800,3.0300,0.890852,138.865552,18996
ours_conus_mu10_mur00,0.1,0.0,conus_slump,27554,7832,0.183000,3.0500,0.901793,141.353294,19484
ours_conus_mu10_mur00,0.1,0.0,conus_slump,27554,7832,0.184200,3.0700,0.893371,143.850230,19556
ours_conus_mu10_mur00,0.1,0.0,conus_slump,27554,7832,0.185400,3.0900,0.903173,146.407559,20029
ours_conus_mu10_mur00,0.1,0.0,conus_slump,27554,7832,0.186600,3.1100,0.898405,148.984423,20182
ours_conus_mu10_mur00,0.1,0.0,conus_slump,27554,7832,0.187800,3.1300,0.907880,151.622063,20658
ours_conus_mu10_mur00,0.1,0.0,conus_slump,27554,7832,0.189000,3.1500,0.929973,154.358529,21432
ours_conus_mu10_mur00,0.1,0.0,conus_slump,27554,7832,0.190200,3.1700,0.929672,157.128958,21698
ours_conus_mu10_mur00,0.1,0.0,conus_slump,27554,7832,0.191400,3.1900,0.947669,159.988764,22398
ours_conus_mu10_mur00,0.1,0.0,conus_slump,27554,7832,0.192600,3.2100,0.948474,162.887002,22699
ours_conus_mu10_mur00,0.1,0.0,conus_slump,27554,7832,0.193800,3.2300,0.955583,165.843463,23155
ours_conus_mu10_mur00,0.1,0.0,conus_slump,27554,7832,0.195000,3.2500,0.971292,168.885853,23828
ours_conus_mu10_mur00,0.1,0.0,conus_slump,27554,7832,0.196200,3.2700,0.978331,171.988126,24297
ours_conus_mu10_mur00,0.1,0.0,conus_slump,27554,7832,0.197400,3.2900,0.990817,175.168539,24909
ours_conus_mu10_mur00,0.1,0.0,conus_slump,27554,7832,0.198600,3.3100,0.997585,178.409729,25385
ours_conus_mu10_mur00,0.1,0.0,conus_slump,27554,7832,0.199800,3.3300,1.018292,181.758299,26226
ours_conus_mu10_mur00,0.1,0.0,conus_slump,27554,7832,0.201000,3.3500,1.034292,185.200460,26959
ours_conus_mu10_mur00,0.1,0.0,conus_slump,27554,7832,0.202200,3.3700,1.026677,188.658197,27081
ours_conus_mu10_mur00,0.1,0.0,conus_slump,27554,7832,0.203400,3.3900,1.051764,192.242594,28073
ours_conus_mu10_mur00,0.1,0.0,conus_slump,27554,7832,0.204600,3.4100,1.042055,195.835930,28143
ours_conus_mu10_mur00,0.1,0.0,conus_slump,27554,7832,0.205800,3.4300,1.062070,199.541369,29021
ours_conus_mu10_mur00,0.1,0.0,conus_slump,27554,7832,0.207000,3.4500,1.069108,203.314990,29555
ours_conus_mu10_mur00,0.1,0.0,conus_slump,27554,7832,0.208200,3.4700,1.063328,207.111849,29737
ours_conus_mu10_mur00,0.1,0.0,conus_slump,27554,7832,0.209400,3.4900,1.049797,210.903728,29698
ours_conus_mu10_mur00,0.1,0.0,conus_slump,27554,7832,0.210600,3.5100,1.059954,214.776302,30330
ours_conus_mu10_mur00,0.1,0.0,conus_slump,27554,7832,0.211800,3.5300,1.072406,218.739147,31037
ours_conus_mu10_mur00,0.1,0.0,conus_slump,27554,7832,0.213000,3.5500,1.057453,222.691139,30952
ours_conus_mu10_mur00,0.1,0.0,conus_slump,27554,7832,0.214200,3.5700,1.055469,226.680286,31243
ours_conus_mu10_mur00,0.1,0.0,conus_slump,27554,7832,0.215400,3.5900,1.037127,230.644152,31045
ours_conus_mu10_mur00,0.1,0.0,conus_slump,27554,7832,0.216600,3.6100,1.046018,234.686670,31661
ours_conus_mu10_mur00,0.1,0.0,conus_slump,27554,7832,0.217800,3.6300,1.036451,238.736721,31720
ours_conus_mu10_mur00,0.1,0.0,conus_slump,27554,7832,0.219000,3.6500,1.026934,242.793922,31776
ours_conus_mu10_mur00,0.1,0.0,conus_slump,27554,7832,0.220200,3.6700,1.014461,246.845889,31735
ours_conus_mu10_mur00,0.1,0.0,conus_slump,27554,7832,0.221400,3.6900,1.011716,250.931052,31995
ours_conus_mu10_mur00,0.1,0.0,conus_slump,27554,7832,0.222600,3.7100,0.987355,254.961185,31564
ours_conus_mu10_mur00,0.1,0.0,conus_slump,27554,7832,0.223800,3.7300,0.994187,259.063075,32126
ours_conus_mu10_mur00,0.1,0.0,conus_slump,27554,7832,0.225000,3.7500,0.986336,263.176328,32215
ours_conus_mu10_mur00,0.1,0.0,conus_slump,27554,7832,0.226200,3.7700,0.987137,267.336951,32586
ours_conus_mu10_mur00,0.1,0.0,conus_slump,27554,7832,0.227400,3.7900,0.965296,271.448800,32204
ours_conus_mu10_mur00,0.1,0.0,conus_slump,27554,7832,0.228600,3.8100,0.981883,275.675562,33104
ours_conus_mu10_mur00,0.1,0.0,conus_slump,27554,7832,0.229800,3.8300,0.981253,279.944076,33431
ours_conus_mu10_mur00,0.1,0.0,conus_slump,27554,7832,0.231000,3.8500,0.958536,284.157431,32999
ours_conus_mu10_mur00,0.1,0.0,conus_slump,27554,7832,0.232200,3.8700,0.956474,288.405516,33271
ours_conus_mu10_mur00,0.1,0.0,conus_slump,27554,7832,0.233400,3.8900,0.973865,292.775664,34227
ours_conus_mu10_mur00,0.1,0.0,conus_slump,27554,7832,0.234600,3.9100,0.973419,297.188841,34564
ours_conus_mu10_mur00,0.1,0.0,conus_slump,27554,7832,0.235800,3.9300,0.964122,301.604699,34585
ours_conus_mu10_mur00,0.1,0.0,conus_slump,27554,7832,0.237000,3.9500,0.956756,306.031537,34671
ours_conus_mu10_mur00,0.1,0.0,conus_slump,27554,7832,0.238200,3.9700,0.966127,310.547114,35366
ours_conus_mu10_mur00,0.1,0.0,conus_slump,27554,7832,0.239400,3.9900,0.963876,315.097676,35640
ours_conus_mu10_mur00,0.1,0.0,conus_slump,27554,7832,0.240600,4.0100,0.960497,319.677860,35872
ours_conus_mu10_mur00,0.1,0.0,conus_slump,27554,7832,0.241800,4.0300,0.970446,324.351762,36606
ours_conus_mu10_mur00,0.1,0.0,conus_slump,27554,7832,0.243000,4.0500,0.977317,329.105592,37232
ours_conus_mu10_mur00,0.1,0.0,conus_slump,27554,7832,0.244200,4.0700,0.975429,333.897217,37528
ours_conus_mu10_mur00,0.1,0.0,conus_slump,27554,7832,0.245400,4.0900,0.995229,338.834270,38667
ours_conus_mu10_mur00,0.1,0.0,conus_slump,27554,7832,0.246600,4.1100,0.989518,343.791113,38822
ours_conus_mu10_mur00,0.1,0.0,conus_slump,27554,7832,0.247800,4.1300,1.009390,348.896834,39988
ours_conus_mu10_mur00,0.1,0.0,conus_slump,27554,7832,0.249000,4.1500,1.005234,354.030899,40210
ours_conus_mu10_mur00,0.1,0.0,conus_slump,27554,7832,0.250200,4.1700,1.014903,359.264428,40989
ours_conus_mu10_mur00,0.1,0.0,conus_slump,27554,7832,0.251400,4.1900,1.001240,364.477145,40826
ours_conus_mu10_mur00,0.1,0.0,conus_slump,27554,7832,0.252600,4.2100,1.026609,369.873085,42261
ours_conus_mu10_mur00,0.1,0.0,conus_slump,27554,7832,0.253800,4.2300,1.025201,375.312947,42605
ours_conus_mu10_mur00,0.1,0.0,conus_slump,27554,7832,0.255000,4.2500,1.026087,380.809116,43046
ours_conus_mu10_mur00,0.1,0.0,conus_slump,27554,7832,0.256200,4.2700,1.024763,386.349974,43396
ours_conus_mu10_mur00,0.1,0.0,conus_slump,27554,7832,0.257400,4.2900,1.014949,391.889300,43384
ours_conus_mu10_mur00,0.1,0.0,conus_slump,27554,7832,0.258600,4.3100,1.023260,397.526175,44148
ours_conus_mu10_mur00,0.1,0.0,conus_slump,27554,7832,0.259800,4.3300,1.031511,403.261364,44918
ours_conus_mu10_mur00,0.1,0.0,conus_slump,27554,7832,0.261000,4.3500,1.032469,409.055031,45376
ours_conus_mu10_mur00,0.1,0.0,conus_slump,27554,7832,0.262200,4.3700,1.028992,414.882406,45640
ours_conus_mu10_mur00,0.1,0.0,conus_slump,27554,7832,0.263400,4.3900,1.019370,420.708248,45628
ours_conus_mu10_mur00,0.1,0.0,conus_slump,27554,7832,0.264600,4.4100,1.018070,426.579801,45986
ours_conus_mu10_mur00,0.1,0.0,conus_slump,27554,7832,0.265800,4.4300,1.022062,432.527962,46586
ours_conus_mu10_mur00,0.1,0.0,conus_slump,27554,7832,0.267000,4.4500,1.014157,438.483529,46644
ours_conus_mu10_mur00,0.1,0.0,conus_slump,27554,7832,0.268200,4.4700,1.013506,444.488892,47034
ours_conus_mu10_mur00,0.1,0.0,conus_slump,27554,7832,0.269400,4.4900,1.012613,450.542773,47414
ours_conus_mu10_mur00,0.1,0.0,conus_slump,27554,7832,0.270600,4.5100,1.013749,456.657559,47891
ours_conus_mu10_mur00,0.1,0.0,conus_slump,27554,7832,0.271800,4.5300,1.003789,462.766088,47842
ours_conus_mu10_mur00,0.1,0.0,conus_slump,27554,7832,0.273000,4.5500,0.990658,468.848059,47634
ours_conus_mu10_mur00,0.1,0.0,conus_slump,27554,7832,0.274200,4.5700,0.989902,474.978933,48017
ours_conus_mu10_mur00,0.1,0.0,conus_slump,27554,7832,0.275400,4.5900,0.995354,481.197651,48705
ours_conus_mu10_mur00,0.1,0.0,conus_slump,27554,7832,0.276600,4.6100,0.993260,487.457482,49027
ours_conus_mu10_mur00,0.1,0.0,conus_slump,27554,7832,0.277800,4.6300,0.982729,493.704801,48929
ours_conus_mu10_mur00,0.1,0.0,conus_slump,27554,7832,0.279000,4.6500,0.993788,500.077120,49908
ours_conus_mu10_mur00,0.1,0.0,conus_slump,27554,7832,0.280200,4.6700,0.988473,506.469995,50069
ours_conus_mu10_mur00,0.1,0.0,conus_slump,27554,7832,0.281400,4.6900,0.977007,512.842952,49913
ours_conus_mu10_mur00,0.1,0.0,conus_slump,27554,7832,0.282600,4.7100,0.974646,519.254852,50218
ours_conus_mu10_mur00,0.1,0.0,conus_slump,27554,7832,0.283800,4.7300,0.986089,525.797242,51240
ours_conus_mu10_mur00,0.1,0.0,conus_slump,27554,7832,0.285000,4.7500,0.994233,532.449566,52101
ours_conus_mu10_mur00,0.1,0.0,conus_slump,27554,7832,0.286200,4.7700,0.981012,539.068820,51842
ours_conus_mu10_mur00,0.1,0.0,conus_slump,27554,7832,0.287400,4.7900,0.973382,545.691777,51871
ours_conus_mu10_mur00,0.1,0.0,conus_slump,27554,7832,0.288600,4.8100,0.989775,552.482635,53186
ours_conus_mu10_mur00,0.1,0.0,conus_slump,27554,7832,0.289800,4.8300,0.986523,559.307584,53453
ours_conus_mu10_mur00,0.1,0.0,conus_slump,27554,7832,0.291000,4.8500,0.992553,566.231231,54226
ours_conus_mu10_mur00,0.1,0.0,conus_slump,27554,7832,0.292200,4.8700,0.990753,573.199438,54575
ours_conus_mu10_mur00,0.1,0.0,conus_slump,27554,7832,0.293400,4.8900,0.986230,580.192926,54773
ours_conus_mu10_mur00,0.1,0.0,conus_slump,27554,7832,0.294600,4.9100,0.987053,587.249617,55268
ours_conus_mu10_mur00,0.1,0.0,conus_slump,27554,7832,0.295800,4.9300,0.994578,594.418156,56144
ours_conus_mu10_mur00,0.1,0.0,conus_slump,27554,7832,0.297000,4.9500,0.997312,601.664837,56756
ours_conus_mu10_mur00,0.1,0.0,conus_slump,27554,7832,0.298200,4.9700,1.002200,609.006001,57496
ours_conus_mu10_mur00,0.1,0.0,conus_slump,27554,7832,0.299400,4.9900,1.001099,616.398238,57896
ours_recirc_mu40_mur10,0.4,0.1,recirculated,27554,8577,0.000600,0.0100,0.000000,0.000000,0
ours_recirc_mu40_mur10,0.4,0.1,recirculated,27554,8577,0.001800,0.0300,0.000000,0.000000,0
ours_recirc_mu40_mur10,0.4,0.1,recirculated,27554,8577,0.003000,0.0500,0.000000,0.000000,0
ours_recirc_mu40_mur10,0.4,0.1,recirculated,27554,8577,0.004200,0.0700,0.000000,0.000000,0
ours_recirc_mu40_mur10,0.4,0.1,recirculated,27554,8577,0.005400,0.0900,0.000000,0.000000,0
ours_recirc_mu40_mur10,0.4,0.1,recirculated,27554,8577,0.006600,0.1100,0.000000,0.000000,0
ours_recirc_mu40_mur10,0.4,0.1,recirculated,27554,8577,0.007800,0.1300,0.000000,0.000000,0
ours_recirc_mu40_mur10,0.4,0.1,recirculated,27554,8577,0.009000,0.1500,0.000000,0.000000,0
ours_recirc_mu40_mur10,0.4,0.1,recirculated,27554,8577,0.010200,0.1700,0.000000,0.000000,0
ours_recirc_mu40_mur10,0.4,0.1,recirculated,27554,8577,0.011400,0.1900,0.000000,0.000000,0
ours_recirc_mu40_mur10,0.4,0.1,recirculated,27554,8577,0.012600,0.2100,0.000000,0.000000,0
ours_recirc_mu40_mur10,0.4,0.1,recirculated,27554,8577,0.013800,0.2300,0.000000,0.000000,0
ours_recirc_mu40_mur10,0.4,0.1,recirculated,27554,8577,0.015000,0.2500,0.000000,0.000000,0
ours_recirc_mu40_mur10,0.4,0.1,recirculated,27554,8577,0.016200,0.2700,0.000000,0.000000,0
ours_recirc_mu40_mur10,0.4,0.1,recirculated,27554,8577,0.017400,0.2900,0.000000,0.000000,0
ours_recirc_mu40_mur10,0.4,0.1,recirculated,27554,8577,0.018600,0.3100,0.000000,0.000000,0
ours_recirc_mu40_mur10,0.4,0.1,recirculated,27554,8577,0.019800,0.3300,0.000000,0.000000,0
ours_recirc_mu40_mur10,0.4,0.1,recirculated,27554,8577,0.021000,0.3500,0.000000,0.000000,0
ours_recirc_mu40_mur10,0.4,0.1,recirculated,27554,8577,0.022200,0.3700,0.000000,0.000000,0
ours_recirc_mu40_mur10,0.4,0.1,recirculated,27554,8577,0.023400,0.3900,0.000000,0.000000,0
ours_recirc_mu40_mur10,0.4,0.1,recirculated,27554,8577,0.024600,0.4100,0.000000,0.000000,0
ours_recirc_mu40_mur10,0.4,0.1,recirculated,27554,8577,0.025800,0.4300,0.000000,0.000000,0
ours_recirc_mu40_mur10,0.4,0.1,recirculated,27554,8577,0.027000,0.4500,0.000000,0.000000,0
ours_recirc_mu40_mur10,0.4,0.1,recirculated,27554,8577,0.028200,0.4700,0.000000,0.000000,0
ours_recirc_mu40_mur10,0.4,0.1,recirculated,27554,8577,0.029400,0.4900,0.000000,0.000000,0
ours_recirc_mu40_mur10,0.4,0.1,recirculated,27554,8577,0.030600,0.5100,0.000000,0.000000,0
ours_recirc_mu40_mur10,0.4,0.1,recirculated,27554,8577,0.031800,0.5300,0.000000,0.000000,0
ours_recirc_mu40_mur10,0.4,0.1,recirculated,27554,8577,0.033000,0.5500,0.000000,0.000000,0
ours_recirc_mu40_mur10,0.4,0.1,recirculated,27554,8577,0.034200,0.5700,0.000000,0.000000,0
ours_recirc_mu40_mur10,0.4,0.1,recirculated,27554,8577,0.035400,0.5900,0.000000,0.000000,0
ours_recirc_mu40_mur10,0.4,0.1,recirculated,27554,8577,0.036600,0.6100,0.000000,0.000000,0
ours_recirc_mu40_mur10,0.4,0.1,recirculated,27554,8577,0.037800,0.6300,0.000000,0.000000,0
ours_recirc_mu40_mur10,0.4,0.1,recirculated,27554,8577,0.039000,0.6500,0.000000,0.000000,0
ours_recirc_mu40_mur10,0.4,0.1,recirculated,27554,8577,0.040200,0.6700,0.000000,0.000000,0
ours_recirc_mu40_mur10,0.4,0.1,recirculated,27554,8577,0.041400,0.6900,0.000000,0.000000,0
ours_recirc_mu40_mur10,0.4,0.1,recirculated,27554,8577,0.042600,0.7100,0.000000,0.000000,0
ours_recirc_mu40_mur10,0.4,0.1,recirculated,27554,8577,0.043800,0.7300,0.000000,0.000000,0
ours_recirc_mu40_mur10,0.4,0.1,recirculated,27554,8577,0.045000,0.7500,0.000000,0.000000,0
ours_recirc_mu40_mur10,0.4,0.1,recirculated,27554,8577,0.046200,0.7700,0.000000,0.000000,0
ours_recirc_mu40_mur10,0.4,0.1,recirculated,27554,8577,0.047400,0.7900,0.000000,0.000000,0
ours_recirc_mu40_mur10,0.4,0.1,recirculated,27554,8577,0.048600,0.8100,0.000000,0.000000,0
ours_recirc_mu40_mur10,0.4,0.1,recirculated,27554,8577,0.049800,0.8300,0.000000,0.000000,0
ours_recirc_mu40_mur10,0.4,0.1,recirculated,27554,8577,0.051000,0.8500,0.000000,0.000000,0
ours_recirc_mu40_mur10,0.4,0.1,recirculated,27554,8577,0.052200,0.8700,0.000000,0.000000,0
ours_recirc_mu40_mur10,0.4,0.1,recirculated,27554,8577,0.053400,0.8900,0.000000,0.000000,0
ours_recirc_mu40_mur10,0.4,0.1,recirculated,27554,8577,0.054600,0.9100,0.000000,0.000000,0
ours_recirc_mu40_mur10,0.4,0.1,recirculated,27554,8577,0.055800,0.9300,0.000000,0.000000,0
ours_recirc_mu40_mur10,0.4,0.1,recirculated,27554,8577,0.057000,0.9500,0.000000,0.000000,0
ours_recirc_mu40_mur10,0.4,0.1,recirculated,27554,8577,0.058200,0.9700,0.000000,0.000000,0
ours_recirc_mu40_mur10,0.4,0.1,recirculated,27554,8577,0.059400,0.9900,16.198146,4.447243,38144
ours_recirc_mu40_mur10,0.4,0.1,recirculated,27554,8577,0.060600,1.0100,4.084963,5.614551,10012
ours_recirc_mu40_mur10,0.4,0.1,recirculated,27554,8577,0.061800,1.0300,1.992966,6.206832,5080
ours_recirc_mu40_mur10,0.4,0.1,recirculated,27554,8577,0.063000,1.0500,1.512319,6.673895,4006
ours_recirc_mu40_mur10,0.4,0.1,recirculated,27554,8577,0.064200,1.0700,1.319989,7.097237,3631
ours_recirc_mu40_mur10,0.4,0.1,recirculated,27554,8577,0.065400,1.0900,1.181613,7.490498,3373
ours_recirc_mu40_mur10,0.4,0.1,recirculated,27554,8577,0.066600,1.1100,1.048210,7.852279,3103
ours_recirc_mu40_mur10,0.4,0.1,recirculated,27554,8577,0.067800,1.1300,0.918212,8.180716,2817
ours_recirc_mu40_mur10,0.4,0.1,recirculated,27554,8577,0.069000,1.1500,0.879943,8.506704,2796
ours_recirc_mu40_mur10,0.4,0.1,recirculated,27554,8577,0.070200,1.1700,0.813328,8.818585,2675
ours_recirc_mu40_mur10,0.4,0.1,recirculated,27554,8577,0.071400,1.1900,0.744484,9.113909,2533
ours_recirc_mu40_mur10,0.4,0.1,recirculated,27554,8577,0.072600,1.2100,0.725762,9.411566,2553
ours_recirc_mu40_mur10,0.4,0.1,recirculated,27554,8577,0.073800,1.2300,0.718584,9.716101,2612
ours_recirc_mu40_mur10,0.4,0.1,recirculated,27554,8577,0.075000,1.2500,0.681123,10.014224,2557
ours_recirc_mu40_mur10,0.4,0.1,recirculated,27554,8577,0.076200,1.2700,0.669646,10.316777,2595
ours_recirc_mu40_mur10,0.4,0.1,recirculated,27554,8577,0.077400,1.2900,0.668302,10.628308,2672
ours_recirc_mu40_mur10,0.4,0.1,recirculated,27554,8577,0.078600,1.3100,0.651932,10.941705,2688
ours_recirc_mu40_mur10,0.4,0.1,recirculated,27554,8577,0.079800,1.3300,0.632708,11.255217,2689
ours_recirc_mu40_mur10,0.4,0.1,recirculated,27554,8577,0.081000,1.3500,0.646073,11.585053,2829
ours_recirc_mu40_mur10,0.4,0.1,recirculated,27554,8577,0.082200,1.3700,0.641097,11.922117,2891
ours_recirc_mu40_mur10,0.4,0.1,recirculated,27554,8577,0.083400,1.3900,0.623642,12.259648,2895
ours_recirc_mu40_mur10,0.4,0.1,recirculated,27554,8577,0.084600,1.4100,0.615078,12.602192,2938
ours_recirc_mu40_mur10,0.4,0.1,recirculated,27554,8577,0.085800,1.4300,0.638702,12.968054,3138
ours_recirc_mu40_mur10,0.4,0.1,recirculated,27554,8577,0.087000,1.4500,0.629518,13.338813,3180
ours_recirc_mu40_mur10,0.4,0.1,recirculated,27554,8577,0.088200,1.4700,0.647946,13.731025,3364
ours_recirc_mu40_mur10,0.4,0.1,recirculated,27554,8577,0.089400,1.4900,0.677163,14.152151,3612
ours_recirc_mu40_mur10,0.4,0.1,recirculated,27554,8577,0.090600,1.5100,0.678510,14.585519,3717
ours_recirc_mu40_mur10,0.4,0.1,recirculated,27554,8577,0.091800,1.5300,0.692181,15.039408,3893
ours_recirc_mu40_mur10,0.4,0.1,recirculated,27554,8577,0.093000,1.5500,0.731604,15.531771,4223
ours_recirc_mu40_mur10,0.4,0.1,recirculated,27554,8577,0.094200,1.5700,0.768299,16.062260,4550
ours_recirc_mu40_mur10,0.4,0.1,recirculated,27554,8577,0.095400,1.5900,0.771319,16.608488,4685
ours_recirc_mu40_mur10,0.4,0.1,recirculated,27554,8577,0.096600,1.6100,0.816182,17.201119,5083
ours_recirc_mu40_mur10,0.4,0.1,recirculated,27554,8577,0.097800,1.6300,0.842803,17.828378,5380
ours_recirc_mu40_mur10,0.4,0.1,recirculated,27554,8577,0.099000,1.6500,0.889304,18.506587,5817
ours_recirc_mu40_mur10,0.4,0.1,recirculated,27554,8577,0.100200,1.6700,0.949467,19.248339,6362
ours_recirc_mu40_mur10,0.4,0.1,recirculated,27554,8577,0.101400,1.6900,1.000429,20.048735,6865
ours_recirc_mu40_mur10,0.4,0.1,recirculated,27554,8577,0.102600,1.7100,1.091036,20.942404,7665
ours_recirc_mu40_mur10,0.4,0.1,recirculated,27554,8577,0.103800,1.7300,1.181104,21.932610,8493
ours_recirc_mu40_mur10,0.4,0.1,recirculated,27554,8577,0.105000,1.7500,1.169892,22.936225,8608
ours_recirc_mu40_mur10,0.4,0.1,recirculated,27554,8577,0.106200,1.7700,1.136163,23.933310,8552
ours_recirc_mu40_mur10,0.4,0.1,recirculated,27554,8577,0.107400,1.7900,1.185090,24.996969,9123
ours_recirc_mu40_mur10,0.4,0.1,recirculated,27554,8577,0.108600,1.8100,1.173401,26.073802,9236
ours_recirc_mu40_mur10,0.4,0.1,recirculated,27554,8577,0.109800,1.8300,1.195495,27.195290,9619
ours_recirc_mu40_mur10,0.4,0.1,recirculated,27554,8577,0.111000,1.8500,1.225849,28.370526,10080
ours_recirc_mu40_mur10,0.4,0.1,recirculated,27554,8577,0.112200,1.8700,1.226311,29.571762,10303
ours_recirc_mu40_mur10,0.4,0.1,recirculated,27554,8577,0.113400,1.8900,1.289282,30.861840,11065
ours_recirc_mu40_mur10,0.4,0.1,recirculated,27554,8577,0.114600,1.9100,1.305664,32.196106,11444
ours_recirc_mu40_mur10,0.4,0.1,recirculated,27554,8577,0.115800,1.9300,1.343776,33.598228,12026
ours_recirc_mu40_mur10,0.4,0.1,recirculated,27554,8577,0.117000,1.9500,1.411473,35.101667,12895
ours_recirc_mu40_mur10,0.4,0.1,recirculated,27554,8577,0.118200,1.9700,1.466720,36.696164,13676
ours_recirc_mu40_mur10,0.4,0.1,recirculated,27554,8577,0.119400,1.9900,1.550477,38.416113,14752
ours_recirc_mu40_mur10,0.4,0.1,recirculated,27554,8577,0.120600,2.0100,1.058238,39.613734,10272
ours_recirc_mu40_mur10,0.4,0.1,recirculated,27554,8577,0.121800,2.0300,1.007795,40.777078,9978
ours_recirc_mu40_mur10,0.4,0.1,recirculated,27554,8577,0.123000,2.0500,0.949007,41.894252,9582
ours_recirc_mu40_mur10,0.4,0.1,recirculated,27554,8577,0.124200,2.0700,0.919878,42.998368,9470
ours_recirc_mu40_mur10,0.4,0.1,recirculated,27554,8577,0.125400,2.0900,0.886825,44.083479,9307
ours_recirc_mu40_mur10,0.4,0.1,recirculated,27554,8577,0.126600,2.1100,0.896644,45.201702,9591
ours_recirc_mu40_mur10,0.4,0.1,recirculated,27554,8577,0.127800,2.1300,0.860160,46.294858,9376
ours_recirc_mu40_mur10,0.4,0.1,recirculated,27554,8577,0.129000,2.1500,0.859899,47.408301,9550
ours_recirc_mu40_mur10,0.4,0.1,recirculated,27554,8577,0.130200,2.1700,0.853137,48.533636,9652
ours_recirc_mu40_mur10,0.4,0.1,recirculated,27554,8577,0.131400,2.1900,0.863574,49.693832,9951
ours_recirc_mu40_mur10,0.4,0.1,recirculated,27554,8577,0.132600,2.2100,0.824153,50.821383,9671
ours_recirc_mu40_mur10,0.4,0.1,recirculated,27554,8577,0.133800,2.2300,0.845761,51.999534,10105
ours_recirc_mu40_mur10,0.4,0.1,recirculated,27554,8577,0.135000,2.2500,0.851922,53.207648,10362
ours_recirc_mu40_mur10,0.4,0.1,recirculated,27554,8577,0.136200,2.2700,0.839884,54.419960,10398
ours_recirc_mu40_mur10,0.4,0.1,recirculated,27554,8577,0.137400,2.2900,0.848216,55.665967,10687
ours_recirc_mu40_mur10,0.4,0.1,recirculated,27554,8577,0.138600,2.3100,0.847788,56.933193,10869
ours_recirc_mu40_mur10,0.4,0.1,recirculated,27554,8577,0.139800,2.3300,0.856833,58.236213,11176
ours_recirc_mu40_mur10,0.4,0.1,recirculated,27554,8577,0.141000,2.3500,0.868840,59.580273,11528
ours_recirc_mu40_mur10,0.4,0.1,recirculated,27554,8577,0.142200,2.3700,0.879358,60.963857,11867
ours_recirc_mu40_mur10,0.4,0.1,recirculated,27554,8577,0.143400,2.3900,0.909661,62.419377,12484
ours_recirc_mu40_mur10,0.4,0.1,recirculated,27554,8577,0.144600,2.4100,0.916196,63.909992,12785
ours_recirc_mu40_mur10,0.4,0.1,recirculated,27554,8577,0.145800,2.4300,0.925072,65.440131,13124
ours_recirc_mu40_mur10,0.4,0.1,recirculated,27554,8577,0.147000,2.4500,0.935201,67.012592,13487
ours_recirc_mu40_mur10,0.4,0.1,recirculated,27554,8577,0.148200,2.4700,0.962484,68.657456,14108
ours_recirc_mu40_mur10,0.4,0.1,recirculated,27554,8577,0.149400,2.4900,0.971923,70.345459,14478
ours_recirc_mu40_mur10,0.4,0.1,recirculated,27554,8577,0.150600,2.5100,1.012850,72.132914,15331
ours_recirc_mu40_mur10,0.4,0.1,recirculated,27554,8577,0.151800,2.5300,1.005418,73.935642,15462
ours_recirc_mu40_mur10,0.4,0.1,recirculated,27554,8577,0.153000,2.5500,1.027794,75.807742,16057
ours_recirc_mu40_mur10,0.4,0.1,recirculated,27554,8577,0.154200,2.5700,1.045195,77.741518,16586
ours_recirc_mu40_mur10,0.4,0.1,recirculated,27554,8577,0.155400,2.5900,1.061877,79.736854,17114
ours_recirc_mu40_mur10,0.4,0.1,recirculated,27554,8577,0.156600,2.6100,1.073099,81.784540,17563
ours_recirc_mu40_mur10,0.4,0.1,recirculated,27554,8577,0.157800,2.6300,1.095713,83.907543,18209
ours_recirc_mu40_mur10,0.4,0.1,recirculated,27554,8577,0.159000,2.6500,1.089549,86.050834,18383
ours_recirc_mu40_mur10,0.4,0.1,recirculated,27554,8577,0.160200,2.6700,1.108961,88.265361,18994
ours_recirc_mu40_mur10,0.4,0.1,recirculated,27554,8577,0.161400,2.6900,1.097133,90.489215,19074
ours_recirc_mu40_mur10,0.4,0.1,recirculated,27554,8577,0.162600,2.7100,1.099532,92.751195,19401
ours_recirc_mu40_mur10,0.4,0.1,recirculated,27554,8577,0.163800,2.7300,1.077114,94.999883,19287
ours_recirc_mu40_mur10,0.4,0.1,recirculated,27554,8577,0.165000,2.7500,1.081042,97.289962,19642
ours_recirc_mu40_mur10,0.4,0.1,recirculated,27554,8577,0.166200,2.7700,1.073570,99.597412,19791
ours_recirc_mu40_mur10,0.4,0.1,recirculated,27554,8577,0.167400,2.7900,1.074703,101.940772,20099
ours_recirc_mu40_mur10,0.4,0.1,recirculated,27554,8577,0.168600,2.8100,1.055558,104.275504,20025
ours_recirc_mu40_mur10,0.4,0.1,recirculated,27554,8577,0.169800,2.8300,1.056283,106.645214,20325
ours_recirc_mu40_mur10,0.4,0.1,recirculated,27554,8577,0.171000,2.8500,1.041202,109.014224,20319
ours_recirc_mu40_mur10,0.4,0.1,recirculated,27554,8577,0.172200,2.8700,1.053371,111.444678,20846
ours_recirc_mu40_mur10,0.4,0.1,recirculated,27554,8577,0.173400,2.8900,1.036948,113.870701,20808
ours_recirc_mu40_mur10,0.4,0.1,recirculated,27554,8577,0.174600,2.9100,1.028151,116.309549,20918
ours_recirc_mu40_mur10,0.4,0.1,recirculated,27554,8577,0.175800,2.9300,0.999763,118.713769,20621
ours_recirc_mu40_mur10,0.4,0.1,recirculated,27554,8577,0.177000,2.9500,0.998592,121.148070,20879
ours_recirc_mu40_mur10,0.4,0.1,recirculated,27554,8577,0.178200,2.9700,0.989624,123.593331,20973
ours_recirc_mu40_mur10,0.4,0.1,recirculated,27554,8577,0.179400,2.9900,0.949566,125.971319,20396
ours_recirc_mu40_mur10,0.4,0.1,recirculated,27554,8577,0.180600,3.0100,0.952563,128.388831,20735
ours_recirc_mu40_mur10,0.4,0.1,recirculated,27554,8577,0.181800,3.0300,0.952134,130.837472,21002
ours_recirc_mu40_mur10,0.4,0.1,recirculated,27554,8577,0.183000,3.0500,0.940314,133.287746,21016
ours_recirc_mu40_mur10,0.4,0.1,recirculated,27554,8577,0.184200,3.0700,0.929163,135.740818,21040
ours_recirc_mu40_mur10,0.4,0.1,recirculated,27554,8577,0.185400,3.0900,0.927548,138.221639,21278
ours_recirc_mu40_mur10,0.4,0.1,recirculated,27554,8577,0.186600,3.1100,0.931622,140.745715,21649
ours_recirc_mu40_mur10,0.4,0.1,recirculated,27554,8577,0.187800,3.1300,0.942866,143.333217,22193
ours_recirc_mu40_mur10,0.4,0.1,recirculated,27554,8577,0.189000,3.1500,0.931393,145.922001,22204
ours_recirc_mu40_mur10,0.4,0.1,recirculated,27554,8577,0.190200,3.1700,0.933760,148.550426,22544
ours_recirc_mu40_mur10,0.4,0.1,recirculated,27554,8577,0.191400,3.1900,0.937426,151.222572,22919
ours_recirc_mu40_mur10,0.4,0.1,recirculated,27554,8577,0.192600,3.2100,0.954865,153.978664,23639
ours_recirc_mu40_mur10,0.4,0.1,recirculated,27554,8577,0.193800,3.2300,0.940922,156.728460,23585
ours_recirc_mu40_mur10,0.4,0.1,recirculated,27554,8577,0.195000,3.2500,0.971108,159.601726,24644
ours_recirc_mu40_mur10,0.4,0.1,recirculated,27554,8577,0.196200,3.2700,0.976509,162.526641,25087
ours_recirc_mu40_mur10,0.4,0.1,recirculated,27554,8577,0.197400,3.2900,0.977285,165.489798,25415
ours_recirc_mu40_mur10,0.4,0.1,recirculated,27554,8577,0.198600,3.3100,0.981428,168.501807,25834
ours_recirc_mu40_mur10,0.4,0.1,recirculated,27554,8577,0.199800,3.3300,0.992046,171.583304,26430
ours_recirc_mu40_mur10,0.4,0.1,recirculated,27554,8577,0.201000,3.3500,1.001672,174.732191,27008
ours_recirc_mu40_mur10,0.4,0.1,recirculated,27554,8577,0.202200,3.3700,0.999384,177.911508,27269
ours_recirc_mu40_mur10,0.4,0.1,recirculated,27554,8577,0.203400,3.3900,1.011023,181.166142,27915
ours_recirc_mu40_mur10,0.4,0.1,recirculated,27554,8577,0.204600,3.4100,1.016129,184.475924,28388
ours_recirc_mu40_mur10,0.4,0.1,recirculated,27554,8577,0.205800,3.4300,1.013123,187.814737,28637
ours_recirc_mu40_mur10,0.4,0.1,recirculated,27554,8577,0.207000,3.4500,1.025924,191.235280,29338
ours_recirc_mu40_mur10,0.4,0.1,recirculated,27554,8577,0.208200,3.4700,1.030413,194.710738,29809
ours_recirc_mu40_mur10,0.4,0.1,recirculated,27554,8577,0.209400,3.4900,1.045633,198.278302,30599
ours_recirc_mu40_mur10,0.4,0.1,recirculated,27554,8577,0.210600,3.5100,1.042434,201.875831,30856
ours_recirc_mu40_mur10,0.4,0.1,recirculated,27554,8577,0.211800,3.5300,1.030688,205.473476,30857
ours_recirc_mu40_mur10,0.4,0.1,recirculated,27554,8577,0.213000,3.5500,1.030040,209.109712,31188
ours_recirc_mu40_mur10,0.4,0.1,recirculated,27554,8577,0.214200,3.5700,1.033227,212.798414,31638
ours_recirc_mu40_mur10,0.4,0.1,recirculated,27554,8577,0.215400,3.5900,1.036893,216.541798,32107
ours_recirc_mu40_mur10,0.4,0.1,recirculated,27554,8577,0.216600,3.6100,1.033899,220.316078,32372
ours_recirc_mu40_mur10,0.4,0.1,recirculated,27554,8577,0.217800,3.6300,1.026265,224.104116,32490
ours_recirc_mu40_mur10,0.4,0.1,recirculated,27554,8577,0.219000,3.6500,1.020298,227.911741,32658
ours_recirc_mu40_mur10,0.4,0.1,recirculated,27554,8577,0.220200,3.6700,1.015048,231.741401,32847
ours_recirc_mu40_mur10,0.4,0.1,recirculated,27554,8577,0.221400,3.6900,1.009302,235.590999,33018
ours_recirc_mu40_mur10,0.4,0.1,recirculated,27554,8577,0.222600,3.7100,1.013176,239.497377,33505
ours_recirc_mu40_mur10,0.4,0.1,recirculated,27554,8577,0.223800,3.7300,1.011584,243.439781,33814
ours_recirc_mu40_mur10,0.4,0.1,recirculated,27554,8577,0.225000,3.7500,0.998692,247.373790,33742
ours_recirc_mu40_mur10,0.4,0.1,recirculated,27554,8577,0.226200,3.7700,0.995416,251.336831,33991
ours_recirc_mu40_mur10,0.4,0.1,recirculated,27554,8577,0.227400,3.7900,0.996441,255.346158,34388
ours_recirc_mu40_mur10,0.4,0.1,recirculated,27554,8577,0.228600,3.8100,0.990394,259.373324,34541
ours_recirc_mu40_mur10,0.4,0.1,recirculated,27554,8577,0.229800,3.8300,0.974942,263.379387,34360
ours_recirc_mu40_mur10,0.4,0.1,recirculated,27554,8577,0.231000,3.8500,0.983513,267.462982,35025
ours_recirc_mu40_mur10,0.4,0.1,recirculated,27554,8577,0.232200,3.8700,0.975430,271.555206,35099
ours_recirc_mu40_mur10,0.4,0.1,recirculated,27554,8577,0.233400,3.8900,0.977528,275.698729,35539
ours_recirc_mu40_mur10,0.4,0.1,recirculated,27554,8577,0.234600,3.9100,0.964967,279.831176,35444
ours_recirc_mu40_mur10,0.4,0.1,recirculated,27554,8577,0.235800,3.9300,0.975571,284.051883,36201
ours_recirc_mu40_mur10,0.4,0.1,recirculated,27554,8577,0.237000,3.9500,0.983030,288.348257,36850
ours_recirc_mu40_mur10,0.4,0.1,recirculated,27554,8577,0.238200,3.9700,0.977851,292.665384,37028
ours_recirc_mu40_mur10,0.4,0.1,recirculated,27554,8577,0.239400,3.9900,0.973615,297.007229,37240
ours_recirc_mu40_mur10,0.4,0.1,recirculated,27554,8577,0.240600,4.0100,0.967939,301.367145,37395
ours_recirc_mu40_mur10,0.4,0.1,recirculated,27554,8577,0.241800,4.0300,0.974604,305.800979,38029
ours_recirc_mu40_mur10,0.4,0.1,recirculated,27554,8577,0.243000,4.0500,0.973959,310.275971,38382
ours_recirc_mu40_mur10,0.4,0.1,recirculated,27554,8577,0.244200,4.0700,0.983306,314.838638,39134
ours_recirc_mu40_mur10,0.4,0.1,recirculated,27554,8577,0.245400,4.0900,0.976649,319.415064,39252
ours_recirc_mu40_mur10,0.4,0.1,recirculated,27554,8577,0.246600,4.1100,0.986830,324.084528,40050
ours_recirc_mu40_mur10,0.4,0.1,recirculated,27554,8577,0.247800,4.1300,0.984006,328.786056,40325
ours_recirc_mu40_mur10,0.4,0.1,recirculated,27554,8577,0.249000,4.1500,0.988102,333.552991,40886
ours_recirc_mu40_mur10,0.4,0.1,recirculated,27554,8577,0.250200,4.1700,0.994325,338.396292,41541
ours_recirc_mu40_mur10,0.4,0.1,recirculated,27554,8577,0.251400,4.1900,1.002399,343.325872,42281
ours_recirc_mu40_mur10,0.4,0.1,recirculated,27554,8577,0.252600,4.2100,0.997712,348.279352,42486
ours_recirc_mu40_mur10,0.4,0.1,recirculated,27554,8577,0.253800,4.2300,1.005583,353.319459,43229
ours_recirc_mu40_mur10,0.4,0.1,recirculated,27554,8577,0.255000,4.2500,1.000312,358.380669,43410
ours_recirc_mu40_mur10,0.4,0.1,recirculated,27554,8577,0.256200,4.2700,0.994364,363.459251,43559
ours_recirc_mu40_mur10,0.4,0.1,recirculated,27554,8577,0.257400,4.2900,1.002189,368.625860,44314
ours_recirc_mu40_mur10,0.4,0.1,recirculated,27554,8577,0.258600,4.3100,1.010700,373.885041,45108
ours_recirc_mu40_mur10,0.4,0.1,recirculated,27554,8577,0.259800,4.3300,1.010709,379.193191,45528
ours_recirc_mu40_mur10,0.4,0.1,recirculated,27554,8577,0.261000,4.3500,1.005220,384.521394,45700
ours_recirc_mu40_mur10,0.4,0.1,recirculated,27554,8577,0.262200,4.3700,1.010120,389.924915,46346
ours_recirc_mu40_mur10,0.4,0.1,recirculated,27554,8577,0.263400,4.3900,1.010872,395.382068,46806
ours_recirc_mu40_mur10,0.4,0.1,recirculated,27554,8577,0.264600,4.4100,1.016619,400.920368,47502
ours_recirc_mu40_mur10,0.4,0.1,recirculated,27554,8577,0.265800,4.4300,1.008160,406.462516,47535
ours_recirc_mu40_mur10,0.4,0.1,recirculated,27554,8577,0.267000,4.4500,1.010826,412.069605,48092
ours_recirc_mu40_mur10,0.4,0.1,recirculated,27554,8577,0.268200,4.4700,1.012945,417.739070,48627
ours_recirc_mu40_mur10,0.4,0.1,recirculated,27554,8577,0.269400,4.4900,0.997314,423.371109,48306
ours_recirc_mu40_mur10,0.4,0.1,recirculated,27554,8577,0.270600,4.5100,1.002280,429.081730,48980
ours_recirc_mu40_mur10,0.4,0.1,recirculated,27554,8577,0.271800,4.5300,0.999190,434.825347,49263
ours_recirc_mu40_mur10,0.4,0.1,recirculated,27554,8577,0.273000,4.5500,0.992033,440.578291,49343
ours_recirc_mu40_mur10,0.4,0.1,recirculated,27554,8577,0.274200,4.5700,0.999074,446.423108,50131
ours_recirc_mu40_mur10,0.4,0.1,recirculated,27554,8577,0.275400,4.5900,0.989576,452.263146,50090
ours_recirc_mu40_mur10,0.4,0.1,recirculated,27554,8577,0.276600,4.6100,1.000260,458.217792,51073
ours_recirc_mu40_mur10,0.4,0.1,recirculated,27554,8577,0.277800,4.6300,0.990298,464.164393,51004
ours_recirc_mu40_mur10,0.4,0.1,recirculated,27554,8577,0.279000,4.6500,0.985705,470.134662,51207
ours_recirc_mu40_mur10,0.4,0.1,recirculated,27554,8577,0.280200,4.6700,0.984380,476.148304,51579
ours_recirc_mu40_mur10,0.4,0.1,recirculated,27554,8577,0.281400,4.6900,0.994773,482.277603,52571
ours_recirc_mu40_mur10,0.4,0.1,recirculated,27554,8577,0.282600,4.7100,0.990884,488.435117,52813
ours_recirc_mu40_mur10,0.4,0.1,recirculated,27554,8577,0.283800,4.7300,0.985666,494.612335,52982
ours_recirc_mu40_mur10,0.4,0.1,recirculated,27554,8577,0.285000,4.7500,0.990204,500.870584,53677
ours_recirc_mu40_mur10,0.4,0.1,recirculated,27554,8577,0.286200,4.7700,0.978552,507.107380,53493
ours_recirc_mu40_mur10,0.4,0.1,recirculated,27554,8577,0.287400,4.7900,0.970905,513.347441,53521
ours_recirc_mu40_mur10,0.4,0.1,recirculated,27554,8577,0.288600,4.8100,0.984760,519.729509,54739
ours_recirc_mu40_mur10,0.4,0.1,recirculated,27554,8577,0.289800,4.8300,0.977977,526.120438,54815
ours_recirc_mu40_mur10,0.4,0.1,recirculated,27554,8577,0.291000,4.8500,0.987605,532.627842,55814
ours_recirc_mu40_mur10,0.4,0.1,recirculated,27554,8577,0.292200,4.8700,0.981458,539.148187,55925
ours_recirc_mu40_mur10,0.4,0.1,recirculated,27554,8577,0.293400,4.8900,0.981366,545.721581,56380
ours_recirc_mu40_mur10,0.4,0.1,recirculated,27554,8577,0.294600,4.9100,0.981813,552.351871,56868
ours_recirc_mu40_mur10,0.4,0.1,recirculated,27554,8577,0.295800,4.9300,0.980970,559.030547,57283
ours_recirc_mu40_mur10,0.4,0.1,recirculated,27554,8577,0.297000,4.9500,0.986189,565.799347,58056
ours_recirc_mu40_mur10,0.4,0.1,recirculated,27554,8577,0.298200,4.9700,0.997613,572.701994,59204
ours_recirc_mu40_mur10,0.4,0.1,recirculated,27554,8577,0.299400,4.9900,0.983597,579.562551,58843
ours_recirc_mu40_mur00,0.4,0.0,recirculated,27554,8445,0.000600,0.0100,0.000000,0.000000,0
ours_recirc_mu40_mur00,0.4,0.0,recirculated,27554,8445,0.001800,0.0300,0.000000,0.000000,0
ours_recirc_mu40_mur00,0.4,0.0,recirculated,27554,8445,0.003000,0.0500,0.000000,0.000000,0
ours_recirc_mu40_mur00,0.4,0.0,recirculated,27554,8445,0.004200,0.0700,0.000000,0.000000,0
ours_recirc_mu40_mur00,0.4,0.0,recirculated,27554,8445,0.005400,0.0900,0.000000,0.000000,0
ours_recirc_mu40_mur00,0.4,0.0,recirculated,27554,8445,0.006600,0.1100,0.000000,0.000000,0
ours_recirc_mu40_mur00,0.4,0.0,recirculated,27554,8445,0.007800,0.1300,0.000000,0.000000,0
ours_recirc_mu40_mur00,0.4,0.0,recirculated,27554,8445,0.009000,0.1500,0.000000,0.000000,0
ours_recirc_mu40_mur00,0.4,0.0,recirculated,27554,8445,0.010200,0.1700,0.000000,0.000000,0
ours_recirc_mu40_mur00,0.4,0.0,recirculated,27554,8445,0.011400,0.1900,0.000000,0.000000,0
ours_recirc_mu40_mur00,0.4,0.0,recirculated,27554,8445,0.012600,0.2100,0.000000,0.000000,0
ours_recirc_mu40_mur00,0.4,0.0,recirculated,27554,8445,0.013800,0.2300,0.000000,0.000000,0
ours_recirc_mu40_mur00,0.4,0.0,recirculated,27554,8445,0.015000,0.2500,0.000000,0.000000,0
ours_recirc_mu40_mur00,0.4,0.0,recirculated,27554,8445,0.016200,0.2700,0.000000,0.000000,0
ours_recirc_mu40_mur00,0.4,0.0,recirculated,27554,8445,0.017400,0.2900,0.000000,0.000000,0
ours_recirc_mu40_mur00,0.4,0.0,recirculated,27554,8445,0.018600,0.3100,0.000000,0.000000,0
ours_recirc_mu40_mur00,0.4,0.0,recirculated,27554,8445,0.019800,0.3300,0.000000,0.000000,0
ours_recirc_mu40_mur00,0.4,0.0,recirculated,27554,8445,0.021000,0.3500,0.000000,0.000000,0
ours_recirc_mu40_mur00,0.4,0.0,recirculated,27554,8445,0.022200,0.3700,0.000000,0.000000,0
ours_recirc_mu40_mur00,0.4,0.0,recirculated,27554,8445,0.023400,0.3900,0.000000,0.000000,0
ours_recirc_mu40_mur00,0.4,0.0,recirculated,27554,8445,0.024600,0.4100,0.000000,0.000000,0
ours_recirc_mu40_mur00,0.4,0.0,recirculated,27554,8445,0.025800,0.4300,0.000000,0.000000,0
ours_recirc_mu40_mur00,0.4,0.0,recirculated,27554,8445,0.027000,0.4500,0.000000,0.000000,0
ours_recirc_mu40_mur00,0.4,0.0,recirculated,27554,8445,0.028200,0.4700,0.000000,0.000000,0
ours_recirc_mu40_mur00,0.4,0.0,recirculated,27554,8445,0.029400,0.4900,0.000000,0.000000,0
ours_recirc_mu40_mur00,0.4,0.0,recirculated,27554,8445,0.030600,0.5100,0.000000,0.000000,0
ours_recirc_mu40_mur00,0.4,0.0,recirculated,27554,8445,0.031800,0.5300,0.000000,0.000000,0
ours_recirc_mu40_mur00,0.4,0.0,recirculated,27554,8445,0.033000,0.5500,0.000000,0.000000,0
ours_recirc_mu40_mur00,0.4,0.0,recirculated,27554,8445,0.034200,0.5700,0.000000,0.000000,0
ours_recirc_mu40_mur00,0.4,0.0,recirculated,27554,8445,0.035400,0.5900,0.000000,0.000000,0
ours_recirc_mu40_mur00,0.4,0.0,recirculated,27554,8445,0.036600,0.6100,0.000000,0.000000,0
ours_recirc_mu40_mur00,0.4,0.0,recirculated,27554,8445,0.037800,0.6300,0.000000,0.000000,0
ours_recirc_mu40_mur00,0.4,0.0,recirculated,27554,8445,0.039000,0.6500,0.000000,0.000000,0
ours_recirc_mu40_mur00,0.4,0.0,recirculated,27554,8445,0.040200,0.6700,0.000000,0.000000,0
ours_recirc_mu40_mur00,0.4,0.0,recirculated,27554,8445,0.041400,0.6900,0.000000,0.000000,0
ours_recirc_mu40_mur00,0.4,0.0,recirculated,27554,8445,0.042600,0.7100,0.000000,0.000000,0
ours_recirc_mu40_mur00,0.4,0.0,recirculated,27554,8445,0.043800,0.7300,0.000000,0.000000,0
ours_recirc_mu40_mur00,0.4,0.0,recirculated,27554,8445,0.045000,0.7500,0.000000,0.000000,0
ours_recirc_mu40_mur00,0.4,0.0,recirculated,27554,8445,0.046200,0.7700,0.000000,0.000000,0
ours_recirc_mu40_mur00,0.4,0.0,recirculated,27554,8445,0.047400,0.7900,0.000000,0.000000,0
ours_recirc_mu40_mur00,0.4,0.0,recirculated,27554,8445,0.048600,0.8100,0.000000,0.000000,0
ours_recirc_mu40_mur00,0.4,0.0,recirculated,27554,8445,0.049800,0.8300,0.000000,0.000000,0
ours_recirc_mu40_mur00,0.4,0.0,recirculated,27554,8445,0.051000,0.8500,0.000000,0.000000,0
ours_recirc_mu40_mur00,0.4,0.0,recirculated,27554,8445,0.052200,0.8700,0.000000,0.000000,0
ours_recirc_mu40_mur00,0.4,0.0,recirculated,27554,8445,0.053400,0.8900,0.000000,0.000000,0
ours_recirc_mu40_mur00,0.4,0.0,recirculated,27554,8445,0.054600,0.9100,0.000000,0.000000,0
ours_recirc_mu40_mur00,0.4,0.0,recirculated,27554,8445,0.055800,0.9300,0.000000,0.000000,0
ours_recirc_mu40_mur00,0.4,0.0,recirculated,27554,8445,0.057000,0.9500,0.000000,0.000000,0
ours_recirc_mu40_mur00,0.4,0.0,recirculated,27554,8445,0.058200,0.9700,0.000000,0.000000,0
ours_recirc_mu40_mur00,0.4,0.0,recirculated,27554,8445,0.059400,0.9900,16.876013,4.766607,40254
ours_recirc_mu40_mur00,0.4,0.0,recirculated,27554,8445,0.060600,1.0100,4.566539,6.109059,11337
ours_recirc_mu40_mur00,0.4,0.0,recirculated,27554,8445,0.061800,1.0300,2.019043,6.726347,5213
ours_recirc_mu40_mur00,0.4,0.0,recirculated,27554,8445,0.063000,1.0500,1.463948,7.191474,3928
ours_recirc_mu40_mur00,0.4,0.0,recirculated,27554,8445,0.064200,1.0700,1.245720,7.602487,3471
ours_recirc_mu40_mur00,0.4,0.0,recirculated,27554,8445,0.065400,1.0900,1.091139,7.976081,3155
ours_recirc_mu40_mur00,0.4,0.0,recirculated,27554,8445,0.066600,1.1100,0.952126,8.314150,2855
ours_recirc_mu40_mur00,0.4,0.0,recirculated,27554,8445,0.067800,1.1300,0.837629,8.622380,2603
ours_recirc_mu40_mur00,0.4,0.0,recirculated,27554,8445,0.069000,1.1500,0.752201,8.909059,2421
ours_recirc_mu40_mur00,0.4,0.0,recirculated,27554,8445,0.070200,1.1700,0.737211,9.199882,2456
ours_recirc_mu40_mur00,0.4,0.0,recirculated,27554,8445,0.071400,1.1900,0.725117,9.495796,2499
ours_recirc_mu40_mur00,0.4,0.0,recirculated,27554,8445,0.072600,1.2100,0.672157,9.779396,2395
ours_recirc_mu40_mur00,0.4,0.0,recirculated,27554,8445,0.073800,1.2300,0.683883,10.077561,2518
ours_recirc_mu40_mur00,0.4,0.0,recirculated,27554,8445,0.075000,1.2500,0.656389,10.373120,2496
ours_recirc_mu40_mur00,0.4,0.0,recirculated,27554,8445,0.076200,1.2700,0.615243,10.659088,2415
ours_recirc_mu40_mur00,0.4,0.0,recirculated,27554,8445,0.077400,1.2900,0.622488,10.957608,2521
ours_recirc_mu40_mur00,0.4,0.0,recirculated,27554,8445,0.078600,1.3100,0.625175,11.266785,2611
ours_recirc_mu40_mur00,0.4,0.0,recirculated,27554,8445,0.079800,1.3300,0.609999,11.577738,2626
ours_recirc_mu40_mur00,0.4,0.0,recirculated,27554,8445,0.081000,1.3500,0.606489,11.896270,2690
ours_recirc_mu40_mur00,0.4,0.0,recirculated,27554,8445,0.082200,1.3700,0.596573,12.218946,2725
ours_recirc_mu40_mur00,0.4,0.0,recirculated,27554,8445,0.083400,1.3900,0.588249,12.546477,2766
ours_recirc_mu40_mur00,0.4,0.0,recirculated,27554,8445,0.084600,1.4100,0.624590,12.904322,3022
ours_recirc_mu40_mur00,0.4,0.0,recirculated,27554,8445,0.085800,1.4300,0.600811,13.258378,2990
ours_recirc_mu40_mur00,0.4,0.0,recirculated,27554,8445,0.087000,1.4500,0.628715,13.639313,3217
ours_recirc_mu40_mur00,0.4,0.0,recirculated,27554,8445,0.088200,1.4700,0.605259,14.016223,3183
ours_recirc_mu40_mur00,0.4,0.0,recirculated,27554,8445,0.089400,1.4900,0.663153,14.440497,3583
ours_recirc_mu40_mur00,0.4,0.0,recirculated,27554,8445,0.090600,1.5100,0.673816,14.883245,3739
ours_recirc_mu40_mur00,0.4,0.0,recirculated,27554,8445,0.091800,1.5300,0.691246,15.349556,3938
ours_recirc_mu40_mur00,0.4,0.0,recirculated,27554,8445,0.093000,1.5500,0.709781,15.840971,4150
ours_recirc_mu40_mur00,0.4,0.0,recirculated,27554,8445,0.094200,1.5700,0.741324,16.367555,4447
ours_recirc_mu40_mur00,0.4,0.0,recirculated,27554,8445,0.095400,1.5900,0.790894,16.943754,4866
ours_recirc_mu40_mur00,0.4,0.0,recirculated,27554,8445,0.096600,1.6100,0.812424,17.550622,5125
ours_recirc_mu40_mur00,0.4,0.0,recirculated,27554,8445,0.097800,1.6300,0.878443,18.223209,5680
ours_recirc_mu40_mur00,0.4,0.0,recirculated,27554,8445,0.099000,1.6500,0.899084,18.928597,5957
ours_recirc_mu40_mur00,0.4,0.0,recirculated,27554,8445,0.100200,1.6700,0.988622,19.723150,6710
ours_recirc_mu40_mur00,0.4,0.0,recirculated,27554,8445,0.101400,1.6900,1.019025,20.561871,7083
ours_recirc_mu40_mur00,0.4,0.0,recirculated,27554,8445,0.102600,1.7100,1.175479,21.552398,8365
ours_recirc_mu40_mur00,0.4,0.0,recirculated,27554,8445,0.103800,1.7300,1.248544,22.629248,9094
ours_recirc_mu40_mur00,0.4,0.0,recirculated,27554,8445,0.105000,1.7500,1.213863,23.700533,9047
ours_recirc_mu40_mur00,0.4,0.0,recirculated,27554,8445,0.106200,1.7700,1.242984,24.822735,9477
ours_recirc_mu40_mur00,0.4,0.0,recirculated,27554,8445,0.107400,1.7900,1.227290,25.955950,9570
ours_recirc_mu40_mur00,0.4,0.0,recirculated,27554,8445,0.108600,1.8100,1.190786,27.080166,9494
ours_recirc_mu40_mur00,0.4,0.0,recirculated,27554,8445,0.109800,1.8300,1.209440,28.247365,9857
ours_recirc_mu40_mur00,0.4,0.0,recirculated,27554,8445,0.111000,1.8500,1.259189,29.489284,10488
ours_recirc_mu40_mur00,0.4,0.0,recirculated,27554,8445,0.112200,1.8700,1.236042,30.734873,10519
ours_recirc_mu40_mur00,0.4,0.0,recirculated,27554,8445,0.113400,1.8900,1.278580,32.051036,11115
ours_recirc_mu40_mur00,0.4,0.0,recirculated,27554,8445,0.114600,1.9100,1.340700,33.460509,11903
ours_recirc_mu40_mur00,0.4,0.0,recirculated,27554,8445,0.115800,1.9300,1.385754,34.948017,12562
ours_recirc_mu40_mur00,0.4,0.0,recirculated,27554,8445,0.117000,1.9500,1.431929,36.517111,13251
ours_recirc_mu40_mur00,0.4,0.0,recirculated,27554,8445,0.118200,1.9700,1.524552,38.222143,14399
ours_recirc_mu40_mur00,0.4,0.0,recirculated,27554,8445,0.119400,1.9900,1.572920,40.017170,15159
ours_recirc_mu40_mur00,0.4,0.0,recirculated,27554,8445,0.120600,2.0100,1.072601,41.265956,10546
ours_recirc_mu40_mur00,0.4,0.0,recirculated,27554,8445,0.121800,2.0300,0.957242,42.402724,9600
ours_recirc_mu40_mur00,0.4,0.0,recirculated,27554,8445,0.123000,2.0500,0.922424,43.519834,9434
ours_recirc_mu40_mur00,0.4,0.0,recirculated,27554,8445,0.124200,2.0700,0.897685,44.628301,9361
ours_recirc_mu40_mur00,0.4,0.0,recirculated,27554,8445,0.125400,2.0900,0.856411,45.706335,9104
ours_recirc_mu40_mur00,0.4,0.0,recirculated,27554,8445,0.126600,2.1100,0.827055,46.767436,8961
ours_recirc_mu40_mur00,0.4,0.0,recirculated,27554,8445,0.127800,2.1300,0.837680,47.862641,9249
ours_recirc_mu40_mur00,0.4,0.0,recirculated,27554,8445,0.129000,2.1500,0.834613,48.974423,9389
ours_recirc_mu40_mur00,0.4,0.0,recirculated,27554,8445,0.130200,2.1700,0.808130,50.071048,9261
ours_recirc_mu40_mur00,0.4,0.0,recirculated,27554,8445,0.131400,2.1900,0.810315,51.191001,9458
ours_recirc_mu40_mur00,0.4,0.0,recirculated,27554,8445,0.132600,2.2100,0.817926,52.342214,9722
ours_recirc_mu40_mur00,0.4,0.0,recirculated,27554,8445,0.133800,2.2300,0.824556,53.523860,9979
ours_recirc_mu40_mur00,0.4,0.0,recirculated,27554,8445,0.135000,2.2500,0.820433,54.720782,10108
ours_recirc_mu40_mur00,0.4,0.0,recirculated,27554,8445,0.136200,2.2700,0.815290,55.931439,10224
ours_recirc_mu40_mur00,0.4,0.0,recirculated,27554,8445,0.137400,2.2900,0.845304,57.208881,10788
ours_recirc_mu40_mur00,0.4,0.0,recirculated,27554,8445,0.138600,2.3100,0.841588,58.503020,10929
ours_recirc_mu40_mur00,0.4,0.0,recirculated,27554,8445,0.139800,2.3300,0.863609,59.854115,11410
ours_recirc_mu40_mur00,0.4,0.0,recirculated,27554,8445,0.141000,2.3500,0.872707,61.242984,11729
ours_recirc_mu40_mur00,0.4,0.0,recirculated,27554,8445,0.142200,2.3700,0.873696,62.657194,11943
ours_recirc_mu40_mur00,0.4,0.0,recirculated,27554,8445,0.143400,2.3900,0.906828,64.149911,12606
ours_recirc_mu40_mur00,0.4,0.0,recirculated,27554,8445,0.144600,2.4100,0.908960,65.671285,12848
ours_recirc_mu40_mur00,0.4,0.0,recirculated,27554,8445,0.145800,2.4300,0.923356,67.242510,13269
ours_recirc_mu40_mur00,0.4,0.0,recirculated,27554,8445,0.147000,2.4500,0.932507,68.855536,13622
ours_recirc_mu40_mur00,0.4,0.0,recirculated,27554,8445,0.148200,2.4700,0.975659,70.570870,14486
ours_recirc_mu40_mur00,0.4,0.0,recirculated,27554,8445,0.149400,2.4900,1.003194,72.363292,15137
ours_recirc_mu40_mur00,0.4,0.0,recirculated,27554,8445,0.150600,2.5100,1.011989,74.200592,15516
ours_recirc_mu40_mur00,0.4,0.0,recirculated,27554,8445,0.151800,2.5300,1.036432,76.112374,16145
ours_recirc_mu40_mur00,0.4,0.0,recirculated,27554,8445,0.153000,2.5500,1.041154,78.063351,16476
ours_recirc_mu40_mur00,0.4,0.0,recirculated,27554,8445,0.154200,2.5700,1.065140,80.090705,17121
ours_recirc_mu40_mur00,0.4,0.0,recirculated,27554,8445,0.155400,2.5900,1.083240,82.184725,17684
ours_recirc_mu40_mur00,0.4,0.0,recirculated,27554,8445,0.156600,2.6100,1.118819,84.381054,18548
ours_recirc_mu40_mur00,0.4,0.0,recirculated,27554,8445,0.157800,2.6300,1.106323,86.586264,18623
ours_recirc_mu40_mur00,0.4,0.0,recirculated,27554,8445,0.159000,2.6500,1.140710,88.894731,19495
ours_recirc_mu40_mur00,0.4,0.0,recirculated,27554,8445,0.160200,2.6700,1.127720,91.211486,19565
ours_recirc_mu40_mur00,0.4,0.0,recirculated,27554,8445,0.161400,2.6900,1.132194,93.572410,19938
ours_recirc_mu40_mur00,0.4,0.0,recirculated,27554,8445,0.162600,2.7100,1.123378,95.949911,20078
ours_recirc_mu40_mur00,0.4,0.0,recirculated,27554,8445,0.163800,2.7300,1.106703,98.326821,20073
ours_recirc_mu40_mur00,0.4,0.0,recirculated,27554,8445,0.165000,2.7500,1.084415,100.690112,19958
ours_recirc_mu40_mur00,0.4,0.0,recirculated,27554,8445,0.166200,2.7700,1.090823,103.102072,20369
ours_recirc_mu40_mur00,0.4,0.0,recirculated,27554,8445,0.167400,2.7900,1.067427,105.496507,20221
ours_recirc_mu40_mur00,0.4,0.0,recirculated,27554,8445,0.168600,2.8100,1.058584,107.905269,20342
ours_recirc_mu40_mur00,0.4,0.0,recirculated,27554,8445,0.169800,2.8300,1.049215,110.326821,20450
ours_recirc_mu40_mur00,0.4,0.0,recirculated,27554,8445,0.171000,2.8500,1.045317,112.773594,20663
ours_recirc_mu40_mur00,0.4,0.0,recirculated,27554,8445,0.172200,2.8700,1.048608,115.262641,21020
ours_recirc_mu40_mur00,0.4,0.0,recirculated,27554,8445,0.173400,2.8900,1.037884,117.760687,21096
ours_recirc_mu40_mur00,0.4,0.0,recirculated,27554,8445,0.174600,2.9100,1.030945,120.276495,21246
ours_recirc_mu40_mur00,0.4,0.0,recirculated,27554,8445,0.175800,2.9300,0.989923,122.725518,20682
ours_recirc_mu40_mur00,0.4,0.0,recirculated,27554,8445,0.177000,2.9500,0.988351,125.204144,20932
ours_recirc_mu40_mur00,0.4,0.0,recirculated,27554,8445,0.178200,2.9700,0.964650,127.656246,20708
ours_recirc_mu40_mur00,0.4,0.0,recirculated,27554,8445,0.179400,2.9900,0.946410,130.094494,20591
ours_recirc_mu40_mur00,0.4,0.0,recirculated,27554,8445,0.180600,3.0100,0.940315,132.549556,20733
ours_recirc_mu40_mur00,0.4,0.0,recirculated,27554,8445,0.181800,3.0300,0.913442,134.966252,20409
ours_recirc_mu40_mur00,0.4,0.0,recirculated,27554,8445,0.183000,3.0500,0.920186,137.433037,20832
ours_recirc_mu40_mur00,0.4,0.0,recirculated,27554,8445,0.184200,3.0700,0.930166,139.959384,21335
ours_recirc_mu40_mur00,0.4,0.0,recirculated,27554,8445,0.185400,3.0900,0.920186,142.491297,21382
ours_recirc_mu40_mur00,0.4,0.0,recirculated,27554,8445,0.186600,3.1100,0.926997,145.075074,21820
ours_recirc_mu40_mur00,0.4,0.0,recirculated,27554,8445,0.187800,3.1300,0.921983,147.678034,21982
ours_recirc_mu40_mur00,0.4,0.0,recirculated,27554,8445,0.189000,3.1500,0.931350,150.341149,22490
ours_recirc_mu40_mur00,0.4,0.0,recirculated,27554,8445,0.190200,3.1700,0.935214,153.049378,22871
ours_recirc_mu40_mur00,0.4,0.0,recirculated,27554,8445,0.191400,3.1900,0.943472,155.816104,23365
ours_recirc_mu40_mur00,0.4,0.0,recirculated,27554,8445,0.192600,3.2100,0.956397,158.656009,23983
ours_recirc_mu40_mur00,0.4,0.0,recirculated,27554,8445,0.193800,3.2300,0.943171,161.491652,23947
ours_recirc_mu40_mur00,0.4,0.0,recirculated,27554,8445,0.195000,3.2500,0.959181,164.411249,24656
ours_recirc_mu40_mur00,0.4,0.0,recirculated,27554,8445,0.196200,3.2700,0.984528,167.444997,25620
ours_recirc_mu40_mur00,0.4,0.0,recirculated,27554,8445,0.197400,3.2900,0.979997,170.501835,25815
ours_recirc_mu40_mur00,0.4,0.0,recirculated,27554,8445,0.198600,3.3100,0.985368,173.612907,26273
ours_recirc_mu40_mur00,0.4,0.0,recirculated,27554,8445,0.199800,3.3300,0.986277,176.764594,26616
ours_recirc_mu40_mur00,0.4,0.0,recirculated,27554,8445,0.201000,3.3500,1.005695,180.017052,27467
ours_recirc_mu40_mur00,0.4,0.0,recirculated,27554,8445,0.202200,3.3700,1.012897,183.332031,27995
ours_recirc_mu40_mur00,0.4,0.0,recirculated,27554,8445,0.203400,3.3900,1.024544,186.725044,28654
ours_recirc_mu40_mur00,0.4,0.0,recirculated,27554,8445,0.204600,3.4100,1.028251,190.170634,29098
ours_recirc_mu40_mur00,0.4,0.0,recirculated,27554,8445,0.205800,3.4300,1.047694,193.722676,29997
ours_recirc_mu40_mur00,0.4,0.0,recirculated,27554,8445,0.207000,3.4500,1.028815,197.251510,29801
ours_recirc_mu40_mur00,0.4,0.0,recirculated,27554,8445,0.208200,3.4700,1.049887,200.894494,30765
ours_recirc_mu40_mur00,0.4,0.0,recirculated,27554,8445,0.209400,3.4900,1.048583,204.575015,31082
ours_recirc_mu40_mur00,0.4,0.0,recirculated,27554,8445,0.210600,3.5100,1.051710,208.308940,31533
ours_recirc_mu40_mur00,0.4,0.0,recirculated,27554,8445,0.211800,3.5300,1.060700,212.117821,32166
ours_recirc_mu40_mur00,0.4,0.0,recirculated,27554,8445,0.213000,3.5500,1.041967,215.901954,31957
ours_recirc_mu40_mur00,0.4,0.0,recirculated,27554,8445,0.214200,3.5700,1.046381,219.745056,32455
ours_recirc_mu40_mur00,0.4,0.0,recirculated,27554,8445,0.215400,3.5900,1.057201,223.671522,33159
ours_recirc_mu40_mur00,0.4,0.0,recirculated,27554,8445,0.216600,3.6100,1.041704,227.583659,33038
ours_recirc_mu40_mur00,0.4,0.0,recirculated,27554,8445,0.217800,3.6300,1.022804,231.467496,32799
ours_recirc_mu40_mur00,0.4,0.0,recirculated,27554,8445,0.219000,3.6500,1.025351,235.404026,33244
ours_recirc_mu40_mur00,0.4,0.0,recirculated,27554,8445,0.220200,3.6700,1.011185,239.328834,33145
ours_recirc_mu40_mur00,0.4,0.0,recirculated,27554,8445,0.221400,3.6900,1.020352,243.332504,33811
ours_recirc_mu40_mur00,0.4,0.0,recirculated,27554,8445,0.222600,3.7100,1.018695,247.373120,34123
ours_recirc_mu40_mur00,0.4,0.0,recirculated,27554,8445,0.223800,3.7300,0.999235,251.379396,33833
ours_recirc_mu40_mur00,0.4,0.0,recirculated,27554,8445,0.225000,3.7500,0.999241,255.428774,34197
ours_recirc_mu40_mur00,0.4,0.0,recirculated,27554,8445,0.226200,3.7700,0.993091,259.496270,34350
ours_recirc_mu40_mur00,0.4,0.0,recirculated,27554,8445,0.227400,3.7900,0.994080,263.611131,34750
ours_recirc_mu40_mur00,0.4,0.0,recirculated,27554,8445,0.228600,3.8100,0.981265,267.715927,34665
ours_recirc_mu40_mur00,0.4,0.0,recirculated,27554,8445,0.229800,3.8300,0.969643,271.814802,34615
ours_recirc_mu40_mur00,0.4,0.0,recirculated,27554,8445,0.231000,3.8500,0.978473,275.994316,35296
ours_recirc_mu40_mur00,0.4,0.0,recirculated,27554,8445,0.232200,3.8700,0.965862,280.162937,35204
ours_recirc_mu40_mur00,0.4,0.0,recirculated,27554,8445,0.233400,3.8900,0.983083,284.449852,36203
ours_recirc_mu40_mur00,0.4,0.0,recirculated,27554,8445,0.234600,3.9100,0.973133,288.737123,36206
ours_recirc_mu40_mur00,0.4,0.0,recirculated,27554,8445,0.235800,3.9300,0.968042,293.045708,36386
ours_recirc_mu40_mur00,0.4,0.0,recirculated,27554,8445,0.237000,3.9500,0.966691,297.392185,36706
ours_recirc_mu40_mur00,0.4,0.0,recirculated,27554,8445,0.238200,3.9700,0.966857,301.783541,37085
ours_recirc_mu40_mur00,0.4,0.0,recirculated,27554,8445,0.239400,3.9900,0.968365,306.226169,37518
ours_recirc_mu40_mur00,0.4,0.0,recirculated,27554,8445,0.240600,4.0100,0.964479,310.695441,37743
ours_recirc_mu40_mur00,0.4,0.0,recirculated,27554,8445,0.241800,4.0300,0.964822,315.211012,38134
ours_recirc_mu40_mur00,0.4,0.0,recirculated,27554,8445,0.243000,4.0500,0.983049,319.857667,39241
ours_recirc_mu40_mur00,0.4,0.0,recirculated,27554,8445,0.244200,4.0700,0.989461,324.580935,39888
ours_recirc_mu40_mur00,0.4,0.0,recirculated,27554,8445,0.245400,4.0900,0.983541,329.322202,40040
ours_recirc_mu40_mur00,0.4,0.0,recirculated,27554,8445,0.246600,4.1100,0.979198,334.088810,40254
ours_recirc_mu40_mur00,0.4,0.0,recirculated,27554,8445,0.247800,4.1300,0.984432,338.927649,40864
ours_recirc_mu40_mur00,0.4,0.0,recirculated,27554,8445,0.249000,4.1500,1.005100,343.916045,42127
ours_recirc_mu40_mur00,0.4,0.0,recirculated,27554,8445,0.250200,4.1700,0.997373,348.913914,42207
ours_recirc_mu40_mur00,0.4,0.0,recirculated,27554,8445,0.251400,4.1900,0.997587,353.960924,42622
ours_recirc_mu40_mur00,0.4,0.0,recirculated,27554,8445,0.252600,4.2100,1.005195,359.095086,43358
ours_recirc_mu40_mur00,0.4,0.0,recirculated,27554,8445,0.253800,4.2300,1.006551,364.285139,43830
ours_recirc_mu40_mur00,0.4,0.0,recirculated,27554,8445,0.255000,4.2500,1.016778,369.577620,44695
ours_recirc_mu40_mur00,0.4,0.0,recirculated,27554,8445,0.256200,4.2700,1.011062,374.889994,44863
ours_recirc_mu40_mur00,0.4,0.0,recirculated,27554,8445,0.257400,4.2900,1.009962,380.246418,45235
ours_recirc_mu40_mur00,0.4,0.0,recirculated,27554,8445,0.258600,4.3100,1.019502,385.703967,46089
ours_recirc_mu40_mur00,0.4,0.0,recirculated,27554,8445,0.259800,4.3300,1.017732,391.202724,46437
ours_recirc_mu40_mur00,0.4,0.0,recirculated,27554,8445,0.261000,4.3500,1.031218,396.825933,47488
ours_recirc_mu40_mur00,0.4,0.0,recirculated,27554,8445,0.262200,4.3700,1.011688,402.393487,47018
ours_recirc_mu40_mur00,0.4,0.0,recirculated,27554,8445,0.263400,4.3900,1.013194,408.020485,47520
ours_recirc_mu40_mur00,0.4,0.0,recirculated,27554,8445,0.264600,4.4100,1.019639,413.734991,48259
ours_recirc_mu40_mur00,0.4,0.0,recirculated,27554,8445,0.265800,4.4300,1.009092,419.441800,48194
ours_recirc_mu40_mur00,0.4,0.0,recirculated,27554,8445,0.267000,4.4500,1.009110,425.200355,48631
ours_recirc_mu40_mur00,0.4,0.0,recirculated,27554,8445,0.268200,4.4700,1.011061,431.022025,49164
ours_recirc_mu40_mur00,0.4,0.0,recirculated,27554,8445,0.269400,4.4900,1.014364,436.915098,49767
ours_recirc_mu40_mur00,0.4,0.0,recirculated,27554,8445,0.270600,4.5100,1.000560,442.779870,49528
ours_recirc_mu40_mur00,0.4,0.0,recirculated,27554,8445,0.271800,4.5300,0.997631,448.679455,49822
ours_recirc_mu40_mur00,0.4,0.0,recirculated,27554,8445,0.273000,4.5500,1.004759,454.673771,50622
ours_recirc_mu40_mur00,0.4,0.0,recirculated,27554,8445,0.274200,4.5700,1.000863,460.697454,50870
ours_recirc_mu40_mur00,0.4,0.0,recirculated,27554,8445,0.275400,4.5900,0.994598,466.735938,50995
ours_recirc_mu40_mur00,0.4,0.0,recirculated,27554,8445,0.276600,4.6100,0.988964,472.792658,51149
ours_recirc_mu40_mur00,0.4,0.0,recirculated,27554,8445,0.277800,4.6300,0.991365,478.916874,51719
ours_recirc_mu40_mur00,0.4,0.0,recirculated,27554,8445,0.279000,4.6500,0.990609,485.089402,52127
ours_recirc_mu40_mur00,0.4,0.0,recirculated,27554,8445,0.280200,4.6700,0.990187,491.312493,52554
ours_recirc_mu40_mur00,0.4,0.0,recirculated,27554,8445,0.281400,4.6900,0.991829,497.599408,53093
ours_recirc_mu40_mur00,0.4,0.0,recirculated,27554,8445,0.282600,4.7100,0.987869,503.914742,53333
ours_recirc_mu40_mur00,0.4,0.0,recirculated,27554,8445,0.283800,4.7300,0.979772,510.231616,53346
ours_recirc_mu40_mur00,0.4,0.0,recirculated,27554,8445,0.285000,4.7500,0.979096,516.597632,53761
ours_recirc_mu40_mur00,0.4,0.0,recirculated,27554,8445,0.286200,4.7700,0.978542,523.013736,54184
ours_recirc_mu40_mur00,0.4,0.0,recirculated,27554,8445,0.287400,4.7900,0.976889,529.472824,54547
ours_recirc_mu40_mur00,0.4,0.0,recirculated,27554,8445,0.288600,4.8100,0.982475,536.023209,55318
ours_recirc_mu40_mur00,0.4,0.0,recirculated,27554,8445,0.289800,4.8300,0.982916,542.631143,55804
ours_recirc_mu40_mur00,0.4,0.0,recirculated,27554,8445,0.291000,4.8500,0.979490,549.270693,56071
ours_recirc_mu40_mur00,0.4,0.0,recirculated,27554,8445,0.292200,4.8700,0.978427,555.957845,56473
ours_recirc_mu40_mur00,0.4,0.0,recirculated,27554,8445,0.293400,4.8900,0.985476,562.748609,57348
ours_recirc_mu40_mur00,0.4,0.0,recirculated,27554,8445,0.294600,4.9100,0.984179,569.586027,57742
ours_recirc_mu40_mur00,0.4,0.0,recirculated,27554,8445,0.295800,4.9300,0.987926,576.505506,58435
ours_recirc_mu40_mur00,0.4,0.0,recirculated,27554,8445,0.297000,4.9500,0.993040,583.517348,59215
ours_recirc_mu40_mur00,0.4,0.0,recirculated,27554,8445,0.298200,4.9700,0.992134,590.579515,59640
ours_recirc_mu40_mur00,0.4,0.0,recirculated,27554,8445,0.299400,4.9900,0.999098,597.748609,60543
ours_recirc_mu10_mur10,0.1,0.1,recirculated,27554,8302,0.000600,0.0100,0.000000,0.000000,0
ours_recirc_mu10_mur10,0.1,0.1,recirculated,27554,8302,0.001800,0.0300,0.000000,0.000000,0
ours_recirc_mu10_mur10,0.1,0.1,recirculated,27554,8302,0.003000,0.0500,0.000000,0.000000,0
ours_recirc_mu10_mur10,0.1,0.1,recirculated,27554,8302,0.004200,0.0700,0.000000,0.000000,0
ours_recirc_mu10_mur10,0.1,0.1,recirculated,27554,8302,0.005400,0.0900,0.000000,0.000000,0
ours_recirc_mu10_mur10,0.1,0.1,recirculated,27554,8302,0.006600,0.1100,0.000000,0.000000,0
ours_recirc_mu10_mur10,0.1,0.1,recirculated,27554,8302,0.007800,0.1300,0.000000,0.000000,0
ours_recirc_mu10_mur10,0.1,0.1,recirculated,27554,8302,0.009000,0.1500,0.000000,0.000000,0
ours_recirc_mu10_mur10,0.1,0.1,recirculated,27554,8302,0.010200,0.1700,0.000000,0.000000,0
ours_recirc_mu10_mur10,0.1,0.1,recirculated,27554,8302,0.011400,0.1900,0.000000,0.000000,0
ours_recirc_mu10_mur10,0.1,0.1,recirculated,27554,8302,0.012600,0.2100,0.000000,0.000000,0
ours_recirc_mu10_mur10,0.1,0.1,recirculated,27554,8302,0.013800,0.2300,0.000000,0.000000,0
ours_recirc_mu10_mur10,0.1,0.1,recirculated,27554,8302,0.015000,0.2500,0.000000,0.000000,0
ours_recirc_mu10_mur10,0.1,0.1,recirculated,27554,8302,0.016200,0.2700,0.000000,0.000000,0
ours_recirc_mu10_mur10,0.1,0.1,recirculated,27554,8302,0.017400,0.2900,0.000000,0.000000,0
ours_recirc_mu10_mur10,0.1,0.1,recirculated,27554,8302,0.018600,0.3100,0.000000,0.000000,0
ours_recirc_mu10_mur10,0.1,0.1,recirculated,27554,8302,0.019800,0.3300,0.000000,0.000000,0
ours_recirc_mu10_mur10,0.1,0.1,recirculated,27554,8302,0.021000,0.3500,0.000000,0.000000,0
ours_recirc_mu10_mur10,0.1,0.1,recirculated,27554,8302,0.022200,0.3700,0.000000,0.000000,0
ours_recirc_mu10_mur10,0.1,0.1,recirculated,27554,8302,0.023400,0.3900,0.000000,0.000000,0
ours_recirc_mu10_mur10,0.1,0.1,recirculated,27554,8302,0.024600,0.4100,0.000000,0.000000,0
ours_recirc_mu10_mur10,0.1,0.1,recirculated,27554,8302,0.025800,0.4300,0.000000,0.000000,0
ours_recirc_mu10_mur10,0.1,0.1,recirculated,27554,8302,0.027000,0.4500,0.000000,0.000000,0
ours_recirc_mu10_mur10,0.1,0.1,recirculated,27554,8302,0.028200,0.4700,0.000000,0.000000,0
ours_recirc_mu10_mur10,0.1,0.1,recirculated,27554,8302,0.029400,0.4900,0.000000,0.000000,0
ours_recirc_mu10_mur10,0.1,0.1,recirculated,27554,8302,0.030600,0.5100,0.000000,0.000000,0
ours_recirc_mu10_mur10,0.1,0.1,recirculated,27554,8302,0.031800,0.5300,0.000000,0.000000,0
ours_recirc_mu10_mur10,0.1,0.1,recirculated,27554,8302,0.033000,0.5500,0.000000,0.000000,0
ours_recirc_mu10_mur10,0.1,0.1,recirculated,27554,8302,0.034200,0.5700,0.000000,0.000000,0
ours_recirc_mu10_mur10,0.1,0.1,recirculated,27554,8302,0.035400,0.5900,0.000000,0.000000,0
ours_recirc_mu10_mur10,0.1,0.1,recirculated,27554,8302,0.036600,0.6100,0.000000,0.000000,0
ours_recirc_mu10_mur10,0.1,0.1,recirculated,27554,8302,0.037800,0.6300,0.000000,0.000000,0
ours_recirc_mu10_mur10,0.1,0.1,recirculated,27554,8302,0.039000,0.6500,0.000000,0.000000,0
ours_recirc_mu10_mur10,0.1,0.1,recirculated,27554,8302,0.040200,0.6700,0.000000,0.000000,0
ours_recirc_mu10_mur10,0.1,0.1,recirculated,27554,8302,0.041400,0.6900,0.000000,0.000000,0
ours_recirc_mu10_mur10,0.1,0.1,recirculated,27554,8302,0.042600,0.7100,0.000000,0.000000,0
ours_recirc_mu10_mur10,0.1,0.1,recirculated,27554,8302,0.043800,0.7300,0.000000,0.000000,0
ours_recirc_mu10_mur10,0.1,0.1,recirculated,27554,8302,0.045000,0.7500,0.000000,0.000000,0
ours_recirc_mu10_mur10,0.1,0.1,recirculated,27554,8302,0.046200,0.7700,0.000000,0.000000,0
ours_recirc_mu10_mur10,0.1,0.1,recirculated,27554,8302,0.047400,0.7900,0.000000,0.000000,0
ours_recirc_mu10_mur10,0.1,0.1,recirculated,27554,8302,0.048600,0.8100,0.000000,0.000000,0
ours_recirc_mu10_mur10,0.1,0.1,recirculated,27554,8302,0.049800,0.8300,0.000000,0.000000,0
ours_recirc_mu10_mur10,0.1,0.1,recirculated,27554,8302,0.051000,0.8500,0.000000,0.000000,0
ours_recirc_mu10_mur10,0.1,0.1,recirculated,27554,8302,0.052200,0.8700,0.000000,0.000000,0
ours_recirc_mu10_mur10,0.1,0.1,recirculated,27554,8302,0.053400,0.8900,0.000000,0.000000,0
ours_recirc_mu10_mur10,0.1,0.1,recirculated,27554,8302,0.054600,0.9100,0.000000,0.000000,0
ours_recirc_mu10_mur10,0.1,0.1,recirculated,27554,8302,0.055800,0.9300,0.000000,0.000000,0
ours_recirc_mu10_mur10,0.1,0.1,recirculated,27554,8302,0.057000,0.9500,0.000000,0.000000,0
ours_recirc_mu10_mur10,0.1,0.1,recirculated,27554,8302,0.058200,0.9700,0.000000,0.000000,0
ours_recirc_mu10_mur10,0.1,0.1,recirculated,27554,8302,0.059400,0.9900,18.895838,5.472416,45432
ours_recirc_mu10_mur10,0.1,0.1,recirculated,27554,8302,0.060600,1.0100,3.601254,6.557938,9012
ours_recirc_mu10_mur10,0.1,0.1,recirculated,27554,8302,0.061800,1.0300,1.775952,7.114671,4622
ours_recirc_mu10_mur10,0.1,0.1,recirculated,27554,8302,0.063000,1.0500,1.334396,7.549386,3609
ours_recirc_mu10_mur10,0.1,0.1,recirculated,27554,8302,0.064200,1.0700,1.143984,7.936401,3213
ours_recirc_mu10_mur10,0.1,0.1,recirculated,27554,8302,0.065400,1.0900,1.014555,8.292580,2957
ours_recirc_mu10_mur10,0.1,0.1,recirculated,27554,8302,0.066600,1.1100,0.893296,8.617803,2700
ours_recirc_mu10_mur10,0.1,0.1,recirculated,27554,8302,0.067800,1.1300,0.811196,8.923874,2541
ours_recirc_mu10_mur10,0.1,0.1,recirculated,27554,8302,0.069000,1.1500,0.760109,9.220911,2466
ours_recirc_mu10_mur10,0.1,0.1,recirculated,27554,8302,0.070200,1.1700,0.702780,9.505179,2360
ours_recirc_mu10_mur10,0.1,0.1,recirculated,27554,8302,0.071400,1.1900,0.690582,9.794146,2399
ours_recirc_mu10_mur10,0.1,0.1,recirculated,27554,8302,0.072600,1.2100,0.642327,10.072031,2307
ours_recirc_mu10_mur10,0.1,0.1,recirculated,27554,8302,0.073800,1.2300,0.623495,10.350759,2314
ours_recirc_mu10_mur10,0.1,0.1,recirculated,27554,8302,0.075000,1.2500,0.615443,10.634907,2359
ours_recirc_mu10_mur10,0.1,0.1,recirculated,27554,8302,0.076200,1.2700,0.572202,10.907613,2264
ours_recirc_mu10_mur10,0.1,0.1,recirculated,27554,8302,0.077400,1.2900,0.597956,11.201638,2441
ours_recirc_mu10_mur10,0.1,0.1,recirculated,27554,8302,0.078600,1.3100,0.579837,11.495664,2441
ours_recirc_mu10_mur10,0.1,0.1,recirculated,27554,8302,0.079800,1.3300,0.560456,11.788605,2432
ours_recirc_mu10_mur10,0.1,0.1,recirculated,27554,8302,0.081000,1.3500,0.587590,12.105035,2627
ours_recirc_mu10_mur10,0.1,0.1,recirculated,27554,8302,0.082200,1.3700,0.574034,12.423392,2643
ours_recirc_mu10_mur10,0.1,0.1,recirculated,27554,8302,0.083400,1.3900,0.568184,12.747772,2693
ours_recirc_mu10_mur10,0.1,0.1,recirculated,27554,8302,0.084600,1.4100,0.581706,13.089497,2837
ours_recirc_mu10_mur10,0.1,0.1,recirculated,27554,8302,0.085800,1.4300,0.592460,13.447483,2972
ours_recirc_mu10_mur10,0.1,0.1,recirculated,27554,8302,0.087000,1.4500,0.614813,13.829439,3171
ours_recirc_mu10_mur10,0.1,0.1,recirculated,27554,8302,0.088200,1.4700,0.622721,14.227054,3301
ours_recirc_mu10_mur10,0.1,0.1,recirculated,27554,8302,0.089400,1.4900,0.667995,14.665261,3638
ours_recirc_mu10_mur10,0.1,0.1,recirculated,27554,8302,0.090600,1.5100,0.654350,15.106119,3660
ours_recirc_mu10_mur10,0.1,0.1,recirculated,27554,8302,0.091800,1.5300,0.651809,15.556974,3743
ours_recirc_mu10_mur10,0.1,0.1,recirculated,27554,8302,0.093000,1.5500,0.707888,16.059504,4172
ours_recirc_mu10_mur10,0.1,0.1,recirculated,27554,8302,0.094200,1.5700,0.741566,16.599615,4484
ours_recirc_mu10_mur10,0.1,0.1,recirculated,27554,8302,0.095400,1.5900,0.774788,17.178391,4805
ours_recirc_mu10_mur10,0.1,0.1,recirculated,27554,8302,0.096600,1.6100,0.824540,17.809925,5243
ours_recirc_mu10_mur10,0.1,0.1,recirculated,27554,8302,0.097800,1.6300,0.896642,18.513852,5844
ours_recirc_mu10_mur10,0.1,0.1,recirculated,27554,8302,0.099000,1.6500,0.934780,19.265840,6243
ours_recirc_mu10_mur10,0.1,0.1,recirculated,27554,8302,0.100200,1.6700,0.977862,20.071669,6690
ours_recirc_mu10_mur10,0.1,0.1,recirculated,27554,8302,0.101400,1.6900,1.091017,20.992411,7644
ours_recirc_mu10_mur10,0.1,0.1,recirculated,27554,8302,0.102600,1.7100,1.201849,22.030836,8621
ours_recirc_mu10_mur10,0.1,0.1,recirculated,27554,8302,0.103800,1.7300,1.328950,23.206095,9757
ours_recirc_mu10_mur10,0.1,0.1,recirculated,27554,8302,0.105000,1.7500,1.264273,24.350157,9498
ours_recirc_mu10_mur10,0.1,0.1,recirculated,27554,8302,0.106200,1.7700,1.243671,25.501445,9558
ours_recirc_mu10_mur10,0.1,0.1,recirculated,27554,8302,0.107400,1.7900,1.239699,26.675139,9744
ours_recirc_mu10_mur10,0.1,0.1,recirculated,27554,8302,0.108600,1.8100,1.228381,27.864250,9872
ours_recirc_mu10_mur10,0.1,0.1,recirculated,27554,8302,0.109800,1.8300,1.214703,29.066249,9979
ours_recirc_mu10_mur10,0.1,0.1,recirculated,27554,8302,0.111000,1.8500,1.238845,30.319080,10401
ours_recirc_mu10_mur10,0.1,0.1,recirculated,27554,8302,0.112200,1.8700,1.262614,31.623705,10831
ours_recirc_mu10_mur10,0.1,0.1,recirculated,27554,8302,0.113400,1.8900,1.282709,32.977596,11240
ours_recirc_mu10_mur10,0.1,0.1,recirculated,27554,8302,0.114600,1.9100,1.317110,34.397374,11787
ours_recirc_mu10_mur10,0.1,0.1,recirculated,27554,8302,0.115800,1.9300,1.412197,35.951698,12904
ours_recirc_mu10_mur10,0.1,0.1,recirculated,27554,8302,0.117000,1.9500,1.489404,37.625151,13893
ours_recirc_mu10_mur10,0.1,0.1,recirculated,27554,8302,0.118200,1.9700,1.557318,39.410985,14826
ours_recirc_mu10_mur10,0.1,0.1,recirculated,27554,8302,0.119400,1.9900,1.634361,41.323416,15877
ours_recirc_mu10_mur10,0.1,0.1,recirculated,27554,8302,0.120600,2.0100,0.981460,42.495061,9727
ours_recirc_mu10_mur10,0.1,0.1,recirculated,27554,8302,0.121800,2.0300,0.929374,43.626716,9395
ours_recirc_mu10_mur10,0.1,0.1,recirculated,27554,8302,0.123000,2.0500,0.889988,44.731872,9175
ours_recirc_mu10_mur10,0.1,0.1,recirculated,27554,8302,0.124200,2.0700,0.852800,45.811612,8964
ours_recirc_mu10_mur10,0.1,0.1,recirculated,27554,8302,0.125400,2.0900,0.826571,46.878463,8857
ours_recirc_mu10_mur10,0.1,0.1,recirculated,27554,8302,0.126600,2.1100,0.808137,47.941580,8826
ours_recirc_mu10_mur10,0.1,0.1,recirculated,27554,8302,0.127800,2.1300,0.806151,49.022284,8972
ours_recirc_mu10_mur10,0.1,0.1,recirculated,27554,8302,0.129000,2.1500,0.806744,50.124187,9148
ours_recirc_mu10_mur10,0.1,0.1,recirculated,27554,8302,0.130200,2.1700,0.794712,51.229945,9180
ours_recirc_mu10_mur10,0.1,0.1,recirculated,27554,8302,0.131400,2.1900,0.776778,52.330764,9139
ours_recirc_mu10_mur10,0.1,0.1,recirculated,27554,8302,0.132600,2.2100,0.785735,53.464707,9414
ours_recirc_mu10_mur10,0.1,0.1,recirculated,27554,8302,0.133800,2.2300,0.796215,54.634666,9713
ours_recirc_mu10_mur10,0.1,0.1,recirculated,27554,8302,0.135000,2.2500,0.792188,55.819682,9838
ours_recirc_mu10_mur10,0.1,0.1,recirculated,27554,8302,0.136200,2.2700,0.798464,57.035413,10093
ours_recirc_mu10_mur10,0.1,0.1,recirculated,27554,8302,0.137400,2.2900,0.828731,58.319562,10661
ours_recirc_mu10_mur10,0.1,0.1,recirculated,27554,8302,0.138600,2.3100,0.827354,59.624066,10830
ours_recirc_mu10_mur10,0.1,0.1,recirculated,27554,8302,0.139800,2.3300,0.849104,60.986148,11308
ours_recirc_mu10_mur10,0.1,0.1,recirculated,27554,8302,0.141000,2.3500,0.837370,62.352566,11344
ours_recirc_mu10_mur10,0.1,0.1,recirculated,27554,8302,0.142200,2.3700,0.874317,63.803662,12047
ours_recirc_mu10_mur10,0.1,0.1,recirculated,27554,8302,0.143400,2.3900,0.882583,65.293303,12367
ours_recirc_mu10_mur10,0.1,0.1,recirculated,27554,8302,0.144600,2.4100,0.936497,66.900506,13343
ours_recirc_mu10_mur10,0.1,0.1,recirculated,27554,8302,0.145800,2.4300,0.931845,68.526379,13498
ours_recirc_mu10_mur10,0.1,0.1,recirculated,27554,8302,0.147000,2.4500,0.955948,70.221874,14076
ours_recirc_mu10_mur10,0.1,0.1,recirculated,27554,8302,0.148200,2.4700,0.993516,72.012888,14869
ours_recirc_mu10_mur10,0.1,0.1,recirculated,27554,8302,0.149400,2.4900,1.006353,73.856541,15306
ours_recirc_mu10_mur10,0.1,0.1,recirculated,27554,8302,0.150600,2.5100,1.015938,75.747772,15701
ours_recirc_mu10_mur10,0.1,0.1,recirculated,27554,8302,0.151800,2.5300,1.041972,77.718502,16361
ours_recirc_mu10_mur10,0.1,0.1,recirculated,27554,8302,0.153000,2.5500,1.076409,79.786678,17170
ours_recirc_mu10_mur10,0.1,0.1,recirculated,27554,8302,0.154200,2.5700,1.095641,81.924958,17752
ours_recirc_mu10_mur10,0.1,0.1,recirculated,27554,8302,0.155400,2.5900,1.116584,84.138159,18374
ours_recirc_mu10_mur10,0.1,0.1,recirculated,27554,8302,0.156600,2.6100,1.146573,86.446037,19160
ours_recirc_mu10_mur10,0.1,0.1,recirculated,27554,8302,0.157800,2.6300,1.133975,88.763671,19241
ours_recirc_mu10_mur10,0.1,0.1,recirculated,27554,8302,0.159000,2.6500,1.139969,91.129126,19638
ours_recirc_mu10_mur10,0.1,0.1,recirculated,27554,8302,0.160200,2.6700,1.138623,93.527584,19912
ours_recirc_mu10_mur10,0.1,0.1,recirculated,27554,8302,0.161400,2.6900,1.139218,95.963382,20222
ours_recirc_mu10_mur10,0.1,0.1,recirculated,27554,8302,0.162600,2.7100,1.130237,98.416044,20362
ours_recirc_mu10_mur10,0.1,0.1,recirculated,27554,8302,0.163800,2.7300,1.101540,100.841845,20139
ours_recirc_mu10_mur10,0.1,0.1,recirculated,27554,8302,0.165000,2.7500,1.080131,103.255481,20038
ours_recirc_mu10_mur10,0.1,0.1,recirculated,27554,8302,0.166200,2.7700,1.080529,105.705252,20338
ours_recirc_mu10_mur10,0.1,0.1,recirculated,27554,8302,0.167400,2.7900,1.092377,108.217779,20859
ours_recirc_mu10_mur10,0.1,0.1,recirculated,27554,8302,0.168600,2.8100,1.046010,110.658275,20261
ours_recirc_mu10_mur10,0.1,0.1,recirculated,27554,8302,0.169800,2.8300,1.042578,113.125512,20483
ours_recirc_mu10_mur10,0.1,0.1,recirculated,27554,8302,0.171000,2.8500,1.056503,115.661166,21051
ours_recirc_mu10_mur10,0.1,0.1,recirculated,27554,8302,0.172200,2.8700,1.017876,118.138521,20567
ours_recirc_mu10_mur10,0.1,0.1,recirculated,27554,8302,0.173400,2.8900,1.027948,120.675379,21061
ours_recirc_mu10_mur10,0.1,0.1,recirculated,27554,8302,0.174600,2.9100,1.028982,123.250060,21375
ours_recirc_mu10_mur10,0.1,0.1,recirculated,27554,8302,0.175800,2.9300,1.007290,125.805228,21213
ours_recirc_mu10_mur10,0.1,0.1,recirculated,27554,8302,0.177000,2.9500,0.981359,128.328716,20950
ours_recirc_mu10_mur10,0.1,0.1,recirculated,27554,8302,0.178200,2.9700,0.965691,130.845700,20896
ours_recirc_mu10_mur10,0.1,0.1,recirculated,27554,8302,0.179400,2.9900,0.919985,133.275958,20176
ours_recirc_mu10_mur10,0.1,0.1,recirculated,27554,8302,0.180600,3.0100,0.896371,135.675620,19922
ours_recirc_mu10_mur10,0.1,0.1,recirculated,27554,8302,0.181800,3.0300,0.903448,138.126476,20347
ours_recirc_mu10_mur10,0.1,0.1,recirculated,27554,8302,0.183000,3.0500,0.890455,140.574079,20320
ours_recirc_mu10_mur10,0.1,0.1,recirculated,27554,8302,0.184200,3.0700,0.898614,143.076608,20776
ours_recirc_mu10_mur10,0.1,0.1,recirculated,27554,8302,0.185400,3.0900,0.901236,145.619248,21109
ours_recirc_mu10_mur10,0.1,0.1,recirculated,27554,8302,0.186600,3.1100,0.911809,148.225126,21634
ours_recirc_mu10_mur10,0.1,0.1,recirculated,27554,8302,0.187800,3.1300,0.914258,150.871718,21972
ours_recirc_mu10_mur10,0.1,0.1,recirculated,27554,8302,0.189000,3.1500,0.911642,153.544568,22190
ours_recirc_mu10_mur10,0.1,0.1,recirculated,27554,8302,0.190200,3.1700,0.923257,156.285955,22759
ours_recirc_mu10_mur10,0.1,0.1,recirculated,27554,8302,0.191400,3.1900,0.926819,159.072754,23136
ours_recirc_mu10_mur10,0.1,0.1,recirculated,27554,8302,0.192600,3.2100,0.942129,161.941219,23814
ours_recirc_mu10_mur10,0.1,0.1,recirculated,27554,8302,0.193800,3.2300,0.955857,164.887858,24463
ours_recirc_mu10_mur10,0.1,0.1,recirculated,27554,8302,0.195000,3.2500,0.978747,167.942544,25360
ours_recirc_mu10_mur10,0.1,0.1,recirculated,27554,8302,0.196200,3.2700,0.969290,171.005059,25425
ours_recirc_mu10_mur10,0.1,0.1,recirculated,27554,8302,0.197400,3.2900,0.999270,174.201036,26533
ours_recirc_mu10_mur10,0.1,0.1,recirculated,27554,8302,0.198600,3.3100,0.979752,177.372802,26332
ours_recirc_mu10_mur10,0.1,0.1,recirculated,27554,8302,0.199800,3.3300,1.014155,180.695736,27587
ours_recirc_mu10_mur10,0.1,0.1,recirculated,27554,8302,0.201000,3.3500,1.028308,184.105637,28309
ours_recirc_mu10_mur10,0.1,0.1,recirculated,27554,8302,0.202200,3.3700,1.019333,187.526259,28398
ours_recirc_mu10_mur10,0.1,0.1,recirculated,27554,8302,0.203400,3.3900,1.033555,191.035895,29137
ours_recirc_mu10_mur10,0.1,0.1,recirculated,27554,8302,0.204600,3.4100,1.049478,194.641773,29936
ours_recirc_mu10_mur10,0.1,0.1,recirculated,27554,8302,0.205800,3.4300,1.034918,198.239460,29868
ours_recirc_mu10_mur10,0.1,0.1,recirculated,27554,8302,0.207000,3.4500,1.046209,201.918935,30547
ours_recirc_mu10_mur10,0.1,0.1,recirculated,27554,8302,0.208200,3.4700,1.036520,205.606721,30616
ours_recirc_mu10_mur10,0.1,0.1,recirculated,27554,8302,0.209400,3.4900,1.059482,209.419778,31656
ours_recirc_mu10_mur10,0.1,0.1,recirculated,27554,8302,0.210600,3.5100,1.063490,213.291255,32141
ours_recirc_mu10_mur10,0.1,0.1,recirculated,27554,8302,0.211800,3.5300,1.063152,217.205734,32498
ours_recirc_mu10_mur10,0.1,0.1,recirculated,27554,8302,0.213000,3.5500,1.058809,221.148518,32733
ours_recirc_mu10_mur10,0.1,0.1,recirculated,27554,8302,0.214200,3.5700,1.050209,225.103469,32834
ours_recirc_mu10_mur10,0.1,0.1,recirculated,27554,8302,0.215400,3.5900,1.061314,229.145146,33554
ours_recirc_mu10_mur10,0.1,0.1,recirculated,27554,8302,0.216600,3.6100,1.040672,233.152493,33269
ours_recirc_mu10_mur10,0.1,0.1,recirculated,27554,8302,0.217800,3.6300,1.028741,237.157914,33253
ours_recirc_mu10_mur10,0.1,0.1,recirculated,27554,8302,0.219000,3.6500,1.022791,241.184172,33426
ours_recirc_mu10_mur10,0.1,0.1,recirculated,27554,8302,0.220200,3.6700,1.005288,245.185016,33215
ours_recirc_mu10_mur10,0.1,0.1,recirculated,27554,8302,0.221400,3.6900,1.014419,249.266321,33883
ours_recirc_mu10_mur10,0.1,0.1,recirculated,27554,8302,0.222600,3.7100,0.990243,253.293664,33435
ours_recirc_mu10_mur10,0.1,0.1,recirculated,27554,8302,0.223800,3.7300,0.995416,257.385811,33973
ours_recirc_mu10_mur10,0.1,0.1,recirculated,27554,8302,0.225000,3.7500,0.996799,261.527704,34386
ours_recirc_mu10_mur10,0.1,0.1,recirculated,27554,8302,0.226200,3.7700,0.980056,265.643580,34170
ours_recirc_mu10_mur10,0.1,0.1,recirculated,27554,8302,0.227400,3.7900,0.990996,269.849675,34919
ours_recirc_mu10_mur10,0.1,0.1,recirculated,27554,8302,0.228600,3.8100,0.967111,273.997832,34438
ours_recirc_mu10_mur10,0.1,0.1,recirculated,27554,8302,0.229800,3.8300,0.969209,278.198747,34876
ours_recirc_mu10_mur10,0.1,0.1,recirculated,27554,8302,0.231000,3.8500,0.968132,282.438930,35202
ours_recirc_mu10_mur10,0.1,0.1,recirculated,27554,8302,0.232200,3.8700,0.975843,286.757408,35852
ours_recirc_mu10_mur10,0.1,0.1,recirculated,27554,8302,0.233400,3.8900,0.958642,291.043724,35585
ours_recirc_mu10_mur10,0.1,0.1,recirculated,27554,8302,0.234600,3.9100,0.957312,295.368225,35902
ours_recirc_mu10_mur10,0.1,0.1,recirculated,27554,8302,0.235800,3.9300,0.951077,299.708624,36034
ours_recirc_mu10_mur10,0.1,0.1,recirculated,27554,8302,0.237000,3.9500,0.967938,304.171043,37047
ours_recirc_mu10_mur10,0.1,0.1,recirculated,27554,8302,0.238200,3.9700,0.966486,308.672007,37367
ours_recirc_mu10_mur10,0.1,0.1,recirculated,27554,8302,0.239400,3.9900,0.950267,313.142134,37111
ours_recirc_mu10_mur10,0.1,0.1,recirculated,27554,8302,0.240600,4.0100,0.958506,317.696338,37809
ours_recirc_mu10_mur10,0.1,0.1,recirculated,27554,8302,0.241800,4.0300,0.971983,322.360756,38724
ours_recirc_mu10_mur10,0.1,0.1,recirculated,27554,8302,0.243000,4.0500,0.983134,327.125632,39558
ours_recirc_mu10_mur10,0.1,0.1,recirculated,27554,8302,0.244200,4.0700,0.977458,331.909901,39719
ours_recirc_mu10_mur10,0.1,0.1,recirculated,27554,8302,0.245400,4.0900,0.983981,336.773549,40378
ours_recirc_mu10_mur10,0.1,0.1,recirculated,27554,8302,0.246600,4.1100,0.992334,341.726572,41120
ours_recirc_mu10_mur10,0.1,0.1,recirculated,27554,8302,0.247800,4.1300,0.991231,346.722356,41475
ours_recirc_mu10_mur10,0.1,0.1,recirculated,27554,8302,0.249000,4.1500,0.999239,351.807396,42216
ours_recirc_mu10_mur10,0.1,0.1,recirculated,27554,8302,0.250200,4.1700,0.993897,356.914117,42396
ours_recirc_mu10_mur10,0.1,0.1,recirculated,27554,8302,0.251400,4.1900,1.006955,362.137678,43366
ours_recirc_mu10_mur10,0.1,0.1,recirculated,27554,8302,0.252600,4.2100,0.998905,367.369068,43431
ours_recirc_mu10_mur10,0.1,0.1,recirculated,27554,8302,0.253800,4.2300,1.011649,372.717658,44404
ours_recirc_mu10_mur10,0.1,0.1,recirculated,27554,8302,0.255000,4.2500,1.018851,378.155384,45144
ours_recirc_mu10_mur10,0.1,0.1,recirculated,27554,8302,0.256200,4.2700,1.021470,383.658516,45687
ours_recirc_mu10_mur10,0.1,0.1,recirculated,27554,8302,0.257400,4.2900,1.018657,389.198025,45989
ours_recirc_mu10_mur10,0.1,0.1,recirculated,27554,8302,0.258600,4.3100,1.015918,394.774271,46294
ours_recirc_mu10_mur10,0.1,0.1,recirculated,27554,8302,0.259800,4.3300,1.021275,400.432065,46971
ours_recirc_mu10_mur10,0.1,0.1,recirculated,27554,8302,0.261000,4.3500,1.011949,406.090099,46973
ours_recirc_mu10_mur10,0.1,0.1,recirculated,27554,8302,0.262200,4.3700,1.031674,411.911588,48330
ours_recirc_mu10_mur10,0.1,0.1,recirculated,27554,8302,0.263400,4.3900,1.024707,417.746808,48444
ours_recirc_mu10_mur10,0.1,0.1,recirculated,27554,8302,0.264600,4.4100,1.007741,423.537822,48077
ours_recirc_mu10_mur10,0.1,0.1,recirculated,27554,8302,0.265800,4.4300,1.018479,429.443748,49031
ours_recirc_mu10_mur10,0.1,0.1,recirculated,27554,8302,0.267000,4.4500,1.014285,435.378583,49271
ours_recirc_mu10_mur10,0.1,0.1,recirculated,27554,8302,0.268200,4.4700,1.011554,441.350759,49581
ours_recirc_mu10_mur10,0.1,0.1,recirculated,27554,8302,0.269400,4.4900,1.006910,447.348832,49796
ours_recirc_mu10_mur10,0.1,0.1,recirculated,27554,8302,0.270600,4.5100,0.996596,453.338473,49726
ours_recirc_mu10_mur10,0.1,0.1,recirculated,27554,8302,0.271800,4.5300,0.998304,459.391713,50254
ours_recirc_mu10_mur10,0.1,0.1,recirculated,27554,8302,0.273000,4.5500,1.000279,465.510600,50799
ours_recirc_mu10_mur10,0.1,0.1,recirculated,27554,8302,0.274200,4.5700,0.985843,471.594315,50507
ours_recirc_mu10_mur10,0.1,0.1,recirculated,27554,8302,0.275400,4.5900,0.983811,477.718742,50845
ours_recirc_mu10_mur10,0.1,0.1,recirculated,27554,8302,0.276600,4.6100,0.985210,483.905444,51362
ours_recirc_mu10_mur10,0.1,0.1,recirculated,27554,8302,0.277800,4.6300,0.988640,490.167670,51989
ours_recirc_mu10_mur10,0.1,0.1,recirculated,27554,8302,0.279000,4.6500,0.973442,496.387015,51633
ours_recirc_mu10_mur10,0.1,0.1,recirculated,27554,8302,0.280200,4.6700,0.992581,502.783305,53102
ours_recirc_mu10_mur10,0.1,0.1,recirculated,27554,8302,0.281400,4.6900,0.984245,509.180318,53108
ours_recirc_mu10_mur10,0.1,0.1,recirculated,27554,8302,0.282600,4.7100,0.987113,515.650807,53718
ours_recirc_mu10_mur10,0.1,0.1,recirculated,27554,8302,0.283800,4.7300,0.974465,522.092749,53481
ours_recirc_mu10_mur10,0.1,0.1,recirculated,27554,8302,0.285000,4.7500,0.971172,528.567333,53752
ours_recirc_mu10_mur10,0.1,0.1,recirculated,27554,8302,0.286200,4.7700,0.969173,535.083113,54094
ours_recirc_mu10_mur10,0.1,0.1,recirculated,27554,8302,0.287400,4.7900,0.982879,541.746567,55320
ours_recirc_mu10_mur10,0.1,0.1,recirculated,27554,8302,0.288600,4.8100,0.975568,548.415803,55368
ours_recirc_mu10_mur10,0.1,0.1,recirculated,27554,8302,0.289800,4.8300,0.982953,555.191520,56252
ours_recirc_mu10_mur10,0.1,0.1,recirculated,27554,8302,0.291000,4.8500,0.970755,561.938689,56015
ours_recirc_mu10_mur10,0.1,0.1,recirculated,27554,8302,0.292200,4.8700,0.989698,568.874368,57580
ours_recirc_mu10_mur10,0.1,0.1,recirculated,27554,8302,0.293400,4.8900,0.992529,575.887136,58220
ours_recirc_mu10_mur10,0.1,0.1,recirculated,27554,8302,0.294600,4.9100,0.986083,582.911467,58316
ours_recirc_mu10_mur10,0.1,0.1,recirculated,27554,8302,0.295800,4.9300,0.986418,589.995543,58812
ours_recirc_mu10_mur10,0.1,0.1,recirculated,27554,8302,0.297000,4.9500,0.992505,597.181282,59656
ours_recirc_mu10_mur10,0.1,0.1,recirculated,27554,8302,0.298200,4.9700,0.978938,604.326186,59317
ours_recirc_mu10_mur10,0.1,0.1,recirculated,27554,8302,0.299400,4.9900,0.988313,611.597687,60368
ours_recirc_mu10_mur00,0.1,0.0,recirculated,27554,8158,0.000600,0.0100,0.000000,0.000000,0
ours_recirc_mu10_mur00,0.1,0.0,recirculated,27554,8158,0.001800,0.0300,0.000000,0.000000,0
ours_recirc_mu10_mur00,0.1,0.0,recirculated,27554,8158,0.003000,0.0500,0.000000,0.000000,0
ours_recirc_mu10_mur00,0.1,0.0,recirculated,27554,8158,0.004200,0.0700,0.000000,0.000000,0
ours_recirc_mu10_mur00,0.1,0.0,recirculated,27554,8158,0.005400,0.0900,0.000000,0.000000,0
ours_recirc_mu10_mur00,0.1,0.0,recirculated,27554,8158,0.006600,0.1100,0.000000,0.000000,0
ours_recirc_mu10_mur00,0.1,0.0,recirculated,27554,8158,0.007800,0.1300,0.000000,0.000000,0
ours_recirc_mu10_mur00,0.1,0.0,recirculated,27554,8158,0.009000,0.1500,0.000000,0.000000,0
ours_recirc_mu10_mur00,0.1,0.0,recirculated,27554,8158,0.010200,0.1700,0.000000,0.000000,0
ours_recirc_mu10_mur00,0.1,0.0,recirculated,27554,8158,0.011400,0.1900,0.000000,0.000000,0
ours_recirc_mu10_mur00,0.1,0.0,recirculated,27554,8158,0.012600,0.2100,0.000000,0.000000,0
ours_recirc_mu10_mur00,0.1,0.0,recirculated,27554,8158,0.013800,0.2300,0.000000,0.000000,0
ours_recirc_mu10_mur00,0.1,0.0,recirculated,27554,8158,0.015000,0.2500,0.000000,0.000000,0
ours_recirc_mu10_mur00,0.1,0.0,recirculated,27554,8158,0.016200,0.2700,0.000000,0.000000,0
ours_recirc_mu10_mur00,0.1,0.0,recirculated,27554,8158,0.017400,0.2900,0.000000,0.000000,0
ours_recirc_mu10_mur00,0.1,0.0,recirculated,27554,8158,0.018600,0.3100,0.000000,0.000000,0
ours_recirc_mu10_mur00,0.1,0.0,recirculated,27554,8158,0.019800,0.3300,0.000000,0.000000,0
ours_recirc_mu10_mur00,0.1,0.0,recirculated,27554,8158,0.021000,0.3500,0.000000,0.000000,0
ours_recirc_mu10_mur00,0.1,0.0,recirculated,27554,8158,0.022200,0.3700,0.000000,0.000000,0
ours_recirc_mu10_mur00,0.1,0.0,recirculated,27554,8158,0.023400,0.3900,0.000000,0.000000,0
ours_recirc_mu10_mur00,0.1,0.0,recirculated,27554,8158,0.024600,0.4100,0.000000,0.000000,0
ours_recirc_mu10_mur00,0.1,0.0,recirculated,27554,8158,0.025800,0.4300,0.000000,0.000000,0
ours_recirc_mu10_mur00,0.1,0.0,recirculated,27554,8158,0.027000,0.4500,0.000000,0.000000,0
ours_recirc_mu10_mur00,0.1,0.0,recirculated,27554,8158,0.028200,0.4700,0.000000,0.000000,0
ours_recirc_mu10_mur00,0.1,0.0,recirculated,27554,8158,0.029400,0.4900,0.000000,0.000000,0
ours_recirc_mu10_mur00,0.1,0.0,recirculated,27554,8158,0.030600,0.5100,0.000000,0.000000,0
ours_recirc_mu10_mur00,0.1,0.0,recirculated,27554,8158,0.031800,0.5300,0.000000,0.000000,0
ours_recirc_mu10_mur00,0.1,0.0,recirculated,27554,8158,0.033000,0.5500,0.000000,0.000000,0
ours_recirc_mu10_mur00,0.1,0.0,recirculated,27554,8158,0.034200,0.5700,0.000000,0.000000,0
ours_recirc_mu10_mur00,0.1,0.0,recirculated,27554,8158,0.035400,0.5900,0.000000,0.000000,0
ours_recirc_mu10_mur00,0.1,0.0,recirculated,27554,8158,0.036600,0.6100,0.000000,0.000000,0
ours_recirc_mu10_mur00,0.1,0.0,recirculated,27554,8158,0.037800,0.6300,0.000000,0.000000,0
ours_recirc_mu10_mur00,0.1,0.0,recirculated,27554,8158,0.039000,0.6500,0.000000,0.000000,0
ours_recirc_mu10_mur00,0.1,0.0,recirculated,27554,8158,0.040200,0.6700,0.000000,0.000000,0
ours_recirc_mu10_mur00,0.1,0.0,recirculated,27554,8158,0.041400,0.6900,0.000000,0.000000,0
ours_recirc_mu10_mur00,0.1,0.0,recirculated,27554,8158,0.042600,0.7100,0.000000,0.000000,0
ours_recirc_mu10_mur00,0.1,0.0,recirculated,27554,8158,0.043800,0.7300,0.000000,0.000000,0
ours_recirc_mu10_mur00,0.1,0.0,recirculated,27554,8158,0.045000,0.7500,0.000000,0.000000,0
ours_recirc_mu10_mur00,0.1,0.0,recirculated,27554,8158,0.046200,0.7700,0.000000,0.000000,0
ours_recirc_mu10_mur00,0.1,0.0,recirculated,27554,8158,0.047400,0.7900,0.000000,0.000000,0
ours_recirc_mu10_mur00,0.1,0.0,recirculated,27554,8158,0.048600,0.8100,0.000000,0.000000,0
ours_recirc_mu10_mur00,0.1,0.0,recirculated,27554,8158,0.049800,0.8300,0.000000,0.000000,0
ours_recirc_mu10_mur00,0.1,0.0,recirculated,27554,8158,0.051000,0.8500,0.000000,0.000000,0
ours_recirc_mu10_mur00,0.1,0.0,recirculated,27554,8158,0.052200,0.8700,0.000000,0.000000,0
ours_recirc_mu10_mur00,0.1,0.0,recirculated,27554,8158,0.053400,0.8900,0.000000,0.000000,0
ours_recirc_mu10_mur00,0.1,0.0,recirculated,27554,8158,0.054600,0.9100,0.000000,0.000000,0
ours_recirc_mu10_mur00,0.1,0.0,recirculated,27554,8158,0.055800,0.9300,0.000000,0.000000,0
ours_recirc_mu10_mur00,0.1,0.0,recirculated,27554,8158,0.057000,0.9500,0.000000,0.000000,0
ours_recirc_mu10_mur00,0.1,0.0,recirculated,27554,8158,0.058200,0.9700,0.000000,0.000000,0
ours_recirc_mu10_mur00,0.1,0.0,recirculated,27554,8158,0.059400,0.9900,19.353378,5.657882,46157
ours_recirc_mu10_mur00,0.1,0.0,recirculated,27554,8158,0.060600,1.0100,3.466557,6.712675,8605
ours_recirc_mu10_mur00,0.1,0.0,recirculated,27554,8158,0.061800,1.0300,1.752810,7.267345,4525
ours_recirc_mu10_mur00,0.1,0.0,recirculated,27554,8158,0.063000,1.0500,1.351949,7.711939,3627
ours_recirc_mu10_mur00,0.1,0.0,recirculated,27554,8158,0.064200,1.0700,1.137487,8.100392,3169
ours_recirc_mu10_mur00,0.1,0.0,recirculated,27554,8158,0.065400,1.0900,0.980601,8.447904,2835
ours_recirc_mu10_mur00,0.1,0.0,recirculated,27554,8158,0.066600,1.1100,0.858196,8.763300,2573
ours_recirc_mu10_mur00,0.1,0.0,recirculated,27554,8158,0.067800,1.1300,0.800731,9.068277,2488
ours_recirc_mu10_mur00,0.1,0.0,recirculated,27554,8158,0.069000,1.1500,0.741116,9.360628,2385
ours_recirc_mu10_mur00,0.1,0.0,recirculated,27554,8158,0.070200,1.1700,0.710592,9.650772,2367
ours_recirc_mu10_mur00,0.1,0.0,recirculated,27554,8158,0.071400,1.1900,0.660209,9.929640,2275
ours_recirc_mu10_mur00,0.1,0.0,recirculated,27554,8158,0.072600,1.2100,0.625373,10.202746,2228
ours_recirc_mu10_mur00,0.1,0.0,recirculated,27554,8158,0.073800,1.2300,0.616067,10.480755,2268
ours_recirc_mu10_mur00,0.1,0.0,recirculated,27554,8158,0.075000,1.2500,0.583886,10.752881,2220
ours_recirc_mu10_mur00,0.1,0.0,recirculated,27554,8158,0.076200,1.2700,0.577362,11.030645,2266
ours_recirc_mu10_mur00,0.1,0.0,recirculated,27554,8158,0.077400,1.2900,0.576638,11.316867,2335
ours_recirc_mu10_mur00,0.1,0.0,recirculated,27554,8158,0.078600,1.3100,0.567068,11.607134,2368
ours_recirc_mu10_mur00,0.1,0.0,recirculated,27554,8158,0.079800,1.3300,0.577556,11.911866,2486
ours_recirc_mu10_mur00,0.1,0.0,recirculated,27554,8158,0.081000,1.3500,0.526521,12.198088,2335
ours_recirc_mu10_mur00,0.1,0.0,recirculated,27554,8158,0.082200,1.3700,0.529434,12.494484,2418
ours_recirc_mu10_mur00,0.1,0.0,recirculated,27554,8158,0.083400,1.3900,0.580245,12.828880,2728
ours_recirc_mu10_mur00,0.1,0.0,recirculated,27554,8158,0.084600,1.4100,0.600489,13.184972,2905
ours_recirc_mu10_mur00,0.1,0.0,recirculated,27554,8158,0.085800,1.4300,0.579991,13.538735,2886
ours_recirc_mu10_mur00,0.1,0.0,recirculated,27554,8158,0.087000,1.4500,0.582867,13.904266,2982
ours_recirc_mu10_mur00,0.1,0.0,recirculated,27554,8158,0.088200,1.4700,0.616751,14.301790,3243
ours_recirc_mu10_mur00,0.1,0.0,recirculated,27554,8158,0.089400,1.4900,0.632329,14.720520,3416
ours_recirc_mu10_mur00,0.1,0.0,recirculated,27554,8158,0.090600,1.5100,0.660208,15.169527,3663
ours_recirc_mu10_mur00,0.1,0.0,recirculated,27554,8158,0.091800,1.5300,0.669394,15.636921,3813
ours_recirc_mu10_mur00,0.1,0.0,recirculated,27554,8158,0.093000,1.5500,0.691232,16.132263,4041
ours_recirc_mu10_mur00,0.1,0.0,recirculated,27554,8158,0.094200,1.5700,0.730753,16.669527,4383
ours_recirc_mu10_mur00,0.1,0.0,recirculated,27554,8158,0.095400,1.5900,0.764666,17.246139,4704
ours_recirc_mu10_mur00,0.1,0.0,recirculated,27554,8158,0.096600,1.6100,0.846620,17.900711,5340
ours_recirc_mu10_mur00,0.1,0.0,recirculated,27554,8158,0.097800,1.6300,0.885676,18.602599,5726
ours_recirc_mu10_mur00,0.1,0.0,recirculated,27554,8158,0.099000,1.6500,0.930150,19.357931,6162
ours_recirc_mu10_mur00,0.1,0.0,recirculated,27554,8158,0.100200,1.6700,1.011743,20.199559,6866
ours_recirc_mu10_mur00,0.1,0.0,recirculated,27554,8158,0.101400,1.6900,1.121179,21.154695,7792
ours_recirc_mu10_mur00,0.1,0.0,recirculated,27554,8158,0.102600,1.7100,1.259259,22.253003,8960
ours_recirc_mu10_mur00,0.1,0.0,recirculated,27554,8158,0.103800,1.7300,1.381218,23.486026,10059
ours_recirc_mu10_mur00,0.1,0.0,recirculated,27554,8158,0.105000,1.7500,1.255089,24.632508,9353
ours_recirc_mu10_mur00,0.1,0.0,recirculated,27554,8158,0.106200,1.7700,1.258499,25.808532,9594
ours_recirc_mu10_mur00,0.1,0.0,recirculated,27554,8158,0.107400,1.7900,1.227968,26.982103,9574
ours_recirc_mu10_mur00,0.1,0.0,recirculated,27554,8158,0.108600,1.8100,1.239743,28.193552,9883
ours_recirc_mu10_mur00,0.1,0.0,recirculated,27554,8158,0.109800,1.8300,1.210707,29.402917,9866
ours_recirc_mu10_mur00,0.1,0.0,recirculated,27554,8158,0.111000,1.8500,1.249752,30.678720,10408
ours_recirc_mu10_mur00,0.1,0.0,recirculated,27554,8158,0.112200,1.8700,1.290268,32.024516,10979
ours_recirc_mu10_mur00,0.1,0.0,recirculated,27554,8158,0.113400,1.8900,1.296354,33.405737,11268
ours_recirc_mu10_mur00,0.1,0.0,recirculated,27554,8158,0.114600,1.9100,1.363974,34.889924,12108
ours_recirc_mu10_mur00,0.1,0.0,recirculated,27554,8158,0.115800,1.9300,1.393774,36.438465,12633
ours_recirc_mu10_mur00,0.1,0.0,recirculated,27554,8158,0.117000,1.9500,1.451792,38.085070,13433
ours_recirc_mu10_mur00,0.1,0.0,recirculated,27554,8158,0.118200,1.9700,1.580351,39.914440,14924
ours_recirc_mu10_mur00,0.1,0.0,recirculated,27554,8158,0.119400,1.9900,1.666841,41.883305,16062
ours_recirc_mu10_mur00,0.1,0.0,recirculated,27554,8158,0.120600,2.0100,1.014357,43.105663,9972
ours_recirc_mu10_mur00,0.1,0.0,recirculated,27554,8158,0.121800,2.0300,0.924959,44.242584,9275
ours_recirc_mu10_mur00,0.1,0.0,recirculated,27554,8158,0.123000,2.0500,0.866906,45.329247,8865
ours_recirc_mu10_mur00,0.1,0.0,recirculated,27554,8158,0.124200,2.0700,0.820024,46.377298,8550
ours_recirc_mu10_mur00,0.1,0.0,recirculated,27554,8158,0.125400,2.0900,0.814660,47.438710,8659
ours_recirc_mu10_mur00,0.1,0.0,recirculated,27554,8158,0.126600,2.1100,0.802428,48.504290,8693
ours_recirc_mu10_mur00,0.1,0.0,recirculated,27554,8158,0.127800,2.1300,0.793227,49.577715,8757
ours_recirc_mu10_mur00,0.1,0.0,recirculated,27554,8158,0.129000,2.1500,0.786717,50.662417,8849
ours_recirc_mu10_mur00,0.1,0.0,recirculated,27554,8158,0.130200,2.1700,0.771933,51.746629,8845
ours_recirc_mu10_mur00,0.1,0.0,recirculated,27554,8158,0.131400,2.1900,0.767581,52.844692,8958
ours_recirc_mu10_mur00,0.1,0.0,recirculated,27554,8158,0.132600,2.2100,0.780256,53.981368,9273
ours_recirc_mu10_mur00,0.1,0.0,recirculated,27554,8158,0.133800,2.2300,0.757233,55.104560,9163
ours_recirc_mu10_mur00,0.1,0.0,recirculated,27554,8158,0.135000,2.2500,0.758199,56.249448,9340
ours_recirc_mu10_mur00,0.1,0.0,recirculated,27554,8158,0.136200,2.2700,0.795860,57.472665,9979
ours_recirc_mu10_mur00,0.1,0.0,recirculated,27554,8158,0.137400,2.2900,0.807019,58.734984,10298
ours_recirc_mu10_mur00,0.1,0.0,recirculated,27554,8158,0.138600,2.3100,0.804272,60.015077,10443
ours_recirc_mu10_mur00,0.1,0.0,recirculated,27554,8158,0.139800,2.3300,0.860924,61.409169,11373
ours_recirc_mu10_mur00,0.1,0.0,recirculated,27554,8158,0.141000,2.3500,0.867616,62.838318,11659
ours_recirc_mu10_mur00,0.1,0.0,recirculated,27554,8158,0.142200,2.3700,0.860497,64.279971,11761
ours_recirc_mu10_mur00,0.1,0.0,recirculated,27554,8158,0.143400,2.3900,0.882920,65.784261,12272
ours_recirc_mu10_mur00,0.1,0.0,recirculated,27554,8158,0.144600,2.4100,0.922031,67.381589,13031
ours_recirc_mu10_mur00,0.1,0.0,recirculated,27554,8158,0.145800,2.4300,0.952641,69.059451,13688
ours_recirc_mu10_mur00,0.1,0.0,recirculated,27554,8158,0.147000,2.4500,0.974397,70.803996,14232
ours_recirc_mu10_mur00,0.1,0.0,recirculated,27554,8158,0.148200,2.4700,0.993439,72.611792,14748
ours_recirc_mu10_mur00,0.1,0.0,recirculated,27554,8158,0.149400,2.4900,1.021623,74.501103,15413
ours_recirc_mu10_mur00,0.1,0.0,recirculated,27554,8158,0.150600,2.5100,1.041153,76.457588,15961
ours_recirc_mu10_mur00,0.1,0.0,recirculated,27554,8158,0.151800,2.5300,1.052173,78.466413,16388
ours_recirc_mu10_mur00,0.1,0.0,recirculated,27554,8158,0.153000,2.5500,1.085219,80.571218,17171
ours_recirc_mu10_mur00,0.1,0.0,recirculated,27554,8158,0.154200,2.5700,1.102678,82.743565,17722
ours_recirc_mu10_mur00,0.1,0.0,recirculated,27554,8158,0.155400,2.5900,1.108994,84.962491,18102
ours_recirc_mu10_mur00,0.1,0.0,recirculated,27554,8158,0.156600,2.6100,1.150280,87.299706,19067
ours_recirc_mu10_mur00,0.1,0.0,recirculated,27554,8158,0.157800,2.6300,1.162024,89.697107,19558
ours_recirc_mu10_mur00,0.1,0.0,recirculated,27554,8158,0.159000,2.6500,1.140688,92.086418,19492
ours_recirc_mu10_mur00,0.1,0.0,recirculated,27554,8158,0.160200,2.6700,1.152487,94.537019,19992
ours_recirc_mu10_mur00,0.1,0.0,recirculated,27554,8158,0.161400,2.6900,1.171137,97.064722,20621
ours_recirc_mu10_mur00,0.1,0.0,recirculated,27554,8158,0.162600,2.7100,1.148598,99.580780,20526
ours_recirc_mu10_mur00,0.1,0.0,recirculated,27554,8158,0.163800,2.7300,1.118376,102.066928,20282
ours_recirc_mu10_mur00,0.1,0.0,recirculated,27554,8158,0.165000,2.7500,1.090322,104.526354,20064
ours_recirc_mu10_mur00,0.1,0.0,recirculated,27554,8158,0.166200,2.7700,1.059690,106.951581,19785
ours_recirc_mu10_mur00,0.1,0.0,recirculated,27554,8158,0.167400,2.7900,1.077021,109.452194,20400
ours_recirc_mu10_mur00,0.1,0.0,recirculated,27554,8158,0.168600,2.8100,1.076474,111.987497,20683
ours_recirc_mu10_mur00,0.1,0.0,recirculated,27554,8158,0.169800,2.8300,1.034476,114.458691,20160
ours_recirc_mu10_mur00,0.1,0.0,recirculated,27554,8158,0.171000,2.8500,1.039790,116.977813,20551
ours_recirc_mu10_mur00,0.1,0.0,recirculated,27554,8158,0.172200,2.8700,1.031935,119.513116,20683
ours_recirc_mu10_mur00,0.1,0.0,recirculated,27554,8158,0.173400,2.8900,1.022819,122.061167,20787
ours_recirc_mu10_mur00,0.1,0.0,recirculated,27554,8158,0.174600,2.9100,1.006576,124.603579,20741
ours_recirc_mu10_mur00,0.1,0.0,recirculated,27554,8158,0.175800,2.9300,0.976844,127.104928,20406
ours_recirc_mu10_mur00,0.1,0.0,recirculated,27554,8158,0.177000,2.9500,0.982344,129.654817,20802
ours_recirc_mu10_mur00,0.1,0.0,recirculated,27554,8158,0.178200,2.9700,0.950616,132.155921,20404
ours_recirc_mu10_mur00,0.1,0.0,recirculated,27554,8158,0.179400,2.9900,0.935919,134.651630,20360
ours_recirc_mu10_mur00,0.1,0.0,recirculated,27554,8158,0.180600,3.0100,0.908463,137.106644,20028
ours_recirc_mu10_mur00,0.1,0.0,recirculated,27554,8158,0.181800,3.0300,0.899688,139.570360,20099
ours_recirc_mu10_mur00,0.1,0.0,recirculated,27554,8158,0.183000,3.0500,0.880020,142.012135,19920
ours_recirc_mu10_mur00,0.1,0.0,recirculated,27554,8158,0.184200,3.0700,0.878795,144.482594,20154
ours_recirc_mu10_mur00,0.1,0.0,recirculated,27554,8158,0.185400,3.0900,0.895647,147.033342,20809
ours_recirc_mu10_mur00,0.1,0.0,recirculated,27554,8158,0.186600,3.1100,0.893980,149.612405,21040
ours_recirc_mu10_mur00,0.1,0.0,recirculated,27554,8158,0.187800,3.1300,0.909229,152.269306,21675
ours_recirc_mu10_mur00,0.1,0.0,recirculated,27554,8158,0.189000,3.1500,0.903560,154.943491,21816
ours_recirc_mu10_mur00,0.1,0.0,recirculated,27554,8158,0.190200,3.1700,0.917550,157.693675,22436
ours_recirc_mu10_mur00,0.1,0.0,recirculated,27554,8158,0.191400,3.1900,0.937379,160.538858,23211
ours_recirc_mu10_mur00,0.1,0.0,recirculated,27554,8158,0.192600,3.2100,0.944999,163.443246,23694
ours_recirc_mu10_mur00,0.1,0.0,recirculated,27554,8158,0.193800,3.2300,0.955785,166.417504,24264
ours_recirc_mu10_mur00,0.1,0.0,recirculated,27554,8158,0.195000,3.2500,0.959504,169.440427,24661
ours_recirc_mu10_mur00,0.1,0.0,recirculated,27554,8158,0.196200,3.2700,0.974937,172.549890,25367
ours_recirc_mu10_mur00,0.1,0.0,recirculated,27554,8158,0.197400,3.2900,0.986736,175.735597,25989
ours_recirc_mu10_mur00,0.1,0.0,recirculated,27554,8158,0.198600,3.3100,1.009994,179.036161,26926
ours_recirc_mu10_mur00,0.1,0.0,recirculated,27554,8158,0.199800,3.3300,1.009239,182.374234,27232
ours_recirc_mu10_mur00,0.1,0.0,recirculated,27554,8158,0.201000,3.3500,1.027802,185.814660,28067
ours_recirc_mu10_mur00,0.1,0.0,recirculated,27554,8158,0.202200,3.3700,1.034709,189.319686,28594
ours_recirc_mu10_mur00,0.1,0.0,recirculated,27554,8158,0.203400,3.3900,1.056187,192.940059,29535
ours_recirc_mu10_mur00,0.1,0.0,recirculated,27554,8158,0.204600,3.4100,1.054967,196.599044,29850
ours_recirc_mu10_mur00,0.1,0.0,recirculated,27554,8158,0.205800,3.4300,1.052306,200.291738,30125
ours_recirc_mu10_mur00,0.1,0.0,recirculated,27554,8158,0.207000,3.4500,1.057059,204.044496,30615
ours_recirc_mu10_mur00,0.1,0.0,recirculated,27554,8158,0.208200,3.4700,1.061531,207.856950,31102
ours_recirc_mu10_mur00,0.1,0.0,recirculated,27554,8158,0.209400,3.4900,1.058981,211.704217,31386
ours_recirc_mu10_mur00,0.1,0.0,recirculated,27554,8158,0.210600,3.5100,1.068997,215.632508,32047
ours_recirc_mu10_mur00,0.1,0.0,recirculated,27554,8158,0.211800,3.5300,1.057841,219.564231,32075
ours_recirc_mu10_mur00,0.1,0.0,recirculated,27554,8158,0.213000,3.5500,1.058967,223.544864,32474
ours_recirc_mu10_mur00,0.1,0.0,recirculated,27554,8158,0.214200,3.5700,1.055486,227.557244,32733
ours_recirc_mu10_mur00,0.1,0.0,recirculated,27554,8158,0.215400,3.5900,1.050583,231.595857,32947
ours_recirc_mu10_mur00,0.1,0.0,recirculated,27554,8158,0.216600,3.6100,1.040046,235.638637,32981
ours_recirc_mu10_mur00,0.1,0.0,recirculated,27554,8158,0.217800,3.6300,1.057279,239.794067,33900
ours_recirc_mu10_mur00,0.1,0.0,recirculated,27554,8158,0.219000,3.6500,1.025951,243.870924,33259
ours_recirc_mu10_mur00,0.1,0.0,recirculated,27554,8158,0.220200,3.6700,1.008057,247.920691,33038
ours_recirc_mu10_mur00,0.1,0.0,recirculated,27554,8158,0.221400,3.6900,1.008055,252.014709,33399
ours_recirc_mu10_mur00,0.1,0.0,recirculated,27554,8158,0.222600,3.7100,0.998231,256.112895,33433
ours_recirc_mu10_mur00,0.1,0.0,recirculated,27554,8158,0.223800,3.7300,0.994023,260.237926,33652
ours_recirc_mu10_mur00,0.1,0.0,recirculated,27554,8158,0.225000,3.7500,0.980497,264.350576,33551
ours_recirc_mu10_mur00,0.1,0.0,recirculated,27554,8158,0.226200,3.7700,0.970006,268.462736,33547
ours_recirc_mu10_mur00,0.1,0.0,recirculated,27554,8158,0.227400,3.7900,0.981167,272.666462,34294
ours_recirc_mu10_mur00,0.1,0.0,recirculated,27554,8158,0.228600,3.8100,0.968883,276.861486,34223
ours_recirc_mu10_mur00,0.1,0.0,recirculated,27554,8158,0.229800,3.8300,0.965795,281.087154,34473
ours_recirc_mu10_mur00,0.1,0.0,recirculated,27554,8158,0.231000,3.8500,0.956424,285.315641,34496
ours_recirc_mu10_mur00,0.1,0.0,recirculated,27554,8158,0.232200,3.8700,0.966157,289.631650,35210
ours_recirc_mu10_mur00,0.1,0.0,recirculated,27554,8158,0.233400,3.8900,0.961217,293.970091,35393
ours_recirc_mu10_mur00,0.1,0.0,recirculated,27554,8158,0.234600,3.9100,0.956758,298.332925,35592
ours_recirc_mu10_mur00,0.1,0.0,recirculated,27554,8158,0.235800,3.9300,0.961307,302.761461,36128
ours_recirc_mu10_mur00,0.1,0.0,recirculated,27554,8158,0.237000,3.9500,0.962317,307.239887,36535
ours_recirc_mu10_mur00,0.1,0.0,recirculated,27554,8158,0.238200,3.9700,0.963102,311.767468,36936
ours_recirc_mu10_mur00,0.1,0.0,recirculated,27554,8158,0.239400,3.9900,0.959796,316.325080,37181
ours_recirc_mu10_mur00,0.1,0.0,recirculated,27554,8158,0.240600,4.0100,0.963510,320.946310,37700
ours_recirc_mu10_mur00,0.1,0.0,recirculated,27554,8158,0.241800,4.0300,0.967229,325.631772,38224
ours_recirc_mu10_mur00,0.1,0.0,recirculated,27554,8158,0.243000,4.0500,0.964440,330.350208,38493
ours_recirc_mu10_mur00,0.1,0.0,recirculated,27554,8158,0.244200,4.0700,0.971036,335.147953,39140
ours_recirc_mu10_mur00,0.1,0.0,recirculated,27554,8158,0.245400,4.0900,0.991117,340.093160,40343
ours_recirc_mu10_mur00,0.1,0.0,recirculated,27554,8158,0.246600,4.1100,0.976556,345.013484,40140
ours_recirc_mu10_mur00,0.1,0.0,recirculated,27554,8158,0.247800,4.1300,1.008586,350.144766,41861
ours_recirc_mu10_mur00,0.1,0.0,recirculated,27554,8158,0.249000,4.1500,0.994331,355.252635,41670
ours_recirc_mu10_mur00,0.1,0.0,recirculated,27554,8158,0.250200,4.1700,1.010009,360.491174,42736
ours_recirc_mu10_mur00,0.1,0.0,recirculated,27554,8158,0.251400,4.1900,1.021247,365.838931,43627
ours_recirc_mu10_mur00,0.1,0.0,recirculated,27554,8158,0.252600,4.2100,1.012263,371.190365,43657
ours_recirc_mu10_mur00,0.1,0.0,recirculated,27554,8158,0.253800,4.2300,1.018997,376.628708,44366
ours_recirc_mu10_mur00,0.1,0.0,recirculated,27554,8158,0.255000,4.2500,1.011568,382.078573,44460
ours_recirc_mu10_mur00,0.1,0.0,recirculated,27554,8158,0.256200,4.2700,1.010454,387.573793,44830
ours_recirc_mu10_mur00,0.1,0.0,recirculated,27554,8158,0.257400,4.2900,1.024523,393.197843,45881
ours_recirc_mu10_mur00,0.1,0.0,recirculated,27554,8158,0.258600,4.3100,1.030147,398.905614,46564
ours_recirc_mu10_mur00,0.1,0.0,recirculated,27554,8158,0.259800,4.3300,1.028675,404.658250,46930
ours_recirc_mu10_mur00,0.1,0.0,recirculated,27554,8158,0.261000,4.3500,1.031509,410.480142,47495
ours_recirc_mu10_mur00,0.1,0.0,recirculated,27554,8158,0.262200,4.3700,1.033623,416.367737,48031
ours_recirc_mu10_mur00,0.1,0.0,recirculated,27554,8158,0.263400,4.3900,1.028193,422.278132,48217
ours_recirc_mu10_mur00,0.1,0.0,recirculated,27554,8158,0.264600,4.4100,1.023453,428.215004,48433
ours_recirc_mu10_mur00,0.1,0.0,recirculated,27554,8158,0.265800,4.4300,1.015636,434.160088,48500
ours_recirc_mu10_mur00,0.1,0.0,recirculated,27554,8158,0.267000,4.4500,1.012192,440.138637,48773
ours_recirc_mu10_mur00,0.1,0.0,recirculated,27554,8158,0.268200,4.4700,1.012164,446.170875,49211
ours_recirc_mu10_mur00,0.1,0.0,recirculated,27554,8158,0.269400,4.4900,1.008650,452.236087,49480
ours_recirc_mu10_mur00,0.1,0.0,recirculated,27554,8158,0.270600,4.5100,1.009140,458.358421,49946
ours_recirc_mu10_mur00,0.1,0.0,recirculated,27554,8158,0.271800,4.5300,0.995362,464.450846,49702
ours_recirc_mu10_mur00,0.1,0.0,recirculated,27554,8158,0.273000,4.5500,0.984805,470.531993,49610
ours_recirc_mu10_mur00,0.1,0.0,recirculated,27554,8158,0.274200,4.5700,0.996137,476.737313,50623
ours_recirc_mu10_mur00,0.1,0.0,recirculated,27554,8158,0.275400,4.5900,0.989952,482.958201,50750
ours_recirc_mu10_mur00,0.1,0.0,recirculated,27554,8158,0.276600,4.6100,0.994879,489.264648,51448
ours_recirc_mu10_mur00,0.1,0.0,recirculated,27554,8158,0.277800,4.6300,0.974263,495.494116,50820
ours_recirc_mu10_mur00,0.1,0.0,recirculated,27554,8158,0.279000,4.6500,0.980992,501.820912,51614
ours_recirc_mu10_mur00,0.1,0.0,recirculated,27554,8158,0.280200,4.6700,0.979542,508.192817,51982
ours_recirc_mu10_mur00,0.1,0.0,recirculated,27554,8158,0.281400,4.6900,0.977091,514.603334,52297
ours_recirc_mu10_mur00,0.1,0.0,recirculated,27554,8158,0.282600,4.7100,0.975127,521.055651,52638
ours_recirc_mu10_mur00,0.1,0.0,recirculated,27554,8158,0.283800,4.7300,0.987637,527.646359,53767
ours_recirc_mu10_mur00,0.1,0.0,recirculated,27554,8158,0.285000,4.7500,0.972762,534.192817,53406
ours_recirc_mu10_mur00,0.1,0.0,recirculated,27554,8158,0.286200,4.7700,0.975495,540.813067,54008
ours_recirc_mu10_mur00,0.1,0.0,recirculated,27554,8158,0.287400,4.7900,0.972542,547.468742,54297
ours_recirc_mu10_mur00,0.1,0.0,recirculated,27554,8158,0.288600,4.8100,0.976781,554.209365,54990
ours_recirc_mu10_mur00,0.1,0.0,recirculated,27554,8158,0.289800,4.8300,0.984317,561.058593,55876
ours_recirc_mu10_mur00,0.1,0.0,recirculated,27554,8158,0.291000,4.8500,0.983990,567.962368,56321
ours_recirc_mu10_mur00,0.1,0.0,recirculated,27554,8158,0.292200,4.8700,0.984814,574.929027,56834
ours_recirc_mu10_mur00,0.1,0.0,recirculated,27554,8158,0.293400,4.8900,0.989836,581.988845,57594
ours_recirc_mu10_mur00,0.1,0.0,recirculated,27554,8158,0.294600,4.9100,0.979556,589.032606,57463
ours_recirc_mu10_mur00,0.1,0.0,recirculated,27554,8158,0.295800,4.9300,0.989023,596.202501,58492
ours_recirc_mu10_mur00,0.1,0.0,recirculated,27554,8158,0.297000,4.9500,0.985978,603.408433,58786
ours_recirc_mu10_mur00,0.1,0.0,recirculated,27554,8158,0.298200,4.9700,0.996726,610.751900,59908
ours_recirc_mu10_mur00,0.1,0.0,recirculated,27554,8158,0.299400,4.9900,0.998160,618.165237,60478
