solid liftcylinder
  facet normal 0 0 0
    outer loop
      vertex 0.05 0 -0.002
      vertex 0.05 0 0.01575
      vertex 0.0498458666867 0.00392295478639 0.01575
    endloop
  endfacet
  facet normal 0 0 0
    outer loop
      vertex 0.05 0 -0.002
      vertex 0.0498458666867 0.00392295478639 0.01575
      vertex 0.0498458666867 0.00392295478639 -0.002
    endloop
  endfacet
  facet normal 0 0 0
    outer loop
      vertex 0.05 0 0.01575
      vertex 0.05 0 0.0335
      vertex 0.0498458666867 0.00392295478639 0.0335
    endloop
  endfacet
  facet normal 0 0 0
    outer loop
      vertex 0.05 0 0.01575
      vertex 0.0498458666867 0.00392295478639 0.0335
      vertex 0.0498458666867 0.00392295478639 0.01575
    endloop
  endfacet
  facet normal 0 0 0
    outer loop
      vertex 0.05 0 0.0335
      vertex 0.05 0 0.05125
      vertex 0.0498458666867 0.00392295478639 0.05125
    endloop
  endfacet
  facet normal 0 0 0
    outer loop
      vertex 0.05 0 0.0335
      vertex 0.0498458666867 0.00392295478639 0.05125
      vertex 0.0498458666867 0.00392295478639 0.0335
    endloop
  endfacet
  facet normal 0 0 0
    outer loop
      vertex 0.05 0 0.05125
      vertex 0.05 0 0.069
      vertex 0.0498458666867 0.00392295478639 0.069
    endloop
  endfacet
  facet normal 0 0 0
    outer loop
      vertex 0.05 0 0.05125
      vertex 0.0498458666867 0.00392295478639 0.069
      vertex 0.0498458666867 0.00392295478639 0.05125
    endloop
  endfacet
  facet normal 0 0 0
    outer loop
      vertex 0.05 0 0.069
      vertex 0.05 0 0.08675
      vertex 0.0498458666867 0.00392295478639 0.08675
    endloop
  endfacet
  facet normal 0 0 0
    outer loop
      vertex 0.05 0 0.069
      vertex 0.0498458666867 0.00392295478639 0.08675
      vertex 0.0498458666867 0.00392295478639 0.069
    endloop
  endfacet
  facet normal 0 0 0
    outer loop
      vertex 0.05 0 0.08675
      vertex 0.05 0 0.1045
      vertex 0.0498458666867 0.00392295478639 0.1045
    endloop
  endfacet
  facet normal 0 0 0
    outer loop
      vertex 0.05 0 0.08675
      vertex 0.0498458666867 0.00392295478639 0.1045
      vertex 0.0498458666867 0.00392295478639 0.08675
    endloop
  endfacet
  facet normal 0 0 0
    outer loop
      vertex 0.05 0 0.1045
      vertex 0.05 0 0.12225
      vertex 0.0498458666867 0.00392295478639 0.12225
    endloop
  endfacet
  facet normal 0 0 0
    outer loop
      vertex 0.05 0 0.1045
      vertex 0.0498458666867 0.00392295478639 0.12225
      vertex 0.0498458666867 0.00392295478639 0.1045
    endloop
  endfacet
  facet normal 0 0 0
    outer loop
      vertex 0.05 0 0.12225
      vertex 0.05 0 0.14
      vertex 0.0498458666867 0.00392295478639 0.14
    endloop
  endfacet
  facet normal 0 0 0
    outer loop
      vertex 0.05 0 0.12225
      vertex 0.0498458666867 0.00392295478639 0.14
      vertex 0.0498458666867 0.00392295478639 0.12225
    endloop
  endfacet
  facet normal 0 0 0
    outer loop
      vertex 0.0498458666867 0.00392295478639 -0.002
      vertex 0.0498458666867 0.00392295478639 0.01575
      vertex 0.0493844170298 0.00782172325201 0.01575
    endloop
  endfacet
  facet normal 0 0 0
    outer loop
      vertex 0.0498458666867 0.00392295478639 -0.002
      vertex 0.0493844170298 0.00782172325201 0.01575
      vertex 0.0493844170298 0.00782172325201 -0.002
    endloop
  endfacet
  facet normal 0 0 0
    outer loop
      vertex 0.0498458666867 0.00392295478639 0.01575
      vertex 0.0498458666867 0.00392295478639 0.0335
      vertex 0.0493844170298 0.00782172325201 0.0335
    endloop
  endfacet
  facet normal 0 0 0
    outer loop
      vertex 0.0498458666867 0.00392295478639 0.01575
      vertex 0.0493844170298 0.00782172325201 0.0335
      vertex 0.0493844170298 0.00782172325201 0.01575
    endloop
  endfacet
  facet normal 0 0 0
    outer loop
      vertex 0.0498458666867 0.00392295478639 0.0335
      vertex 0.0498458666867 0.00392295478639 0.05125
      vertex 0.0493844170298 0.00782172325201 0.05125
    endloop
  endfacet
  facet normal 0 0 0
    outer loop
      vertex 0.0498458666867 0.00392295478639 0.0335
      vertex 0.0493844170298 0.00782172325201 0.05125
      vertex 0.0493844170298 0.00782172325201 0.0335
    endloop
  endfacet
  facet normal 0 0 0
    outer loop
      vertex 0.0498458666867 0.00392295478639 0.05125
      vertex 0.0498458666867 0.00392295478639 0.069
      vertex 0.0493844170298 0.00782172325201 0.069
    endloop
  endfacet
  facet normal 0 0 0
    outer loop
      vertex 0.0498458666867 0.00392295478639 0.05125
      vertex 0.0493844170298 0.00782172325201 0.069
      vertex 0.0493844170298 0.00782172325201 0.05125
    endloop
  endfacet
  facet normal 0 0 0
    outer loop
      vertex 0.0498458666867 0.00392295478639 0.069
      vertex 0.0498458666867 0.00392295478639 0.08675
      vertex 0.0493844170298 0.00782172325201 0.08675
    endloop
  endfacet
  facet normal 0 0 0
    outer loop
      vertex 0.0498458666867 0.00392295478639 0.069
      vertex 0.0493844170298 0.00782172325201 0.08675
      vertex 0.0493844170298 0.00782172325201 0.069
    endloop
  endfacet
  facet normal 0 0 0
    outer loop
      vertex 0.0498458666867 0.00392295478639 0.08675
      vertex 0.0498458666867 0.00392295478639 0.1045
      vertex 0.0493844170298 0.00782172325201 0.1045
    endloop
  endfacet
  facet normal 0 0 0
    outer loop
      vertex 0.0498458666867 0.00392295478639 0.08675
      vertex 0.0493844170298 0.00782172325201 0.1045
      vertex 0.0493844170298 0.00782172325201 0.08675
    endloop
  endfacet
  facet normal 0 0 0
    outer loop
      vertex 0.0498458666867 0.00392295478639 0.1045
      vertex 0.0498458666867 0.00392295478639 0.12225
      vertex 0.0493844170298 0.00782172325201 0.12225
    endloop
  endfacet
  facet normal 0 0 0
    outer loop
      vertex 0.0498458666867 0.00392295478639 0.1045
      vertex 0.0493844170298 0.00782172325201 0.12225
      vertex 0.0493844170298 0.00782172325201 0.1045
    endloop
  endfacet
  facet normal 0 0 0
    outer loop
      vertex 0.0498458666867 0.00392295478639 0.12225
      vertex 0.0498458666867 0.00392295478639 0.14
      vertex 0.0493844170298 0.00782172325201 0.14
    endloop
  endfacet
  facet normal 0 0 0
    outer loop
      vertex 0.0498458666867 0.00392295478639 0.12225
      vertex 0.0493844170298 0.00782172325201 0.14
      vertex 0.0493844170298 0.00782172325201 0.12225
    endloop
  endfacet
  facet normal 0 0 0
    outer loop
      vertex 0.0493844170298 0.00782172325201 -0.002
      vertex 0.0493844170298 0.00782172325201 0.01575
      vertex 0.0486184960199 0.0116722681928 0.01575
    endloop
  endfacet
  facet normal 0 0 0
    outer loop
      vertex 0.0493844170298 0.00782172325201 -0.002
      vertex 0.0486184960199 0.0116722681928 0.01575
      vertex 0.0486184960199 0.0116722681928 -0.002
    endloop
  endfacet
  facet normal 0 0 0
    outer loop
      vertex 0.0493844170298 0.00782172325201 0.01575
      vertex 0.0493844170298 0.00782172325201 0.0335
      vertex 0.0486184960199 0.0116722681928 0.0335
    endloop
  endfacet
  facet normal 0 0 0
    outer loop
      vertex 0.0493844170298 0.00782172325201 0.01575
      vertex 0.0486184960199 0.0116722681928 0.0335
      vertex 0.0486184960199 0.0116722681928 0.01575
    endloop
  endfacet
  facet normal 0 0 0
    outer loop
      vertex 0.0493844170298 0.00782172325201 0.0335
      vertex 0.0493844170298 0.00782172325201 0.05125
      vertex 0.0486184960199 0.0116722681928 0.05125
    endloop
  endfacet
  facet normal 0 0 0
    outer loop
      vertex 0.0493844170298 0.00782172325201 0.0335
      vertex 0.0486184960199 0.0116722681928 0.05125
      vertex 0.0486184960199 0.0116722681928 0.0335
    endloop
  endfacet
  facet normal 0 0 0
    outer loop
      vertex 0.0493844170298 0.00782172325201 0.05125
      vertex 0.0493844170298 0.00782172325201 0.069
      vertex 0.0486184960199 0.0116722681928 0.069
    endloop
  endfacet
  facet normal 0 0 0
    outer loop
      vertex 0.0493844170298 0.00782172325201 0.05125
      vertex 0.0486184960199 0.0116722681928 0.069
      vertex 0.0486184960199 0.0116722681928 0.05125
    endloop
  endfacet
  facet normal 0 0 0
    outer loop
      vertex 0.0493844170298 0.00782172325201 0.069
      vertex 0.0493844170298 0.00782172325201 0.08675
      vertex 0.0486184960199 0.0116722681928 0.08675
    endloop
  endfacet
  facet normal 0 0 0
    outer loop
      vertex 0.0493844170298 0.00782172325201 0.069
      vertex 0.0486184960199 0.0116722681928 0.08675
      vertex 0.0486184960199 0.0116722681928 0.069
    endloop
  endfacet
  facet normal 0 0 0
    outer loop
      vertex 0.0493844170298 0.00782172325201 0.08675
      vertex 0.0493844170298 0.00782172325201 0.1045
      vertex 0.0486184960199 0.0116722681928 0.1045
    endloop
  endfacet
  facet normal 0 0 0
    outer loop
      vertex 0.0493844170298 0.00782172325201 0.08675
      vertex 0.0486184960199 0.0116722681928 0.1045
      vertex 0.0486184960199 0.0116722681928 0.08675
    endloop
  endfacet
  facet normal 0 0 0
    outer loop
      vertex 0.0493844170298 0.00782172325201 0.1045
      vertex 0.0493844170298 0.00782172325201 0.12225
      vertex 0.0486184960199 0.0116722681928 0.12225
    endloop
  endfacet
  facet normal 0 0 0
    outer loop
      vertex 0.0493844170298 0.00782172325201 0.1045
      vertex 0.0486184960199 0.0116722681928 0.12225
      vertex 0.0486184960199 0.0116722681928 0.1045
    endloop
  endfacet
  facet normal 0 0 0
    outer loop
      vertex 0.0493844170298 0.00782172325201 0.12225
      vertex 0.0493844170298 0.00782172325201 0.14
      vertex 0.0486184960199 0.0116722681928 0.14
    endloop
  endfacet
  facet normal 0 0 0
    outer loop
      vertex 0.0493844170298 0.00782172325201 0.12225
      vertex 0.0486184960199 0.0116722681928 0.14
      vertex 0.0486184960199 0.0116722681928 0.12225
    endloop
  endfacet
  facet normal 0 0 0
    outer loop
      vertex 0.0486184960199 0.0116722681928 -0.002
      vertex 0.0486184960199 0.0116722681928 0.01575
      vertex 0.0475528258148 0.0154508497187 0.01575
    endloop
  endfacet
  facet normal 0 0 0
    outer loop
      vertex 0.0486184960199 0.0116722681928 -0.002
      vertex 0.0475528258148 0.0154508497187 0.01575
      vertex 0.0475528258148 0.0154508497187 -0.002
    endloop
  endfacet
  facet normal 0 0 0
    outer loop
      vertex 0.0486184960199 0.0116722681928 0.01575
      vertex 0.0486184960199 0.0116722681928 0.0335
      vertex 0.0475528258148 0.0154508497187 0.0335
    endloop
  endfacet
  facet normal 0 0 0
    outer loop
      vertex 0.0486184960199 0.0116722681928 0.01575
      vertex 0.0475528258148 0.0154508497187 0.0335
      vertex 0.0475528258148 0.0154508497187 0.01575
    endloop
  endfacet
  facet normal 0 0 0
    outer loop
      vertex 0.0486184960199 0.0116722681928 0.0335
      vertex 0.0486184960199 0.0116722681928 0.05125
      vertex 0.0475528258148 0.0154508497187 0.05125
    endloop
  endfacet
  facet normal 0 0 0
    outer loop
      vertex 0.0486184960199 0.0116722681928 0.0335
      vertex 0.0475528258148 0.0154508497187 0.05125
      vertex 0.0475528258148 0.0154508497187 0.0335
    endloop
  endfacet
  facet normal 0 0 0
    outer loop
      vertex 0.0486184960199 0.0116722681928 0.05125
      vertex 0.0486184960199 0.0116722681928 0.069
      vertex 0.0475528258148 0.0154508497187 0.069
    endloop
  endfacet
  facet normal 0 0 0
    outer loop
      vertex 0.0486184960199 0.0116722681928 0.05125
      vertex 0.0475528258148 0.0154508497187 0.069
      vertex 0.0475528258148 0.0154508497187 0.05125
    endloop
  endfacet
  facet normal 0 0 0
    outer loop
      vertex 0.0486184960199 0.0116722681928 0.069
      vertex 0.0486184960199 0.0116722681928 0.08675
      vertex 0.0475528258148 0.0154508497187 0.08675
    endloop
  endfacet
  facet normal 0 0 0
    outer loop
      vertex 0.0486184960199 0.0116722681928 0.069
      vertex 0.0475528258148 0.0154508497187 0.08675
      vertex 0.0475528258148 0.0154508497187 0.069
    endloop
  endfacet
  facet normal 0 0 0
    outer loop
      vertex 0.0486184960199 0.0116722681928 0.08675
      vertex 0.0486184960199 0.0116722681928 0.1045
      vertex 0.0475528258148 0.0154508497187 0.1045
    endloop
  endfacet
  facet normal 0 0 0
    outer loop
      vertex 0.0486184960199 0.0116722681928 0.08675
      vertex 0.0475528258148 0.0154508497187 0.1045
      vertex 0.0475528258148 0.0154508497187 0.08675
    endloop
  endfacet
  facet normal 0 0 0
    outer loop
      vertex 0.0486184960199 0.0116722681928 0.1045
      vertex 0.0486184960199 0.0116722681928 0.12225
      vertex 0.0475528258148 0.0154508497187 0.12225
    endloop
  endfacet
  facet normal 0 0 0
    outer loop
      vertex 0.0486184960199 0.0116722681928 0.1045
      vertex 0.0475528258148 0.0154508497187 0.12225
      vertex 0.0475528258148 0.0154508497187 0.1045
    endloop
  endfacet
  facet normal 0 0 0
    outer loop
      vertex 0.0486184960199 0.0116722681928 0.12225
      vertex 0.0486184960199 0.0116722681928 0.14
      vertex 0.0475528258148 0.0154508497187 0.14
    endloop
  endfacet
  facet normal 0 0 0
    outer loop
      vertex 0.0486184960199 0.0116722681928 0.12225
      vertex 0.0475528258148 0.0154508497187 0.14
      vertex 0.0475528258148 0.0154508497187 0.12225
    endloop
  endfacet
  facet normal 0 0 0
    outer loop
      vertex 0.0475528258148 0.0154508497187 -0.002
      vertex 0.0475528258148 0.0154508497187 0.01575
      vertex 0.0461939766256 0.0191341716183 0.01575
    endloop
  endfacet
  facet normal 0 0 0
    outer loop
      vertex 0.0475528258148 0.0154508497187 -0.002
      vertex 0.0461939766256 0.0191341716183 0.01575
      vertex 0.0461939766256 0.0191341716183 -0.002
    endloop
  endfacet
  facet normal 0 0 0
    outer loop
      vertex 0.0475528258148 0.0154508497187 0.01575
      vertex 0.0475528258148 0.0154508497187 0.0335
      vertex 0.0461939766256 0.0191341716183 0.0335
    endloop
  endfacet
  facet normal 0 0 0
    outer loop
      vertex 0.0475528258148 0.0154508497187 0.01575
      vertex 0.0461939766256 0.0191341716183 0.0335
      vertex 0.0461939766256 0.0191341716183 0.01575
    endloop
  endfacet
  facet normal 0 0 0
    outer loop
      vertex 0.0475528258148 0.0154508497187 0.0335
      vertex 0.0475528258148 0.0154508497187 0.05125
      vertex 0.0461939766256 0.0191341716183 0.05125
    endloop
  endfacet
  facet normal 0 0 0
    outer loop
      vertex 0.0475528258148 0.0154508497187 0.0335
      vertex 0.0461939766256 0.0191341716183 0.05125
      vertex 0.0461939766256 0.0191341716183 0.0335
    endloop
  endfacet
  facet normal 0 0 0
    outer loop
      vertex 0.0475528258148 0.0154508497187 0.05125
      vertex 0.0475528258148 0.0154508497187 0.069
      vertex 0.0461939766256 0.0191341716183 0.069
    endloop
  endfacet
  facet normal 0 0 0
    outer loop
      vertex 0.0475528258148 0.0154508497187 0.05125
      vertex 0.0461939766256 0.0191341716183 0.069
      vertex 0.0461939766256 0.0191341716183 0.05125
    endloop
  endfacet
  facet normal 0 0 0
    outer loop
      vertex 0.0475528258148 0.0154508497187 0.069
      vertex 0.0475528258148 0.0154508497187 0.08675
      vertex 0.0461939766256 0.0191341716183 0.08675
    endloop
  endfacet
  facet normal 0 0 0
    outer loop
      vertex 0.0475528258148 0.0154508497187 0.069
      vertex 0.0461939766256 0.0191341716183 0.08675
      vertex 0.0461939766256 0.0191341716183 0.069
    endloop
  endfacet
  facet normal 0 0 0
    outer loop
      vertex 0.0475528258148 0.0154508497187 0.08675
      vertex 0.0475528258148 0.0154508497187 0.1045
      vertex 0.0461939766256 0.0191341716183 0.1045
    endloop
  endfacet
  facet normal 0 0 0
    outer loop
      vertex 0.0475528258148 0.0154508497187 0.08675
      vertex 0.0461939766256 0.0191341716183 0.1045
      vertex 0.0461939766256 0.0191341716183 0.08675
    endloop
  endfacet
  facet normal 0 0 0
    outer loop
      vertex 0.0475528258148 0.0154508497187 0.1045
      vertex 0.0475528258148 0.0154508497187 0.12225
      vertex 0.0461939766256 0.0191341716183 0.12225
    endloop
  endfacet
  facet normal 0 0 0
    outer loop
      vertex 0.0475528258148 0.0154508497187 0.1045
      vertex 0.0461939766256 0.0191341716183 0.12225
      vertex 0.0461939766256 0.0191341716183 0.1045
    endloop
  endfacet
  facet normal 0 0 0
    outer loop
      vertex 0.0475528258148 0.0154508497187 0.12225
      vertex 0.0475528258148 0.0154508497187 0.14
      vertex 0.0461939766256 0.0191341716183 0.14
    endloop
  endfacet
  facet normal 0 0 0
    outer loop
      vertex 0.0475528258148 0.0154508497187 0.12225
      vertex 0.0461939766256 0.0191341716183 0.14
      vertex 0.0461939766256 0.0191341716183 0.12225
    endloop
  endfacet
  facet normal 0 0 0
    outer loop
      vertex 0.0461939766256 0.0191341716183 -0.002
      vertex 0.0461939766256 0.0191341716183 0.01575
      vertex 0.0445503262094 0.022699524987 0.01575
    endloop
  endfacet
  facet normal 0 0 0
    outer loop
      vertex 0.0461939766256 0.0191341716183 -0.002
      vertex 0.0445503262094 0.022699524987 0.01575
      vertex 0.0445503262094 0.022699524987 -0.002
    endloop
  endfacet
  facet normal 0 0 0
    outer loop
      vertex 0.0461939766256 0.0191341716183 0.01575
      vertex 0.0461939766256 0.0191341716183 0.0335
      vertex 0.0445503262094 0.022699524987 0.0335
    endloop
  endfacet
  facet normal 0 0 0
    outer loop
      vertex 0.0461939766256 0.0191341716183 0.01575
      vertex 0.0445503262094 0.022699524987 0.0335
      vertex 0.0445503262094 0.022699524987 0.01575
    endloop
  endfacet
  facet normal 0 0 0
    outer loop
      vertex 0.0461939766256 0.0191341716183 0.0335
      vertex 0.0461939766256 0.0191341716183 0.05125
      vertex 0.0445503262094 0.022699524987 0.05125
    endloop
  endfacet
  facet normal 0 0 0
    outer loop
      vertex 0.0461939766256 0.0191341716183 0.0335
      vertex 0.0445503262094 0.022699524987 0.05125
      vertex 0.0445503262094 0.022699524987 0.0335
    endloop
  endfacet
  facet normal 0 0 0
    outer loop
      vertex 0.0461939766256 0.0191341716183 0.05125
      vertex 0.0461939766256 0.0191341716183 0.069
      vertex 0.0445503262094 0.022699524987 0.069
    endloop
  endfacet
  facet normal 0 0 0
    outer loop
      vertex 0.0461939766256 0.0191341716183 0.05125
      vertex 0.0445503262094 0.022699524987 0.069
      vertex 0.0445503262094 0.022699524987 0.05125
    endloop
  endfacet
  facet normal 0 0 0
    outer loop
      vertex 0.0461939766256 0.0191341716183 0.069
      vertex 0.0461939766256 0.0191341716183 0.08675
      vertex 0.0445503262094 0.022699524987 0.08675
    endloop
  endfacet
  facet normal 0 0 0
    outer loop
      vertex 0.0461939766256 0.0191341716183 0.069
      vertex 0.0445503262094 0.022699524987 0.08675
      vertex 0.0445503262094 0.022699524987 0.069
    endloop
  endfacet
  facet normal 0 0 0
    outer loop
      vertex 0.0461939766256 0.0191341716183 0.08675
      vertex 0.0461939766256 0.0191341716183 0.1045
      vertex 0.0445503262094 0.022699524987 0.1045
    endloop
  endfacet
  facet normal 0 0 0
    outer loop
      vertex 0.0461939766256 0.0191341716183 0.08675
      vertex 0.0445503262094 0.022699524987 0.1045
      vertex 0.0445503262094 0.022699524987 0.08675
    endloop
  endfacet
  facet normal 0 0 0
    outer loop
      vertex 0.0461939766256 0.0191341716183 0.1045
      vertex 0.0461939766256 0.0191341716183 0.12225
      vertex 0.0445503262094 0.022699524987 0.12225
    endloop
  endfacet
  facet normal 0 0 0
    outer loop
      vertex 0.0461939766256 0.0191341716183 0.1045
      vertex 0.0445503262094 0.022699524987 0.12225
      vertex 0.0445503262094 0.022699524987 0.1045
    endloop
  endfacet
  facet normal 0 0 0
    outer loop
      vertex 0.0461939766256 0.0191341716183 0.12225
      vertex 0.0461939766256 0.0191341716183 0.14
      vertex 0.0445503262094 0.022699524987 0.14
    endloop
  endfacet
  facet normal 0 0 0
    outer loop
      vertex 0.0461939766256 0.0191341716183 0.12225
      vertex 0.0445503262094 0.022699524987 0.14
      vertex 0.0445503262094 0.022699524987 0.12225
    endloop
  endfacet
  facet normal 0 0 0
    outer loop
      vertex 0.0445503262094 0.022699524987 -0.002
      vertex 0.0445503262094 0.022699524987 0.01575
      vertex 0.0426320082177 0.0261249282358 0.01575
    endloop
  endfacet
  facet normal 0 0 0
    outer loop
      vertex 0.0445503262094 0.022699524987 -0.002
      vertex 0.0426320082177 0.0261249282358 0.01575
      vertex 0.0426320082177 0.0261249282358 -0.002
    endloop
  endfacet
  facet normal 0 0 0
    outer loop
      vertex 0.0445503262094 0.022699524987 0.01575
      vertex 0.0445503262094 0.022699524987 0.0335
      vertex 0.0426320082177 0.0261249282358 0.0335
    endloop
  endfacet
  facet normal 0 0 0
    outer loop
      vertex 0.0445503262094 0.022699524987 0.01575
      vertex 0.0426320082177 0.0261249282358 0.0335
      vertex 0.0426320082177 0.0261249282358 0.01575
    endloop
  endfacet
  facet normal 0 0 0
    outer loop
      vertex 0.0445503262094 0.022699524987 0.0335
      vertex 0.0445503262094 0.022699524987 0.05125
      vertex 0.0426320082177 0.0261249282358 0.05125
    endloop
  endfacet
  facet normal 0 0 0
    outer loop
      vertex 0.0445503262094 0.022699524987 0.0335
      vertex 0.0426320082177 0.0261249282358 0.05125
      vertex 0.0426320082177 0.0261249282358 0.0335
    endloop
  endfacet
  facet normal 0 0 0
    outer loop
      vertex 0.0445503262094 0.022699524987 0.05125
      vertex 0.0445503262094 0.022699524987 0.069
      vertex 0.0426320082177 0.0261249282358 0.069
    endloop
  endfacet
  facet normal 0 0 0
    outer loop
      vertex 0.0445503262094 0.022699524987 0.05125
      vertex 0.0426320082177 0.0261249282358 0.069
      vertex 0.0426320082177 0.0261249282358 0.05125
    endloop
  endfacet
  facet normal 0 0 0
    outer loop
      vertex 0.0445503262094 0.022699524987 0.069
      vertex 0.0445503262094 0.022699524987 0.08675
      vertex 0.0426320082177 0.0261249282358 0.08675
    endloop
  endfacet
  facet normal 0 0 0
    outer loop
      vertex 0.0445503262094 0.022699524987 0.069
      vertex 0.0426320082177 0.0261249282358 0.08675
      vertex 0.0426320082177 0.0261249282358 0.069
    endloop
  endfacet
  facet normal 0 0 0
    outer loop
      vertex 0.0445503262094 0.022699524987 0.08675
      vertex 0.0445503262094 0.022699524987 0.1045
      vertex 0.0426320082177 0.0261249282358 0.1045
    endloop
  endfacet
  facet normal 0 0 0
    outer loop
      vertex 0.0445503262094 0.022699524987 0.08675
      vertex 0.0426320082177 0.0261249282358 0.1045
      vertex 0.0426320082177 0.0261249282358 0.08675
    endloop
  endfacet
  facet normal 0 0 0
    outer loop
      vertex 0.0445503262094 0.022699524987 0.1045
      vertex 0.0445503262094 0.022699524987 0.12225
      vertex 0.0426320082177 0.0261249282358 0.12225
    endloop
  endfacet
  facet normal 0 0 0
    outer loop
      vertex 0.0445503262094 0.022699524987 0.1045
      vertex 0.0426320082177 0.0261249282358 0.12225
      vertex 0.0426320082177 0.0261249282358 0.1045
    endloop
  endfacet
  facet normal 0 0 0
    outer loop
      vertex 0.0445503262094 0.022699524987 0.12225
      vertex 0.0445503262094 0.022699524987 0.14
      vertex 0.0426320082177 0.0261249282358 0.14
    endloop
  endfacet
  facet normal 0 0 0
    outer loop
      vertex 0.0445503262094 0.022699524987 0.12225
      vertex 0.0426320082177 0.0261249282358 0.14
      vertex 0.0426320082177 0.0261249282358 0.12225
    endloop
  endfacet
  facet normal 0 0 0
    outer loop
      vertex 0.0426320082177 0.0261249282358 -0.002
      vertex 0.0426320082177 0.0261249282358 0.01575
      vertex 0.0404508497187 0.0293892626146 0.01575
    endloop
  endfacet
  facet normal 0 0 0
    outer loop
      vertex 0.0426320082177 0.0261249282358 -0.002
      vertex 0.0404508497187 0.0293892626146 0.01575
      vertex 0.0404508497187 0.0293892626146 -0.002
    endloop
  endfacet
  facet normal 0 0 0
    outer loop
      vertex 0.0426320082177 0.0261249282358 0.01575
      vertex 0.0426320082177 0.0261249282358 0.0335
      vertex 0.0404508497187 0.0293892626146 0.0335
    endloop
  endfacet
  facet normal 0 0 0
    outer loop
      vertex 0.0426320082177 0.0261249282358 0.01575
      vertex 0.0404508497187 0.0293892626146 0.0335
      vertex 0.0404508497187 0.0293892626146 0.01575
    endloop
  endfacet
  facet normal 0 0 0
    outer loop
      vertex 0.0426320082177 0.0261249282358 0.0335
      vertex 0.0426320082177 0.0261249282358 0.05125
      vertex 0.0404508497187 0.0293892626146 0.05125
    endloop
  endfacet
  facet normal 0 0 0
    outer loop
      vertex 0.0426320082177 0.0261249282358 0.0335
      vertex 0.0404508497187 0.0293892626146 0.05125
      vertex 0.0404508497187 0.0293892626146 0.0335
    endloop
  endfacet
  facet normal 0 0 0
    outer loop
      vertex 0.0426320082177 0.0261249282358 0.05125
      vertex 0.0426320082177 0.0261249282358 0.069
      vertex 0.0404508497187 0.0293892626146 0.069
    endloop
  endfacet
  facet normal 0 0 0
    outer loop
      vertex 0.0426320082177 0.0261249282358 0.05125
      vertex 0.0404508497187 0.0293892626146 0.069
      vertex 0.0404508497187 0.0293892626146 0.05125
    endloop
  endfacet
  facet normal 0 0 0
    outer loop
      vertex 0.0426320082177 0.0261249282358 0.069
      vertex 0.0426320082177 0.0261249282358 0.08675
      vertex 0.0404508497187 0.0293892626146 0.08675
    endloop
  endfacet
  facet normal 0 0 0
    outer loop
      vertex 0.0426320082177 0.0261249282358 0.069
      vertex 0.0404508497187 0.0293892626146 0.08675
      vertex 0.0404508497187 0.0293892626146 0.069
    endloop
  endfacet
  facet normal 0 0 0
    outer loop
      vertex 0.0426320082177 0.0261249282358 0.08675
      vertex 0.0426320082177 0.0261249282358 0.1045
      vertex 0.0404508497187 0.0293892626146 0.1045
    endloop
  endfacet
  facet normal 0 0 0
    outer loop
      vertex 0.0426320082177 0.0261249282358 0.08675
      vertex 0.0404508497187 0.0293892626146 0.1045
      vertex 0.0404508497187 0.0293892626146 0.08675
    endloop
  endfacet
  facet normal 0 0 0
    outer loop
      vertex 0.0426320082177 0.0261249282358 0.1045
      vertex 0.0426320082177 0.0261249282358 0.12225
      vertex 0.0404508497187 0.0293892626146 0.12225
    endloop
  endfacet
  facet normal 0 0 0
    outer loop
      vertex 0.0426320082177 0.0261249282358 0.1045
      vertex 0.0404508497187 0.0293892626146 0.12225
      vertex 0.0404508497187 0.0293892626146 0.1045
    endloop
  endfacet
  facet normal 0 0 0
    outer loop
      vertex 0.0426320082177 0.0261249282358 0.12225
      vertex 0.0426320082177 0.0261249282358 0.14
      vertex 0.0404508497187 0.0293892626146 0.14
    endloop
  endfacet
  facet normal 0 0 0
    outer loop
      vertex 0.0426320082177 0.0261249282358 0.12225
      vertex 0.0404508497187 0.0293892626146 0.14
      vertex 0.0404508497187 0.0293892626146 0.12225
    endloop
  endfacet
  facet normal 0 0 0
    outer loop
      vertex 0.0404508497187 0.0293892626146 -0.002
      vertex 0.0404508497187 0.0293892626146 0.01575
      vertex 0.03802029828 0.0324724024165 0.01575
    endloop
  endfacet
  facet normal 0 0 0
    outer loop
      vertex 0.0404508497187 0.0293892626146 -0.002
      vertex 0.03802029828 0.0324724024165 0.01575
      vertex 0.03802029828 0.0324724024165 -0.002
    endloop
  endfacet
  facet normal 0 0 0
    outer loop
      vertex 0.0404508497187 0.0293892626146 0.01575
      vertex 0.0404508497187 0.0293892626146 0.0335
      vertex 0.03802029828 0.0324724024165 0.0335
    endloop
  endfacet
  facet normal 0 0 0
    outer loop
      vertex 0.0404508497187 0.0293892626146 0.01575
      vertex 0.03802029828 0.0324724024165 0.0335
      vertex 0.03802029828 0.0324724024165 0.01575
    endloop
  endfacet
  facet normal 0 0 0
    outer loop
      vertex 0.0404508497187 0.0293892626146 0.0335
      vertex 0.0404508497187 0.0293892626146 0.05125
      vertex 0.03802029828 0.0324724024165 0.05125
    endloop
  endfacet
  facet normal 0 0 0
    outer loop
      vertex 0.0404508497187 0.0293892626146 0.0335
      vertex 0.03802029828 0.0324724024165 0.05125
      vertex 0.03802029828 0.0324724024165 0.0335
    endloop
  endfacet
  facet normal 0 0 0
    outer loop
      vertex 0.0404508497187 0.0293892626146 0.05125
      vertex 0.0404508497187 0.0293892626146 0.069
      vertex 0.03802029828 0.0324724024165 0.069
    endloop
  endfacet
  facet normal 0 0 0
    outer loop
      vertex 0.0404508497187 0.0293892626146 0.05125
      vertex 0.03802029828 0.0324724024165 0.069
      vertex 0.03802029828 0.0324724024165 0.05125
    endloop
  endfacet
  facet normal 0 0 0
    outer loop
      vertex 0.0404508497187 0.0293892626146 0.069
      vertex 0.0404508497187 0.0293892626146 0.08675
      vertex 0.03802029828 0.0324724024165 0.08675
    endloop
  endfacet
  facet normal 0 0 0
    outer loop
      vertex 0.0404508497187 0.0293892626146 0.069
      vertex 0.03802029828 0.0324724024165 0.08675
      vertex 0.03802029828 0.0324724024165 0.069
    endloop
  endfacet
  facet normal 0 0 0
    outer loop
      vertex 0.0404508497187 0.0293892626146 0.08675
      vertex 0.0404508497187 0.0293892626146 0.1045
      vertex 0.03802029828 0.0324724024165 0.1045
    endloop
  endfacet
  facet normal 0 0 0
    outer loop
      vertex 0.0404508497187 0.0293892626146 0.08675
      vertex 0.03802029828 0.0324724024165 0.1045
      vertex 0.03802029828 0.0324724024165 0.08675
    endloop
  endfacet
  facet normal 0 0 0
    outer loop
      vertex 0.0404508497187 0.0293892626146 0.1045
      vertex 0.0404508497187 0.0293892626146 0.12225
      vertex 0.03802029828 0.0324724024165 0.12225
    endloop
  endfacet
  facet normal 0 0 0
    outer loop
      vertex 0.0404508497187 0.0293892626146 0.1045
      vertex 0.03802029828 0.0324724024165 0.12225
      vertex 0.03802029828 0.0324724024165 0.1045
    endloop
  endfacet
  facet normal 0 0 0
    outer loop
      vertex 0.0404508497187 0.0293892626146 0.12225
      vertex 0.0404508497187 0.0293892626146 0.14
      vertex 0.03802029828 0.0324724024165 0.14
    endloop
  endfacet
  facet normal 0 0 0
    outer loop
      vertex 0.0404508497187 0.0293892626146 0.12225
      vertex 0.03802029828 0.0324724024165 0.14
      vertex 0.03802029828 0.0324724024165 0.12225
    endloop
  endfacet
  facet normal 0 0 0
    outer loop
      vertex 0.03802029828 0.0324724024165 -0.002
      vertex 0.03802029828 0.0324724024165 0.01575
      vertex 0.0353553390593 0.0353553390593 0.01575
    endloop
  endfacet
  facet normal 0 0 0
    outer loop
      vertex 0.03802029828 0.0324724024165 -0.002
      vertex 0.0353553390593 0.0353553390593 0.01575
      vertex 0.0353553390593 0.0353553390593 -0.002
    endloop
  endfacet
  facet normal 0 0 0
    outer loop
      vertex 0.03802029828 0.0324724024165 0.01575
      vertex 0.03802029828 0.0324724024165 0.0335
      vertex 0.0353553390593 0.0353553390593 0.0335
    endloop
  endfacet
  facet normal 0 0 0
    outer loop
      vertex 0.03802029828 0.0324724024165 0.01575
      vertex 0.0353553390593 0.0353553390593 0.0335
      vertex 0.0353553390593 0.0353553390593 0.01575
    endloop
  endfacet
  facet normal 0 0 0
    outer loop
      vertex 0.03802029828 0.0324724024165 0.0335
      vertex 0.03802029828 0.0324724024165 0.05125
      vertex 0.0353553390593 0.0353553390593 0.05125
    endloop
  endfacet
  facet normal 0 0 0
    outer loop
      vertex 0.03802029828 0.0324724024165 0.0335
      vertex 0.0353553390593 0.0353553390593 0.05125
      vertex 0.0353553390593 0.0353553390593 0.0335
    endloop
  endfacet
  facet normal 0 0 0
    outer loop
      vertex 0.03802029828 0.0324724024165 0.05125
      vertex 0.03802029828 0.0324724024165 0.069
      vertex 0.0353553390593 0.0353553390593 0.069
    endloop
  endfacet
  facet normal 0 0 0
    outer loop
      vertex 0.03802029828 0.0324724024165 0.05125
      vertex 0.0353553390593 0.0353553390593 0.069
      vertex 0.0353553390593 0.0353553390593 0.05125
    endloop
  endfacet
  facet normal 0 0 0
    outer loop
      vertex 0.03802029828 0.0324724024165 0.069
      vertex 0.03802029828 0.0324724024165 0.08675
      vertex 0.0353553390593 0.0353553390593 0.08675
    endloop
  endfacet
  facet normal 0 0 0
    outer loop
      vertex 0.03802029828 0.0324724024165 0.069
      vertex 0.0353553390593 0.0353553390593 0.08675
      vertex 0.0353553390593 0.0353553390593 0.069
    endloop
  endfacet
  facet normal 0 0 0
    outer loop
      vertex 0.03802029828 0.0324724024165 0.08675
      vertex 0.03802029828 0.0324724024165 0.1045
      vertex 0.0353553390593 0.0353553390593 0.1045
    endloop
  endfacet
  facet normal 0 0 0
    outer loop
      vertex 0.03802029828 0.0324724024165 0.08675
      vertex 0.0353553390593 0.0353553390593 0.1045
      vertex 0.0353553390593 0.0353553390593 0.08675
    endloop
  endfacet
  facet normal 0 0 0
    outer loop
      vertex 0.03802029828 0.0324724024165 0.1045
      vertex 0.03802029828 0.0324724024165 0.12225
      vertex 0.0353553390593 0.0353553390593 0.12225
    endloop
  endfacet
  facet normal 0 0 0
    outer loop
      vertex 0.03802029828 0.0324724024165 0.1045
      vertex 0.0353553390593 0.0353553390593 0.12225
      vertex 0.0353553390593 0.0353553390593 0.1045
    endloop
  endfacet
  facet normal 0 0 0
    outer loop
      vertex 0.03802029828 0.0324724024165 0.12225
      vertex 0.03802029828 0.0324724024165 0.14
      vertex 0.0353553390593 0.0353553390593 0.14
    endloop
  endfacet
  facet normal 0 0 0
    outer loop
      vertex 0.03802029828 0.0324724024165 0.12225
      vertex 0.0353553390593 0.0353553390593 0.14
      vertex 0.0353553390593 0.0353553390593 0.12225
    endloop
  endfacet
  facet normal 0 0 0
    outer loop
      vertex 0.0353553390593 0.0353553390593 -0.002
      vertex 0.0353553390593 0.0353553390593 0.01575
      vertex 0.0324724024165 0.03802029828 0.01575
    endloop
  endfacet
  facet normal 0 0 0
    outer loop
      vertex 0.0353553390593 0.0353553390593 -0.002
      vertex 0.0324724024165 0.03802029828 0.01575
      vertex 0.0324724024165 0.03802029828 -0.002
    endloop
  endfacet
  facet normal 0 0 0
    outer loop
      vertex 0.0353553390593 0.0353553390593 0.01575
      vertex 0.0353553390593 0.0353553390593 0.0335
      vertex 0.0324724024165 0.03802029828 0.0335
    endloop
  endfacet
  facet normal 0 0 0
    outer loop
      vertex 0.0353553390593 0.0353553390593 0.01575
      vertex 0.0324724024165 0.03802029828 0.0335
      vertex 0.0324724024165 0.03802029828 0.01575
    endloop
  endfacet
  facet normal 0 0 0
    outer loop
      vertex 0.0353553390593 0.0353553390593 0.0335
      vertex 0.0353553390593 0.0353553390593 0.05125
      vertex 0.0324724024165 0.03802029828 0.05125
    endloop
  endfacet
  facet normal 0 0 0
    outer loop
      vertex 0.0353553390593 0.0353553390593 0.0335
      vertex 0.0324724024165 0.03802029828 0.05125
      vertex 0.0324724024165 0.03802029828 0.0335
    endloop
  endfacet
  facet normal 0 0 0
    outer loop
      vertex 0.0353553390593 0.0353553390593 0.05125
      vertex 0.0353553390593 0.0353553390593 0.069
      vertex 0.0324724024165 0.03802029828 0.069
    endloop
  endfacet
  facet normal 0 0 0
    outer loop
      vertex 0.0353553390593 0.0353553390593 0.05125
      vertex 0.0324724024165 0.03802029828 0.069
      vertex 0.0324724024165 0.03802029828 0.05125
    endloop
  endfacet
  facet normal 0 0 0
    outer loop
      vertex 0.0353553390593 0.0353553390593 0.069
      vertex 0.0353553390593 0.0353553390593 0.08675
      vertex 0.0324724024165 0.03802029828 0.08675
    endloop
  endfacet
  facet normal 0 0 0
    outer loop
      vertex 0.0353553390593 0.0353553390593 0.069
      vertex 0.0324724024165 0.03802029828 0.08675
      vertex 0.0324724024165 0.03802029828 0.069
    endloop
  endfacet
  facet normal 0 0 0
    outer loop
      vertex 0.0353553390593 0.0353553390593 0.08675
      vertex 0.0353553390593 0.0353553390593 0.1045
      vertex 0.0324724024165 0.03802029828 0.1045
    endloop
  endfacet
  facet normal 0 0 0
    outer loop
      vertex 0.0353553390593 0.0353553390593 0.08675
      vertex 0.0324724024165 0.03802029828 0.1045
      vertex 0.0324724024165 0.03802029828 0.08675
    endloop
  endfacet
  facet normal 0 0 0
    outer loop
      vertex 0.0353553390593 0.0353553390593 0.1045
      vertex 0.0353553390593 0.0353553390593 0.12225
      vertex 0.0324724024165 0.03802029828 0.12225
    endloop
  endfacet
  facet normal 0 0 0
    outer loop
      vertex 0.0353553390593 0.0353553390593 0.1045
      vertex 0.0324724024165 0.03802029828 0.12225
      vertex 0.0324724024165 0.03802029828 0.1045
    endloop
  endfacet
  facet normal 0 0 0
    outer loop
      vertex 0.0353553390593 0.0353553390593 0.12225
      vertex 0.0353553390593 0.0353553390593 0.14
      vertex 0.0324724024165 0.03802029828 0.14
    endloop
  endfacet
  facet normal 0 0 0
    outer loop
      vertex 0.0353553390593 0.0353553390593 0.12225
      vertex 0.0324724024165 0.03802029828 0.14
      vertex 0.0324724024165 0.03802029828 0.12225
    endloop
  endfacet
  facet normal 0 0 0
    outer loop
      vertex 0.0324724024165 0.03802029828 -0.002
      vertex 0.0324724024165 0.03802029828 0.01575
      vertex 0.0293892626146 0.0404508497187 0.01575
    endloop
  endfacet
  facet normal 0 0 0
    outer loop
      vertex 0.0324724024165 0.03802029828 -0.002
      vertex 0.0293892626146 0.0404508497187 0.01575
      vertex 0.0293892626146 0.0404508497187 -0.002
    endloop
  endfacet
  facet normal 0 0 0
    outer loop
      vertex 0.0324724024165 0.03802029828 0.01575
      vertex 0.0324724024165 0.03802029828 0.0335
      vertex 0.0293892626146 0.0404508497187 0.0335
    endloop
  endfacet
  facet normal 0 0 0
    outer loop
      vertex 0.0324724024165 0.03802029828 0.01575
      vertex 0.0293892626146 0.0404508497187 0.0335
      vertex 0.0293892626146 0.0404508497187 0.01575
    endloop
  endfacet
  facet normal 0 0 0
    outer loop
      vertex 0.0324724024165 0.03802029828 0.0335
      vertex 0.0324724024165 0.03802029828 0.05125
      vertex 0.0293892626146 0.0404508497187 0.05125
    endloop
  endfacet
  facet normal 0 0 0
    outer loop
      vertex 0.0324724024165 0.03802029828 0.0335
      vertex 0.0293892626146 0.0404508497187 0.05125
      vertex 0.0293892626146 0.0404508497187 0.0335
    endloop
  endfacet
  facet normal 0 0 0
    outer loop
      vertex 0.0324724024165 0.03802029828 0.05125
      vertex 0.0324724024165 0.03802029828 0.069
      vertex 0.0293892626146 0.0404508497187 0.069
    endloop
  endfacet
  facet normal 0 0 0
    outer loop
      vertex 0.0324724024165 0.03802029828 0.05125
      vertex 0.0293892626146 0.0404508497187 0.069
      vertex 0.0293892626146 0.0404508497187 0.05125
    endloop
  endfacet
  facet normal 0 0 0
    outer loop
      vertex 0.0324724024165 0.03802029828 0.069
      vertex 0.0324724024165 0.03802029828 0.08675
      vertex 0.0293892626146 0.0404508497187 0.08675
    endloop
  endfacet
  facet normal 0 0 0
    outer loop
      vertex 0.0324724024165 0.03802029828 0.069
      vertex 0.0293892626146 0.0404508497187 0.08675
      vertex 0.0293892626146 0.0404508497187 0.069
    endloop
  endfacet
  facet normal 0 0 0
    outer loop
      vertex 0.0324724024165 0.03802029828 0.08675
      vertex 0.0324724024165 0.03802029828 0.1045
      vertex 0.0293892626146 0.0404508497187 0.1045
    endloop
  endfacet
  facet normal 0 0 0
    outer loop
      vertex 0.0324724024165 0.03802029828 0.08675
      vertex 0.0293892626146 0.0404508497187 0.1045
      vertex 0.0293892626146 0.0404508497187 0.08675
    endloop
  endfacet
  facet normal 0 0 0
    outer loop
      vertex 0.0324724024165 0.03802029828 0.1045
      vertex 0.0324724024165 0.03802029828 0.12225
      vertex 0.0293892626146 0.0404508497187 0.12225
    endloop
  endfacet
  facet normal 0 0 0
    outer loop
      vertex 0.0324724024165 0.03802029828 0.1045
      vertex 0.0293892626146 0.0404508497187 0.12225
      vertex 0.0293892626146 0.0404508497187 0.1045
    endloop
  endfacet
  facet normal 0 0 0
    outer loop
      vertex 0.0324724024165 0.03802029828 0.12225
      vertex 0.0324724024165 0.03802029828 0.14
      vertex 0.0293892626146 0.0404508497187 0.14
    endloop
  endfacet
  facet normal 0 0 0
    outer loop
      vertex 0.0324724024165 0.03802029828 0.12225
      vertex 0.0293892626146 0.0404508497187 0.14
      vertex 0.0293892626146 0.0404508497187 0.12225
    endloop
  endfacet
  facet normal 0 0 0
    outer loop
      vertex 0.0293892626146 0.0404508497187 -0.002
      vertex 0.0293892626146 0.0404508497187 0.01575
      vertex 0.0261249282358 0.0426320082177 0.01575
    endloop
  endfacet
  facet normal 0 0 0
    outer loop
      vertex 0.0293892626146 0.0404508497187 -0.002
      vertex 0.0261249282358 0.0426320082177 0.01575
      vertex 0.0261249282358 0.0426320082177 -0.002
    endloop
  endfacet
  facet normal 0 0 0
    outer loop
      vertex 0.0293892626146 0.0404508497187 0.01575
      vertex 0.0293892626146 0.0404508497187 0.0335
      vertex 0.0261249282358 0.0426320082177 0.0335
    endloop
  endfacet
  facet normal 0 0 0
    outer loop
      vertex 0.0293892626146 0.0404508497187 0.01575
      vertex 0.0261249282358 0.0426320082177 0.0335
      vertex 0.0261249282358 0.0426320082177 0.01575
    endloop
  endfacet
  facet normal 0 0 0
    outer loop
      vertex 0.0293892626146 0.0404508497187 0.0335
      vertex 0.0293892626146 0.0404508497187 0.05125
      vertex 0.0261249282358 0.0426320082177 0.05125
    endloop
  endfacet
  facet normal 0 0 0
    outer loop
      vertex 0.0293892626146 0.0404508497187 0.0335
      vertex 0.0261249282358 0.0426320082177 0.05125
      vertex 0.0261249282358 0.0426320082177 0.0335
    endloop
  endfacet
  facet normal 0 0 0
    outer loop
      vertex 0.0293892626146 0.0404508497187 0.05125
      vertex 0.0293892626146 0.0404508497187 0.069
      vertex 0.0261249282358 0.0426320082177 0.069
    endloop
  endfacet
  facet normal 0 0 0
    outer loop
      vertex 0.0293892626146 0.0404508497187 0.05125
      vertex 0.0261249282358 0.0426320082177 0.069
      vertex 0.0261249282358 0.0426320082177 0.05125
    endloop
  endfacet
  facet normal 0 0 0
    outer loop
      vertex 0.0293892626146 0.0404508497187 0.069
      vertex 0.0293892626146 0.0404508497187 0.08675
      vertex 0.0261249282358 0.0426320082177 0.08675
    endloop
  endfacet
  facet normal 0 0 0
    outer loop
      vertex 0.0293892626146 0.0404508497187 0.069
      vertex 0.0261249282358 0.0426320082177 0.08675
      vertex 0.0261249282358 0.0426320082177 0.069
    endloop
  endfacet
  facet normal 0 0 0
    outer loop
      vertex 0.0293892626146 0.0404508497187 0.08675
      vertex 0.0293892626146 0.0404508497187 0.1045
      vertex 0.0261249282358 0.0426320082177 0.1045
    endloop
  endfacet
  facet normal 0 0 0
    outer loop
      vertex 0.0293892626146 0.0404508497187 0.08675
      vertex 0.0261249282358 0.0426320082177 0.1045
      vertex 0.0261249282358 0.0426320082177 0.08675
    endloop
  endfacet
  facet normal 0 0 0
    outer loop
      vertex 0.0293892626146 0.0404508497187 0.1045
      vertex 0.0293892626146 0.0404508497187 0.12225
      vertex 0.0261249282358 0.0426320082177 0.12225
    endloop
  endfacet
  facet normal 0 0 0
    outer loop
      vertex 0.0293892626146 0.0404508497187 0.1045
      vertex 0.0261249282358 0.0426320082177 0.12225
      vertex 0.0261249282358 0.0426320082177 0.1045
    endloop
  endfacet
  facet normal 0 0 0
    outer loop
      vertex 0.0293892626146 0.0404508497187 0.12225
      vertex 0.0293892626146 0.0404508497187 0.14
      vertex 0.0261249282358 0.0426320082177 0.14
    endloop
  endfacet
  facet normal 0 0 0
    outer loop
      vertex 0.0293892626146 0.0404508497187 0.12225
      vertex 0.0261249282358 0.0426320082177 0.14
      vertex 0.0261249282358 0.0426320082177 0.12225
    endloop
  endfacet
  facet normal 0 0 0
    outer loop
      vertex 0.0261249282358 0.0426320082177 -0.002
      vertex 0.0261249282358 0.0426320082177 0.01575
      vertex 0.022699524987 0.0445503262094 0.01575
    endloop
  endfacet
  facet normal 0 0 0
    outer loop
      vertex 0.0261249282358 0.0426320082177 -0.002
      vertex 0.022699524987 0.0445503262094 0.01575
      vertex 0.022699524987 0.0445503262094 -0.002
    endloop
  endfacet
  facet normal 0 0 0
    outer loop
      vertex 0.0261249282358 0.0426320082177 0.01575
      vertex 0.0261249282358 0.0426320082177 0.0335
      vertex 0.022699524987 0.0445503262094 0.0335
    endloop
  endfacet
  facet normal 0 0 0
    outer loop
      vertex 0.0261249282358 0.0426320082177 0.01575
      vertex 0.022699524987 0.0445503262094 0.0335
      vertex 0.022699524987 0.0445503262094 0.01575
    endloop
  endfacet
  facet normal 0 0 0
    outer loop
      vertex 0.0261249282358 0.0426320082177 0.0335
      vertex 0.0261249282358 0.0426320082177 0.05125
      vertex 0.022699524987 0.0445503262094 0.05125
    endloop
  endfacet
  facet normal 0 0 0
    outer loop
      vertex 0.0261249282358 0.0426320082177 0.0335
      vertex 0.022699524987 0.0445503262094 0.05125
      vertex 0.022699524987 0.0445503262094 0.0335
    endloop
  endfacet
  facet normal 0 0 0
    outer loop
      vertex 0.0261249282358 0.0426320082177 0.05125
      vertex 0.0261249282358 0.0426320082177 0.069
      vertex 0.022699524987 0.0445503262094 0.069
    endloop
  endfacet
  facet normal 0 0 0
    outer loop
      vertex 0.0261249282358 0.0426320082177 0.05125
      vertex 0.022699524987 0.0445503262094 0.069
      vertex 0.022699524987 0.0445503262094 0.05125
    endloop
  endfacet
  facet normal 0 0 0
    outer loop
      vertex 0.0261249282358 0.0426320082177 0.069
      vertex 0.0261249282358 0.0426320082177 0.08675
      vertex 0.022699524987 0.0445503262094 0.08675
    endloop
  endfacet
  facet normal 0 0 0
    outer loop
      vertex 0.0261249282358 0.0426320082177 0.069
      vertex 0.022699524987 0.0445503262094 0.08675
      vertex 0.022699524987 0.0445503262094 0.069
    endloop
  endfacet
  facet normal 0 0 0
    outer loop
      vertex 0.0261249282358 0.0426320082177 0.08675
      vertex 0.0261249282358 0.0426320082177 0.1045
      vertex 0.022699524987 0.0445503262094 0.1045
    endloop
  endfacet
  facet normal 0 0 0
    outer loop
      vertex 0.0261249282358 0.0426320082177 0.08675
      vertex 0.022699524987 0.0445503262094 0.1045
      vertex 0.022699524987 0.0445503262094 0.08675
    endloop
  endfacet
  facet normal 0 0 0
    outer loop
      vertex 0.0261249282358 0.0426320082177 0.1045
      vertex 0.0261249282358 0.0426320082177 0.12225
      vertex 0.022699524987 0.0445503262094 0.12225
    endloop
  endfacet
  facet normal 0 0 0
    outer loop
      vertex 0.0261249282358 0.0426320082177 0.1045
      vertex 0.022699524987 0.0445503262094 0.12225
      vertex 0.022699524987 0.0445503262094 0.1045
    endloop
  endfacet
  facet normal 0 0 0
    outer loop
      vertex 0.0261249282358 0.0426320082177 0.12225
      vertex 0.0261249282358 0.0426320082177 0.14
      vertex 0.022699524987 0.0445503262094 0.14
    endloop
  endfacet
  facet normal 0 0 0
    outer loop
      vertex 0.0261249282358 0.0426320082177 0.12225
      vertex 0.022699524987 0.0445503262094 0.14
      vertex 0.022699524987 0.0445503262094 0.12225
    endloop
  endfacet
  facet normal 0 0 0
    outer loop
      vertex 0.022699524987 0.0445503262094 -0.002
      vertex 0.022699524987 0.0445503262094 0.01575
      vertex 0.0191341716183 0.0461939766256 0.01575
    endloop
  endfacet
  facet normal 0 0 0
    outer loop
      vertex 0.022699524987 0.0445503262094 -0.002
      vertex 0.0191341716183 0.0461939766256 0.01575
      vertex 0.0191341716183 0.0461939766256 -0.002
    endloop
  endfacet
  facet normal 0 0 0
    outer loop
      vertex 0.022699524987 0.0445503262094 0.01575
      vertex 0.022699524987 0.0445503262094 0.0335
      vertex 0.0191341716183 0.0461939766256 0.0335
    endloop
  endfacet
  facet normal 0 0 0
    outer loop
      vertex 0.022699524987 0.0445503262094 0.01575
      vertex 0.0191341716183 0.0461939766256 0.0335
      vertex 0.0191341716183 0.0461939766256 0.01575
    endloop
  endfacet
  facet normal 0 0 0
    outer loop
      vertex 0.022699524987 0.0445503262094 0.0335
      vertex 0.022699524987 0.0445503262094 0.05125
      vertex 0.0191341716183 0.0461939766256 0.05125
    endloop
  endfacet
  facet normal 0 0 0
    outer loop
      vertex 0.022699524987 0.0445503262094 0.0335
      vertex 0.0191341716183 0.0461939766256 0.05125
      vertex 0.0191341716183 0.0461939766256 0.0335
    endloop
  endfacet
  facet normal 0 0 0
    outer loop
      vertex 0.022699524987 0.0445503262094 0.05125
      vertex 0.022699524987 0.0445503262094 0.069
      vertex 0.0191341716183 0.0461939766256 0.069
    endloop
  endfacet
  facet normal 0 0 0
    outer loop
      vertex 0.022699524987 0.0445503262094 0.05125
      vertex 0.0191341716183 0.0461939766256 0.069
      vertex 0.0191341716183 0.0461939766256 0.05125
    endloop
  endfacet
  facet normal 0 0 0
    outer loop
      vertex 0.022699524987 0.0445503262094 0.069
      vertex 0.022699524987 0.0445503262094 0.08675
      vertex 0.0191341716183 0.0461939766256 0.08675
    endloop
  endfacet
  facet normal 0 0 0
    outer loop
      vertex 0.022699524987 0.0445503262094 0.069
      vertex 0.0191341716183 0.0461939766256 0.08675
      vertex 0.0191341716183 0.0461939766256 0.069
    endloop
  endfacet
  facet normal 0 0 0
    outer loop
      vertex 0.022699524987 0.0445503262094 0.08675
      vertex 0.022699524987 0.0445503262094 0.1045
      vertex 0.0191341716183 0.0461939766256 0.1045
    endloop
  endfacet
  facet normal 0 0 0
    outer loop
      vertex 0.022699524987 0.0445503262094 0.08675
      vertex 0.0191341716183 0.0461939766256 0.1045
      vertex 0.0191341716183 0.0461939766256 0.08675
    endloop
  endfacet
  facet normal 0 0 0
    outer loop
      vertex 0.022699524987 0.0445503262094 0.1045
      vertex 0.022699524987 0.0445503262094 0.12225
      vertex 0.0191341716183 0.0461939766256 0.12225
    endloop
  endfacet
  facet normal 0 0 0
    outer loop
      vertex 0.022699524987 0.0445503262094 0.1045
      vertex 0.0191341716183 0.0461939766256 0.12225
      vertex 0.0191341716183 0.0461939766256 0.1045
    endloop
  endfacet
  facet normal 0 0 0
    outer loop
      vertex 0.022699524987 0.0445503262094 0.12225
      vertex 0.022699524987 0.0445503262094 0.14
      vertex 0.0191341716183 0.0461939766256 0.14
    endloop
  endfacet
  facet normal 0 0 0
    outer loop
      vertex 0.022699524987 0.0445503262094 0.12225
      vertex 0.0191341716183 0.0461939766256 0.14
      vertex 0.0191341716183 0.0461939766256 0.12225
    endloop
  endfacet
  facet normal 0 0 0
    outer loop
      vertex 0.0191341716183 0.0461939766256 -0.002
      vertex 0.0191341716183 0.0461939766256 0.01575
      vertex 0.0154508497187 0.0475528258148 0.01575
    endloop
  endfacet
  facet normal 0 0 0
    outer loop
      vertex 0.0191341716183 0.0461939766256 -0.002
      vertex 0.0154508497187 0.0475528258148 0.01575
      vertex 0.0154508497187 0.0475528258148 -0.002
    endloop
  endfacet
  facet normal 0 0 0
    outer loop
      vertex 0.0191341716183 0.0461939766256 0.01575
      vertex 0.0191341716183 0.0461939766256 0.0335
      vertex 0.0154508497187 0.0475528258148 0.0335
    endloop
  endfacet
  facet normal 0 0 0
    outer loop
      vertex 0.0191341716183 0.0461939766256 0.01575
      vertex 0.0154508497187 0.0475528258148 0.0335
      vertex 0.0154508497187 0.0475528258148 0.01575
    endloop
  endfacet
  facet normal 0 0 0
    outer loop
      vertex 0.0191341716183 0.0461939766256 0.0335
      vertex 0.0191341716183 0.0461939766256 0.05125
      vertex 0.0154508497187 0.0475528258148 0.05125
    endloop
  endfacet
  facet normal 0 0 0
    outer loop
      vertex 0.0191341716183 0.0461939766256 0.0335
      vertex 0.0154508497187 0.0475528258148 0.05125
      vertex 0.0154508497187 0.0475528258148 0.0335
    endloop
  endfacet
  facet normal 0 0 0
    outer loop
      vertex 0.0191341716183 0.0461939766256 0.05125
      vertex 0.0191341716183 0.0461939766256 0.069
      vertex 0.0154508497187 0.0475528258148 0.069
    endloop
  endfacet
  facet normal 0 0 0
    outer loop
      vertex 0.0191341716183 0.0461939766256 0.05125
      vertex 0.0154508497187 0.0475528258148 0.069
      vertex 0.0154508497187 0.0475528258148 0.05125
    endloop
  endfacet
  facet normal 0 0 0
    outer loop
      vertex 0.0191341716183 0.0461939766256 0.069
      vertex 0.0191341716183 0.0461939766256 0.08675
      vertex 0.0154508497187 0.0475528258148 0.08675
    endloop
  endfacet
  facet normal 0 0 0
    outer loop
      vertex 0.0191341716183 0.0461939766256 0.069
      vertex 0.0154508497187 0.0475528258148 0.08675
      vertex 0.0154508497187 0.0475528258148 0.069
    endloop
  endfacet
  facet normal 0 0 0
    outer loop
      vertex 0.0191341716183 0.0461939766256 0.08675
      vertex 0.0191341716183 0.0461939766256 0.1045
      vertex 0.0154508497187 0.0475528258148 0.1045
    endloop
  endfacet
  facet normal 0 0 0
    outer loop
      vertex 0.0191341716183 0.0461939766256 0.08675
      vertex 0.0154508497187 0.0475528258148 0.1045
      vertex 0.0154508497187 0.0475528258148 0.08675
    endloop
  endfacet
  facet normal 0 0 0
    outer loop
      vertex 0.0191341716183 0.0461939766256 0.1045
      vertex 0.0191341716183 0.0461939766256 0.12225
      vertex 0.0154508497187 0.0475528258148 0.12225
    endloop
  endfacet
  facet normal 0 0 0
    outer loop
      vertex 0.0191341716183 0.0461939766256 0.1045
      vertex 0.0154508497187 0.0475528258148 0.12225
      vertex 0.0154508497187 0.0475528258148 0.1045
    endloop
  endfacet
  facet normal 0 0 0
    outer loop
      vertex 0.0191341716183 0.0461939766256 0.12225
      vertex 0.0191341716183 0.0461939766256 0.14
      vertex 0.0154508497187 0.0475528258148 0.14
    endloop
  endfacet
  facet normal 0 0 0
    outer loop
      vertex 0.0191341716183 0.0461939766256 0.12225
      vertex 0.0154508497187 0.0475528258148 0.14
      vertex 0.0154508497187 0.0475528258148 0.12225
    endloop
  endfacet
  facet normal 0 0 0
    outer loop
      vertex 0.0154508497187 0.0475528258148 -0.002
      vertex 0.0154508497187 0.0475528258148 0.01575
      vertex 0.0116722681928 0.0486184960199 0.01575
    endloop
  endfacet
  facet normal 0 0 0
    outer loop
      vertex 0.0154508497187 0.0475528258148 -0.002
      vertex 0.0116722681928 0.0486184960199 0.01575
      vertex 0.0116722681928 0.0486184960199 -0.002
    endloop
  endfacet
  facet normal 0 0 0
    outer loop
      vertex 0.0154508497187 0.0475528258148 0.01575
      vertex 0.0154508497187 0.0475528258148 0.0335
      vertex 0.0116722681928 0.0486184960199 0.0335
    endloop
  endfacet
  facet normal 0 0 0
    outer loop
      vertex 0.0154508497187 0.0475528258148 0.01575
      vertex 0.0116722681928 0.0486184960199 0.0335
      vertex 0.0116722681928 0.0486184960199 0.01575
    endloop
  endfacet
  facet normal 0 0 0
    outer loop
      vertex 0.0154508497187 0.0475528258148 0.0335
      vertex 0.0154508497187 0.0475528258148 0.05125
      vertex 0.0116722681928 0.0486184960199 0.05125
    endloop
  endfacet
  facet normal 0 0 0
    outer loop
      vertex 0.0154508497187 0.0475528258148 0.0335
      vertex 0.0116722681928 0.0486184960199 0.05125
      vertex 0.0116722681928 0.0486184960199 0.0335
    endloop
  endfacet
  facet normal 0 0 0
    outer loop
      vertex 0.0154508497187 0.0475528258148 0.05125
      vertex 0.0154508497187 0.0475528258148 0.069
      vertex 0.0116722681928 0.0486184960199 0.069
    endloop
  endfacet
  facet normal 0 0 0
    outer loop
      vertex 0.0154508497187 0.0475528258148 0.05125
      vertex 0.0116722681928 0.0486184960199 0.069
      vertex 0.0116722681928 0.0486184960199 0.05125
    endloop
  endfacet
  facet normal 0 0 0
    outer loop
      vertex 0.0154508497187 0.0475528258148 0.069
      vertex 0.0154508497187 0.0475528258148 0.08675
      vertex 0.0116722681928 0.0486184960199 0.08675
    endloop
  endfacet
  facet normal 0 0 0
    outer loop
      vertex 0.0154508497187 0.0475528258148 0.069
      vertex 0.0116722681928 0.0486184960199 0.08675
      vertex 0.0116722681928 0.0486184960199 0.069
    endloop
  endfacet
  facet normal 0 0 0
    outer loop
      vertex 0.0154508497187 0.0475528258148 0.08675
      vertex 0.0154508497187 0.0475528258148 0.1045
      vertex 0.0116722681928 0.0486184960199 0.1045
    endloop
  endfacet
  facet normal 0 0 0
    outer loop
      vertex 0.0154508497187 0.0475528258148 0.08675
      vertex 0.0116722681928 0.0486184960199 0.1045
      vertex 0.0116722681928 0.0486184960199 0.08675
    endloop
  endfacet
  facet normal 0 0 0
    outer loop
      vertex 0.0154508497187 0.0475528258148 0.1045
      vertex 0.0154508497187 0.0475528258148 0.12225
      vertex 0.0116722681928 0.0486184960199 0.12225
    endloop
  endfacet
  facet normal 0 0 0
    outer loop
      vertex 0.0154508497187 0.0475528258148 0.1045
      vertex 0.0116722681928 0.0486184960199 0.12225
      vertex 0.0116722681928 0.0486184960199 0.1045
    endloop
  endfacet
  facet normal 0 0 0
    outer loop
      vertex 0.0154508497187 0.0475528258148 0.12225
      vertex 0.0154508497187 0.0475528258148 0.14
      vertex 0.0116722681928 0.0486184960199 0.14
    endloop
  endfacet
  facet normal 0 0 0
    outer loop
      vertex 0.0154508497187 0.0475528258148 0.12225
      vertex 0.0116722681928 0.0486184960199 0.14
      vertex 0.0116722681928 0.0486184960199 0.12225
    endloop
  endfacet
  facet normal 0 0 0
    outer loop
      vertex 0.0116722681928 0.0486184960199 -0.002
      vertex 0.0116722681928 0.0486184960199 0.01575
      vertex 0.00782172325201 0.0493844170298 0.01575
    endloop
  endfacet
  facet normal 0 0 0
    outer loop
      vertex 0.0116722681928 0.0486184960199 -0.002
      vertex 0.00782172325201 0.0493844170298 0.01575
      vertex 0.00782172325201 0.0493844170298 -0.002
    endloop
  endfacet
  facet normal 0 0 0
    outer loop
      vertex 0.0116722681928 0.0486184960199 0.01575
      vertex 0.0116722681928 0.0486184960199 0.0335
      vertex 0.00782172325201 0.0493844170298 0.0335
    endloop
  endfacet
  facet normal 0 0 0
    outer loop
      vertex 0.0116722681928 0.0486184960199 0.01575
      vertex 0.00782172325201 0.0493844170298 0.0335
      vertex 0.00782172325201 0.0493844170298 0.01575
    endloop
  endfacet
  facet normal 0 0 0
    outer loop
      vertex 0.0116722681928 0.0486184960199 0.0335
      vertex 0.0116722681928 0.0486184960199 0.05125
      vertex 0.00782172325201 0.0493844170298 0.05125
    endloop
  endfacet
  facet normal 0 0 0
    outer loop
      vertex 0.0116722681928 0.0486184960199 0.0335
      vertex 0.00782172325201 0.0493844170298 0.05125
      vertex 0.00782172325201 0.0493844170298 0.0335
    endloop
  endfacet
  facet normal 0 0 0
    outer loop
      vertex 0.0116722681928 0.0486184960199 0.05125
      vertex 0.0116722681928 0.0486184960199 0.069
      vertex 0.00782172325201 0.0493844170298 0.069
    endloop
  endfacet
  facet normal 0 0 0
    outer loop
      vertex 0.0116722681928 0.0486184960199 0.05125
      vertex 0.00782172325201 0.0493844170298 0.069
      vertex 0.00782172325201 0.0493844170298 0.05125
    endloop
  endfacet
  facet normal 0 0 0
    outer loop
      vertex 0.0116722681928 0.0486184960199 0.069
      vertex 0.0116722681928 0.0486184960199 0.08675
      vertex 0.00782172325201 0.0493844170298 0.08675
    endloop
  endfacet
  facet normal 0 0 0
    outer loop
      vertex 0.0116722681928 0.0486184960199 0.069
      vertex 0.00782172325201 0.0493844170298 0.08675
      vertex 0.00782172325201 0.0493844170298 0.069
    endloop
  endfacet
  facet normal 0 0 0
    outer loop
      vertex 0.0116722681928 0.0486184960199 0.08675
      vertex 0.0116722681928 0.0486184960199 0.1045
      vertex 0.00782172325201 0.0493844170298 0.1045
    endloop
  endfacet
  facet normal 0 0 0
    outer loop
      vertex 0.0116722681928 0.0486184960199 0.08675
      vertex 0.00782172325201 0.0493844170298 0.1045
      vertex 0.00782172325201 0.0493844170298 0.08675
    endloop
  endfacet
  facet normal 0 0 0
    outer loop
      vertex 0.0116722681928 0.0486184960199 0.1045
      vertex 0.0116722681928 0.0486184960199 0.12225
      vertex 0.00782172325201 0.0493844170298 0.12225
    endloop
  endfacet
  facet normal 0 0 0
    outer loop
      vertex 0.0116722681928 0.0486184960199 0.1045
      vertex 0.00782172325201 0.0493844170298 0.12225
      vertex 0.00782172325201 0.0493844170298 0.1045
    endloop
  endfacet
  facet normal 0 0 0
    outer loop
      vertex 0.0116722681928 0.0486184960199 0.12225
      vertex 0.0116722681928 0.0486184960199 0.14
      vertex 0.00782172325201 0.0493844170298 0.14
    endloop
  endfacet
  facet normal 0 0 0
    outer loop
      vertex 0.0116722681928 0.0486184960199 0.12225
      vertex 0.00782172325201 0.0493844170298 0.14
      vertex 0.00782172325201 0.0493844170298 0.12225
    endloop
  endfacet
  facet normal 0 0 0
    outer loop
      vertex 0.00782172325201 0.0493844170298 -0.002
      vertex 0.00782172325201 0.0493844170298 0.01575
      vertex 0.00392295478639 0.0498458666867 0.01575
    endloop
  endfacet
  facet normal 0 0 0
    outer loop
      vertex 0.00782172325201 0.0493844170298 -0.002
      vertex 0.00392295478639 0.0498458666867 0.01575
      vertex 0.00392295478639 0.0498458666867 -0.002
    endloop
  endfacet
  facet normal 0 0 0
    outer loop
      vertex 0.00782172325201 0.0493844170298 0.01575
      vertex 0.00782172325201 0.0493844170298 0.0335
      vertex 0.00392295478639 0.0498458666867 0.0335
    endloop
  endfacet
  facet normal 0 0 0
    outer loop
      vertex 0.00782172325201 0.0493844170298 0.01575
      vertex 0.00392295478639 0.0498458666867 0.0335
      vertex 0.00392295478639 0.0498458666867 0.01575
    endloop
  endfacet
  facet normal 0 0 0
    outer loop
      vertex 0.00782172325201 0.0493844170298 0.0335
      vertex 0.00782172325201 0.0493844170298 0.05125
      vertex 0.00392295478639 0.0498458666867 0.05125
    endloop
  endfacet
  facet normal 0 0 0
    outer loop
      vertex 0.00782172325201 0.0493844170298 0.0335
      vertex 0.00392295478639 0.0498458666867 0.05125
      vertex 0.00392295478639 0.0498458666867 0.0335
    endloop
  endfacet
  facet normal 0 0 0
    outer loop
      vertex 0.00782172325201 0.0493844170298 0.05125
      vertex 0.00782172325201 0.0493844170298 0.069
      vertex 0.00392295478639 0.0498458666867 0.069
    endloop
  endfacet
  facet normal 0 0 0
    outer loop
      vertex 0.00782172325201 0.0493844170298 0.05125
      vertex 0.00392295478639 0.0498458666867 0.069
      vertex 0.00392295478639 0.0498458666867 0.05125
    endloop
  endfacet
  facet normal 0 0 0
    outer loop
      vertex 0.00782172325201 0.0493844170298 0.069
      vertex 0.00782172325201 0.0493844170298 0.08675
      vertex 0.00392295478639 0.0498458666867 0.08675
    endloop
  endfacet
  facet normal 0 0 0
    outer loop
      vertex 0.00782172325201 0.0493844170298 0.069
      vertex 0.00392295478639 0.0498458666867 0.08675
      vertex 0.00392295478639 0.0498458666867 0.069
    endloop
  endfacet
  facet normal 0 0 0
    outer loop
      vertex 0.00782172325201 0.0493844170298 0.08675
      vertex 0.00782172325201 0.0493844170298 0.1045
      vertex 0.00392295478639 0.0498458666867 0.1045
    endloop
  endfacet
  facet normal 0 0 0
    outer loop
      vertex 0.00782172325201 0.0493844170298 0.08675
      vertex 0.00392295478639 0.0498458666867 0.1045
      vertex 0.00392295478639 0.0498458666867 0.08675
    endloop
  endfacet
  facet normal 0 0 0
    outer loop
      vertex 0.00782172325201 0.0493844170298 0.1045
      vertex 0.00782172325201 0.0493844170298 0.12225
      vertex 0.00392295478639 0.0498458666867 0.12225
    endloop
  endfacet
  facet normal 0 0 0
    outer loop
      vertex 0.00782172325201 0.0493844170298 0.1045
      vertex 0.00392295478639 0.0498458666867 0.12225
      vertex 0.00392295478639 0.0498458666867 0.1045
    endloop
  endfacet
  facet normal 0 0 0
    outer loop
      vertex 0.00782172325201 0.0493844170298 0.12225
      vertex 0.00782172325201 0.0493844170298 0.14
      vertex 0.00392295478639 0.0498458666867 0.14
    endloop
  endfacet
  facet normal 0 0 0
    outer loop
      vertex 0.00782172325201 0.0493844170298 0.12225
      vertex 0.00392295478639 0.0498458666867 0.14
      vertex 0.00392295478639 0.0498458666867 0.12225
    endloop
  endfacet
  facet normal 0 0 0
    outer loop
      vertex 0.00392295478639 0.0498458666867 -0.002
      vertex 0.00392295478639 0.0498458666867 0.01575
      vertex 3.06161699787e-18 0.05 0.01575
    endloop
  endfacet
  facet normal 0 0 0
    outer loop
      vertex 0.00392295478639 0.0498458666867 -0.002
      vertex 3.06161699787e-18 0.05 0.01575
      vertex 3.06161699787e-18 0.05 -0.002
    endloop
  endfacet
  facet normal 0 0 0
    outer loop
      vertex 0.00392295478639 0.0498458666867 0.01575
      vertex 0.00392295478639 0.0498458666867 0.0335
      vertex 3.06161699787e-18 0.05 0.0335
    endloop
  endfacet
  facet normal 0 0 0
    outer loop
      vertex 0.00392295478639 0.0498458666867 0.01575
      vertex 3.06161699787e-18 0.05 0.0335
      vertex 3.06161699787e-18 0.05 0.01575
    endloop
  endfacet
  facet normal 0 0 0
    outer loop
      vertex 0.00392295478639 0.0498458666867 0.0335
      vertex 0.00392295478639 0.0498458666867 0.05125
      vertex 3.06161699787e-18 0.05 0.05125
    endloop
  endfacet
  facet normal 0 0 0
    outer loop
      vertex 0.00392295478639 0.0498458666867 0.0335
      vertex 3.06161699787e-18 0.05 0.05125
      vertex 3.06161699787e-18 0.05 0.0335
    endloop
  endfacet
  facet normal 0 0 0
    outer loop
      vertex 0.00392295478639 0.0498458666867 0.05125
      vertex 0.00392295478639 0.0498458666867 0.069
      vertex 3.06161699787e-18 0.05 0.069
    endloop
  endfacet
  facet normal 0 0 0
    outer loop
      vertex 0.00392295478639 0.0498458666867 0.05125
      vertex 3.06161699787e-18 0.05 0.069
      vertex 3.06161699787e-18 0.05 0.05125
    endloop
  endfacet
  facet normal 0 0 0
    outer loop
      vertex 0.00392295478639 0.0498458666867 0.069
      vertex 0.00392295478639 0.0498458666867 0.08675
      vertex 3.06161699787e-18 0.05 0.08675
    endloop
  endfacet
  facet normal 0 0 0
    outer loop
      vertex 0.00392295478639 0.0498458666867 0.069
      vertex 3.06161699787e-18 0.05 0.08675
      vertex 3.06161699787e-18 0.05 0.069
    endloop
  endfacet
  facet normal 0 0 0
    outer loop
      vertex 0.00392295478639 0.0498458666867 0.08675
      vertex 0.00392295478639 0.0498458666867 0.1045
      vertex 3.06161699787e-18 0.05 0.1045
    endloop
  endfacet
  facet normal 0 0 0
    outer loop
      vertex 0.00392295478639 0.0498458666867 0.08675
      vertex 3.06161699787e-18 0.05 0.1045
      vertex 3.06161699787e-18 0.05 0.08675
    endloop
  endfacet
  facet normal 0 0 0
    outer loop
      vertex 0.00392295478639 0.0498458666867 0.1045
      vertex 0.00392295478639 0.0498458666867 0.12225
      vertex 3.06161699787e-18 0.05 0.12225
    endloop
  endfacet
  facet normal 0 0 0
    outer loop
      vertex 0.00392295478639 0.0498458666867 0.1045
      vertex 3.06161699787e-18 0.05 0.12225
      vertex 3.06161699787e-18 0.05 0.1045
    endloop
  endfacet
  facet normal 0 0 0
    outer loop
      vertex 0.00392295478639 0.0498458666867 0.12225
      vertex 0.00392295478639 0.0498458666867 0.14
      vertex 3.06161699787e-18 0.05 0.14
    endloop
  endfacet
  facet normal 0 0 0
    outer loop
      vertex 0.00392295478639 0.0498458666867 0.12225
      vertex 3.06161699787e-18 0.05 0.14
      vertex 3.06161699787e-18 0.05 0.12225
    endloop
  endfacet
  facet normal 0 0 0
    outer loop
      vertex 3.06161699787e-18 0.05 -0.002
      vertex 3.06161699787e-18 0.05 0.01575
      vertex -0.00392295478639 0.0498458666867 0.01575
    endloop
  endfacet
  facet normal 0 0 0
    outer loop
      vertex 3.06161699787e-18 0.05 -0.002
      vertex -0.00392295478639 0.0498458666867 0.01575
      vertex -0.00392295478639 0.0498458666867 -0.002
    endloop
  endfacet
  facet normal 0 0 0
    outer loop
      vertex 3.06161699787e-18 0.05 0.01575
      vertex 3.06161699787e-18 0.05 0.0335
      vertex -0.00392295478639 0.0498458666867 0.0335
    endloop
  endfacet
  facet normal 0 0 0
    outer loop
      vertex 3.06161699787e-18 0.05 0.01575
      vertex -0.00392295478639 0.0498458666867 0.0335
      vertex -0.00392295478639 0.0498458666867 0.01575
    endloop
  endfacet
  facet normal 0 0 0
    outer loop
      vertex 3.06161699787e-18 0.05 0.0335
      vertex 3.06161699787e-18 0.05 0.05125
      vertex -0.00392295478639 0.0498458666867 0.05125
    endloop
  endfacet
  facet normal 0 0 0
    outer loop
      vertex 3.06161699787e-18 0.05 0.0335
      vertex -0.00392295478639 0.0498458666867 0.05125
      vertex -0.00392295478639 0.0498458666867 0.0335
    endloop
  endfacet
  facet normal 0 0 0
    outer loop
      vertex 3.06161699787e-18 0.05 0.05125
      vertex 3.06161699787e-18 0.05 0.069
      vertex -0.00392295478639 0.0498458666867 0.069
    endloop
  endfacet
  facet normal 0 0 0
    outer loop
      vertex 3.06161699787e-18 0.05 0.05125
      vertex -0.00392295478639 0.0498458666867 0.069
      vertex -0.00392295478639 0.0498458666867 0.05125
    endloop
  endfacet
  facet normal 0 0 0
    outer loop
      vertex 3.06161699787e-18 0.05 0.069
      vertex 3.06161699787e-18 0.05 0.08675
      vertex -0.00392295478639 0.0498458666867 0.08675
    endloop
  endfacet
  facet normal 0 0 0
    outer loop
      vertex 3.06161699787e-18 0.05 0.069
      vertex -0.00392295478639 0.0498458666867 0.08675
      vertex -0.00392295478639 0.0498458666867 0.069
    endloop
  endfacet
  facet normal 0 0 0
    outer loop
      vertex 3.06161699787e-18 0.05 0.08675
      vertex 3.06161699787e-18 0.05 0.1045
      vertex -0.00392295478639 0.0498458666867 0.1045
    endloop
  endfacet
  facet normal 0 0 0
    outer loop
      vertex 3.06161699787e-18 0.05 0.08675
      vertex -0.00392295478639 0.0498458666867 0.1045
      vertex -0.00392295478639 0.0498458666867 0.08675
    endloop
  endfacet
  facet normal 0 0 0
    outer loop
      vertex 3.06161699787e-18 0.05 0.1045
      vertex 3.06161699787e-18 0.05 0.12225
      vertex -0.00392295478639 0.0498458666867 0.12225
    endloop
  endfacet
  facet normal 0 0 0
    outer loop
      vertex 3.06161699787e-18 0.05 0.1045
      vertex -0.00392295478639 0.0498458666867 0.12225
      vertex -0.00392295478639 0.0498458666867 0.1045
    endloop
  endfacet
  facet normal 0 0 0
    outer loop
      vertex 3.06161699787e-18 0.05 0.12225
      vertex 3.06161699787e-18 0.05 0.14
      vertex -0.00392295478639 0.0498458666867 0.14
    endloop
  endfacet
  facet normal 0 0 0
    outer loop
      vertex 3.06161699787e-18 0.05 0.12225
      vertex -0.00392295478639 0.0498458666867 0.14
      vertex -0.00392295478639 0.0498458666867 0.12225
    endloop
  endfacet
  facet normal 0 0 0
    outer loop
      vertex -0.00392295478639 0.0498458666867 -0.002
      vertex -0.00392295478639 0.0498458666867 0.01575
      vertex -0.00782172325201 0.0493844170298 0.01575
    endloop
  endfacet
  facet normal 0 0 0
    outer loop
      vertex -0.00392295478639 0.0498458666867 -0.002
      vertex -0.00782172325201 0.0493844170298 0.01575
      vertex -0.00782172325201 0.0493844170298 -0.002
    endloop
  endfacet
  facet normal 0 0 0
    outer loop
      vertex -0.00392295478639 0.0498458666867 0.01575
      vertex -0.00392295478639 0.0498458666867 0.0335
      vertex -0.00782172325201 0.0493844170298 0.0335
    endloop
  endfacet
  facet normal 0 0 0
    outer loop
      vertex -0.00392295478639 0.0498458666867 0.01575
      vertex -0.00782172325201 0.0493844170298 0.0335
      vertex -0.00782172325201 0.0493844170298 0.01575
    endloop
  endfacet
  facet normal 0 0 0
    outer loop
      vertex -0.00392295478639 0.0498458666867 0.0335
      vertex -0.00392295478639 0.0498458666867 0.05125
      vertex -0.00782172325201 0.0493844170298 0.05125
    endloop
  endfacet
  facet normal 0 0 0
    outer loop
      vertex -0.00392295478639 0.0498458666867 0.0335
      vertex -0.00782172325201 0.0493844170298 0.05125
      vertex -0.00782172325201 0.0493844170298 0.0335
    endloop
  endfacet
  facet normal 0 0 0
    outer loop
      vertex -0.00392295478639 0.0498458666867 0.05125
      vertex -0.00392295478639 0.0498458666867 0.069
      vertex -0.00782172325201 0.0493844170298 0.069
    endloop
  endfacet
  facet normal 0 0 0
    outer loop
      vertex -0.00392295478639 0.0498458666867 0.05125
      vertex -0.00782172325201 0.0493844170298 0.069
      vertex -0.00782172325201 0.0493844170298 0.05125
    endloop
  endfacet
  facet normal 0 0 0
    outer loop
      vertex -0.00392295478639 0.0498458666867 0.069
      vertex -0.00392295478639 0.0498458666867 0.08675
      vertex -0.00782172325201 0.0493844170298 0.08675
    endloop
  endfacet
  facet normal 0 0 0
    outer loop
      vertex -0.00392295478639 0.0498458666867 0.069
      vertex -0.00782172325201 0.0493844170298 0.08675
      vertex -0.00782172325201 0.0493844170298 0.069
    endloop
  endfacet
  facet normal 0 0 0
    outer loop
      vertex -0.00392295478639 0.0498458666867 0.08675
      vertex -0.00392295478639 0.0498458666867 0.1045
      vertex -0.00782172325201 0.0493844170298 0.1045
    endloop
  endfacet
  facet normal 0 0 0
    outer loop
      vertex -0.00392295478639 0.0498458666867 0.08675
      vertex -0.00782172325201 0.0493844170298 0.1045
      vertex -0.00782172325201 0.0493844170298 0.08675
    endloop
  endfacet
  facet normal 0 0 0
    outer loop
      vertex -0.00392295478639 0.0498458666867 0.1045
      vertex -0.00392295478639 0.0498458666867 0.12225
      vertex -0.00782172325201 0.0493844170298 0.12225
    endloop
  endfacet
  facet normal 0 0 0
    outer loop
      vertex -0.00392295478639 0.0498458666867 0.1045
      vertex -0.00782172325201 0.0493844170298 0.12225
      vertex -0.00782172325201 0.0493844170298 0.1045
    endloop
  endfacet
  facet normal 0 0 0
    outer loop
      vertex -0.00392295478639 0.0498458666867 0.12225
      vertex -0.00392295478639 0.0498458666867 0.14
      vertex -0.00782172325201 0.0493844170298 0.14
    endloop
  endfacet
  facet normal 0 0 0
    outer loop
      vertex -0.00392295478639 0.0498458666867 0.12225
      vertex -0.00782172325201 0.0493844170298 0.14
      vertex -0.00782172325201 0.0493844170298 0.12225
    endloop
  endfacet
  facet normal 0 0 0
    outer loop
      vertex -0.00782172325201 0.0493844170298 -0.002
      vertex -0.00782172325201 0.0493844170298 0.01575
      vertex -0.0116722681928 0.0486184960199 0.01575
    endloop
  endfacet
  facet normal 0 0 0
    outer loop
      vertex -0.00782172325201 0.0493844170298 -0.002
      vertex -0.0116722681928 0.0486184960199 0.01575
      vertex -0.0116722681928 0.0486184960199 -0.002
    endloop
  endfacet
  facet normal 0 0 0
    outer loop
      vertex -0.00782172325201 0.0493844170298 0.01575
      vertex -0.00782172325201 0.0493844170298 0.0335
      vertex -0.0116722681928 0.0486184960199 0.0335
    endloop
  endfacet
  facet normal 0 0 0
    outer loop
      vertex -0.00782172325201 0.0493844170298 0.01575
      vertex -0.0116722681928 0.0486184960199 0.0335
      vertex -0.0116722681928 0.0486184960199 0.01575
    endloop
  endfacet
  facet normal 0 0 0
    outer loop
      vertex -0.00782172325201 0.0493844170298 0.0335
      vertex -0.00782172325201 0.0493844170298 0.05125
      vertex -0.0116722681928 0.0486184960199 0.05125
    endloop
  endfacet
  facet normal 0 0 0
    outer loop
      vertex -0.00782172325201 0.0493844170298 0.0335
      vertex -0.0116722681928 0.0486184960199 0.05125
      vertex -0.0116722681928 0.0486184960199 0.0335
    endloop
  endfacet
  facet normal 0 0 0
    outer loop
      vertex -0.00782172325201 0.0493844170298 0.05125
      vertex -0.00782172325201 0.0493844170298 0.069
      vertex -0.0116722681928 0.0486184960199 0.069
    endloop
  endfacet
  facet normal 0 0 0
    outer loop
      vertex -0.00782172325201 0.0493844170298 0.05125
      vertex -0.0116722681928 0.0486184960199 0.069
      vertex -0.0116722681928 0.0486184960199 0.05125
    endloop
  endfacet
  facet normal 0 0 0
    outer loop
      vertex -0.00782172325201 0.0493844170298 0.069
      vertex -0.00782172325201 0.0493844170298 0.08675
      vertex -0.0116722681928 0.0486184960199 0.08675
    endloop
  endfacet
  facet normal 0 0 0
    outer loop
      vertex -0.00782172325201 0.0493844170298 0.069
      vertex -0.0116722681928 0.0486184960199 0.08675
      vertex -0.0116722681928 0.0486184960199 0.069
    endloop
  endfacet
  facet normal 0 0 0
    outer loop
      vertex -0.00782172325201 0.0493844170298 0.08675
      vertex -0.00782172325201 0.0493844170298 0.1045
      vertex -0.0116722681928 0.0486184960199 0.1045
    endloop
  endfacet
  facet normal 0 0 0
    outer loop
      vertex -0.00782172325201 0.0493844170298 0.08675
      vertex -0.0116722681928 0.0486184960199 0.1045
      vertex -0.0116722681928 0.0486184960199 0.08675
    endloop
  endfacet
  facet normal 0 0 0
    outer loop
      vertex -0.00782172325201 0.0493844170298 0.1045
      vertex -0.00782172325201 0.0493844170298 0.12225
      vertex -0.0116722681928 0.0486184960199 0.12225
    endloop
  endfacet
  facet normal 0 0 0
    outer loop
      vertex -0.00782172325201 0.0493844170298 0.1045
      vertex -0.0116722681928 0.0486184960199 0.12225
      vertex -0.0116722681928 0.0486184960199 0.1045
    endloop
  endfacet
  facet normal 0 0 0
    outer loop
      vertex -0.00782172325201 0.0493844170298 0.12225
      vertex -0.00782172325201 0.0493844170298 0.14
      vertex -0.0116722681928 0.0486184960199 0.14
    endloop
  endfacet
  facet normal 0 0 0
    outer loop
      vertex -0.00782172325201 0.0493844170298 0.12225
      vertex -0.0116722681928 0.0486184960199 0.14
      vertex -0.0116722681928 0.0486184960199 0.12225
    endloop
  endfacet
  facet normal 0 0 0
    outer loop
      vertex -0.0116722681928 0.0486184960199 -0.002
      vertex -0.0116722681928 0.0486184960199 0.01575
      vertex -0.0154508497187 0.0475528258148 0.01575
    endloop
  endfacet
  facet normal 0 0 0
    outer loop
      vertex -0.0116722681928 0.0486184960199 -0.002
      vertex -0.0154508497187 0.0475528258148 0.01575
      vertex -0.0154508497187 0.0475528258148 -0.002
    endloop
  endfacet
  facet normal 0 0 0
    outer loop
      vertex -0.0116722681928 0.0486184960199 0.01575
      vertex -0.0116722681928 0.0486184960199 0.0335
      vertex -0.0154508497187 0.0475528258148 0.0335
    endloop
  endfacet
  facet normal 0 0 0
    outer loop
      vertex -0.0116722681928 0.0486184960199 0.01575
      vertex -0.0154508497187 0.0475528258148 0.0335
      vertex -0.0154508497187 0.0475528258148 0.01575
    endloop
  endfacet
  facet normal 0 0 0
    outer loop
      vertex -0.0116722681928 0.0486184960199 0.0335
      vertex -0.0116722681928 0.0486184960199 0.05125
      vertex -0.0154508497187 0.0475528258148 0.05125
    endloop
  endfacet
  facet normal 0 0 0
    outer loop
      vertex -0.0116722681928 0.0486184960199 0.0335
      vertex -0.0154508497187 0.0475528258148 0.05125
      vertex -0.0154508497187 0.0475528258148 0.0335
    endloop
  endfacet
  facet normal 0 0 0
    outer loop
      vertex -0.0116722681928 0.0486184960199 0.05125
      vertex -0.0116722681928 0.0486184960199 0.069
      vertex -0.0154508497187 0.0475528258148 0.069
    endloop
  endfacet
  facet normal 0 0 0
    outer loop
      vertex -0.0116722681928 0.0486184960199 0.05125
      vertex -0.0154508497187 0.0475528258148 0.069
      vertex -0.0154508497187 0.0475528258148 0.05125
    endloop
  endfacet
  facet normal 0 0 0
    outer loop
      vertex -0.0116722681928 0.0486184960199 0.069
      vertex -0.0116722681928 0.0486184960199 0.08675
      vertex -0.0154508497187 0.0475528258148 0.08675
    endloop
  endfacet
  facet normal 0 0 0
    outer loop
      vertex -0.0116722681928 0.0486184960199 0.069
      vertex -0.0154508497187 0.0475528258148 0.08675
      vertex -0.0154508497187 0.0475528258148 0.069
    endloop
  endfacet
  facet normal 0 0 0
    outer loop
      vertex -0.0116722681928 0.0486184960199 0.08675
      vertex -0.0116722681928 0.0486184960199 0.1045
      vertex -0.0154508497187 0.0475528258148 0.1045
    endloop
  endfacet
  facet normal 0 0 0
    outer loop
      vertex -0.0116722681928 0.0486184960199 0.08675
      vertex -0.0154508497187 0.0475528258148 0.1045
      vertex -0.0154508497187 0.0475528258148 0.08675
    endloop
  endfacet
  facet normal 0 0 0
    outer loop
      vertex -0.0116722681928 0.0486184960199 0.1045
      vertex -0.0116722681928 0.0486184960199 0.12225
      vertex -0.0154508497187 0.0475528258148 0.12225
    endloop
  endfacet
  facet normal 0 0 0
    outer loop
      vertex -0.0116722681928 0.0486184960199 0.1045
      vertex -0.0154508497187 0.0475528258148 0.12225
      vertex -0.0154508497187 0.0475528258148 0.1045
    endloop
  endfacet
  facet normal 0 0 0
    outer loop
      vertex -0.0116722681928 0.0486184960199 0.12225
      vertex -0.0116722681928 0.0486184960199 0.14
      vertex -0.0154508497187 0.0475528258148 0.14
    endloop
  endfacet
  facet normal 0 0 0
    outer loop
      vertex -0.0116722681928 0.0486184960199 0.12225
      vertex -0.0154508497187 0.0475528258148 0.14
      vertex -0.0154508497187 0.0475528258148 0.12225
    endloop
  endfacet
  facet normal 0 0 0
    outer loop
      vertex -0.0154508497187 0.0475528258148 -0.002
      vertex -0.0154508497187 0.0475528258148 0.01575
      vertex -0.0191341716183 0.0461939766256 0.01575
    endloop
  endfacet
  facet normal 0 0 0
    outer loop
      vertex -0.0154508497187 0.0475528258148 -0.002
      vertex -0.0191341716183 0.0461939766256 0.01575
      vertex -0.0191341716183 0.0461939766256 -0.002
    endloop
  endfacet
  facet normal 0 0 0
    outer loop
      vertex -0.0154508497187 0.0475528258148 0.01575
      vertex -0.0154508497187 0.0475528258148 0.0335
      vertex -0.0191341716183 0.0461939766256 0.0335
    endloop
  endfacet
  facet normal 0 0 0
    outer loop
      vertex -0.0154508497187 0.0475528258148 0.01575
      vertex -0.0191341716183 0.0461939766256 0.0335
      vertex -0.0191341716183 0.0461939766256 0.01575
    endloop
  endfacet
  facet normal 0 0 0
    outer loop
      vertex -0.0154508497187 0.0475528258148 0.0335
      vertex -0.0154508497187 0.0475528258148 0.05125
      vertex -0.0191341716183 0.0461939766256 0.05125
    endloop
  endfacet
  facet normal 0 0 0
    outer loop
      vertex -0.0154508497187 0.0475528258148 0.0335
      vertex -0.0191341716183 0.0461939766256 0.05125
      vertex -0.0191341716183 0.0461939766256 0.0335
    endloop
  endfacet
  facet normal 0 0 0
    outer loop
      vertex -0.0154508497187 0.0475528258148 0.05125
      vertex -0.0154508497187 0.0475528258148 0.069
      vertex -0.0191341716183 0.0461939766256 0.069
    endloop
  endfacet
  facet normal 0 0 0
    outer loop
      vertex -0.0154508497187 0.0475528258148 0.05125
      vertex -0.0191341716183 0.0461939766256 0.069
      vertex -0.0191341716183 0.0461939766256 0.05125
    endloop
  endfacet
  facet normal 0 0 0
    outer loop
      vertex -0.0154508497187 0.0475528258148 0.069
      vertex -0.0154508497187 0.0475528258148 0.08675
      vertex -0.0191341716183 0.0461939766256 0.08675
    endloop
  endfacet
  facet normal 0 0 0
    outer loop
      vertex -0.0154508497187 0.0475528258148 0.069
      vertex -0.0191341716183 0.0461939766256 0.08675
      vertex -0.0191341716183 0.0461939766256 0.069
    endloop
  endfacet
  facet normal 0 0 0
    outer loop
      vertex -0.0154508497187 0.0475528258148 0.08675
      vertex -0.0154508497187 0.0475528258148 0.1045
      vertex -0.0191341716183 0.0461939766256 0.1045
    endloop
  endfacet
  facet normal 0 0 0
    outer loop
      vertex -0.0154508497187 0.0475528258148 0.08675
      vertex -0.0191341716183 0.0461939766256 0.1045
      vertex -0.0191341716183 0.0461939766256 0.08675
    endloop
  endfacet
  facet normal 0 0 0
    outer loop
      vertex -0.0154508497187 0.0475528258148 0.1045
      vertex -0.0154508497187 0.0475528258148 0.12225
      vertex -0.0191341716183 0.0461939766256 0.12225
    endloop
  endfacet
  facet normal 0 0 0
    outer loop
      vertex -0.0154508497187 0.0475528258148 0.1045
      vertex -0.0191341716183 0.0461939766256 0.12225
      vertex -0.0191341716183 0.0461939766256 0.1045
    endloop
  endfacet
  facet normal 0 0 0
    outer loop
      vertex -0.0154508497187 0.0475528258148 0.12225
      vertex -0.0154508497187 0.0475528258148 0.14
      vertex -0.0191341716183 0.0461939766256 0.14
    endloop
  endfacet
  facet normal 0 0 0
    outer loop
      vertex -0.0154508497187 0.0475528258148 0.12225
      vertex -0.0191341716183 0.0461939766256 0.14
      vertex -0.0191341716183 0.0461939766256 0.12225
    endloop
  endfacet
  facet normal 0 0 0
    outer loop
      vertex -0.0191341716183 0.0461939766256 -0.002
      vertex -0.0191341716183 0.0461939766256 0.01575
      vertex -0.022699524987 0.0445503262094 0.01575
    endloop
  endfacet
  facet normal 0 0 0
    outer loop
      vertex -0.0191341716183 0.0461939766256 -0.002
      vertex -0.022699524987 0.0445503262094 0.01575
      vertex -0.022699524987 0.0445503262094 -0.002
    endloop
  endfacet
  facet normal 0 0 0
    outer loop
      vertex -0.0191341716183 0.0461939766256 0.01575
      vertex -0.0191341716183 0.0461939766256 0.0335
      vertex -0.022699524987 0.0445503262094 0.0335
    endloop
  endfacet
  facet normal 0 0 0
    outer loop
      vertex -0.0191341716183 0.0461939766256 0.01575
      vertex -0.022699524987 0.0445503262094 0.0335
      vertex -0.022699524987 0.0445503262094 0.01575
    endloop
  endfacet
  facet normal 0 0 0
    outer loop
      vertex -0.0191341716183 0.0461939766256 0.0335
      vertex -0.0191341716183 0.0461939766256 0.05125
      vertex -0.022699524987 0.0445503262094 0.05125
    endloop
  endfacet
  facet normal 0 0 0
    outer loop
      vertex -0.0191341716183 0.0461939766256 0.0335
      vertex -0.022699524987 0.0445503262094 0.05125
      vertex -0.022699524987 0.0445503262094 0.0335
    endloop
  endfacet
  facet normal 0 0 0
    outer loop
      vertex -0.0191341716183 0.0461939766256 0.05125
      vertex -0.0191341716183 0.0461939766256 0.069
      vertex -0.022699524987 0.0445503262094 0.069
    endloop
  endfacet
  facet normal 0 0 0
    outer loop
      vertex -0.0191341716183 0.0461939766256 0.05125
      vertex -0.022699524987 0.0445503262094 0.069
      vertex -0.022699524987 0.0445503262094 0.05125
    endloop
  endfacet
  facet normal 0 0 0
    outer loop
      vertex -0.0191341716183 0.0461939766256 0.069
      vertex -0.0191341716183 0.0461939766256 0.08675
      vertex -0.022699524987 0.0445503262094 0.08675
    endloop
  endfacet
  facet normal 0 0 0
    outer loop
      vertex -0.0191341716183 0.0461939766256 0.069
      vertex -0.022699524987 0.0445503262094 0.08675
      vertex -0.022699524987 0.0445503262094 0.069
    endloop
  endfacet
  facet normal 0 0 0
    outer loop
      vertex -0.0191341716183 0.0461939766256 0.08675
      vertex -0.0191341716183 0.0461939766256 0.1045
      vertex -0.022699524987 0.0445503262094 0.1045
    endloop
  endfacet
  facet normal 0 0 0
    outer loop
      vertex -0.0191341716183 0.0461939766256 0.08675
      vertex -0.022699524987 0.0445503262094 0.1045
      vertex -0.022699524987 0.0445503262094 0.08675
    endloop
  endfacet
  facet normal 0 0 0
    outer loop
      vertex -0.0191341716183 0.0461939766256 0.1045
      vertex -0.0191341716183 0.0461939766256 0.12225
      vertex -0.022699524987 0.0445503262094 0.12225
    endloop
  endfacet
  facet normal 0 0 0
    outer loop
      vertex -0.0191341716183 0.0461939766256 0.1045
      vertex -0.022699524987 0.0445503262094 0.12225
      vertex -0.022699524987 0.0445503262094 0.1045
    endloop
  endfacet
  facet normal 0 0 0
    outer loop
      vertex -0.0191341716183 0.0461939766256 0.12225
      vertex -0.0191341716183 0.0461939766256 0.14
      vertex -0.022699524987 0.0445503262094 0.14
    endloop
  endfacet
  facet normal 0 0 0
    outer loop
      vertex -0.0191341716183 0.0461939766256 0.12225
      vertex -0.022699524987 0.0445503262094 0.14
      vertex -0.022699524987 0.0445503262094 0.12225
    endloop
  endfacet
  facet normal 0 0 0
    outer loop
      vertex -0.022699524987 0.0445503262094 -0.002
      vertex -0.022699524987 0.0445503262094 0.01575
      vertex -0.0261249282358 0.0426320082177 0.01575
    endloop
  endfacet
  facet normal 0 0 0
    outer loop
      vertex -0.022699524987 0.0445503262094 -0.002
      vertex -0.0261249282358 0.0426320082177 0.01575
      vertex -0.0261249282358 0.0426320082177 -0.002
    endloop
  endfacet
  facet normal 0 0 0
    outer loop
      vertex -0.022699524987 0.0445503262094 0.01575
      vertex -0.022699524987 0.0445503262094 0.0335
      vertex -0.0261249282358 0.0426320082177 0.0335
    endloop
  endfacet
  facet normal 0 0 0
    outer loop
      vertex -0.022699524987 0.0445503262094 0.01575
      vertex -0.0261249282358 0.0426320082177 0.0335
      vertex -0.0261249282358 0.0426320082177 0.01575
    endloop
  endfacet
  facet normal 0 0 0
    outer loop
      vertex -0.022699524987 0.0445503262094 0.0335
      vertex -0.022699524987 0.0445503262094 0.05125
      vertex -0.0261249282358 0.0426320082177 0.05125
    endloop
  endfacet
  facet normal 0 0 0
    outer loop
      vertex -0.022699524987 0.0445503262094 0.0335
      vertex -0.0261249282358 0.0426320082177 0.05125
      vertex -0.0261249282358 0.0426320082177 0.0335
    endloop
  endfacet
  facet normal 0 0 0
    outer loop
      vertex -0.022699524987 0.0445503262094 0.05125
      vertex -0.022699524987 0.0445503262094 0.069
      vertex -0.0261249282358 0.0426320082177 0.069
    endloop
  endfacet
  facet normal 0 0 0
    outer loop
      vertex -0.022699524987 0.0445503262094 0.05125
      vertex -0.0261249282358 0.0426320082177 0.069
      vertex -0.0261249282358 0.0426320082177 0.05125
    endloop
  endfacet
  facet normal 0 0 0
    outer loop
      vertex -0.022699524987 0.0445503262094 0.069
      vertex -0.022699524987 0.0445503262094 0.08675
      vertex -0.0261249282358 0.0426320082177 0.08675
    endloop
  endfacet
  facet normal 0 0 0
    outer loop
      vertex -0.022699524987 0.0445503262094 0.069
      vertex -0.0261249282358 0.0426320082177 0.08675
      vertex -0.0261249282358 0.0426320082177 0.069
    endloop
  endfacet
  facet normal 0 0 0
    outer loop
      vertex -0.022699524987 0.0445503262094 0.08675
      vertex -0.022699524987 0.0445503262094 0.1045
      vertex -0.0261249282358 0.0426320082177 0.1045
    endloop
  endfacet
  facet normal 0 0 0
    outer loop
      vertex -0.022699524987 0.0445503262094 0.08675
      vertex -0.0261249282358 0.0426320082177 0.1045
      vertex -0.0261249282358 0.0426320082177 0.08675
    endloop
  endfacet
  facet normal 0 0 0
    outer loop
      vertex -0.022699524987 0.0445503262094 0.1045
      vertex -0.022699524987 0.0445503262094 0.12225
      vertex -0.0261249282358 0.0426320082177 0.12225
    endloop
  endfacet
  facet normal 0 0 0
    outer loop
      vertex -0.022699524987 0.0445503262094 0.1045
      vertex -0.0261249282358 0.0426320082177 0.12225
      vertex -0.0261249282358 0.0426320082177 0.1045
    endloop
  endfacet
  facet normal 0 0 0
    outer loop
      vertex -0.022699524987 0.0445503262094 0.12225
      vertex -0.022699524987 0.0445503262094 0.14
      vertex -0.0261249282358 0.0426320082177 0.14
    endloop
  endfacet
  facet normal 0 0 0
    outer loop
      vertex -0.022699524987 0.0445503262094 0.12225
      vertex -0.0261249282358 0.0426320082177 0.14
      vertex -0.0261249282358 0.0426320082177 0.12225
    endloop
  endfacet
  facet normal 0 0 0
    outer loop
      vertex -0.0261249282358 0.0426320082177 -0.002
      vertex -0.0261249282358 0.0426320082177 0.01575
      vertex -0.0293892626146 0.0404508497187 0.01575
    endloop
  endfacet
  facet normal 0 0 0
    outer loop
      vertex -0.0261249282358 0.0426320082177 -0.002
      vertex -0.0293892626146 0.0404508497187 0.01575
      vertex -0.0293892626146 0.0404508497187 -0.002
    endloop
  endfacet
  facet normal 0 0 0
    outer loop
      vertex -0.0261249282358 0.0426320082177 0.01575
      vertex -0.0261249282358 0.0426320082177 0.0335
      vertex -0.0293892626146 0.0404508497187 0.0335
    endloop
  endfacet
  facet normal 0 0 0
    outer loop
      vertex -0.0261249282358 0.0426320082177 0.01575
      vertex -0.0293892626146 0.0404508497187 0.0335
      vertex -0.0293892626146 0.0404508497187 0.01575
    endloop
  endfacet
  facet normal 0 0 0
    outer loop
      vertex -0.0261249282358 0.0426320082177 0.0335
      vertex -0.0261249282358 0.0426320082177 0.05125
      vertex -0.0293892626146 0.0404508497187 0.05125
    endloop
  endfacet
  facet normal 0 0 0
    outer loop
      vertex -0.0261249282358 0.0426320082177 0.0335
      vertex -0.0293892626146 0.0404508497187 0.05125
      vertex -0.0293892626146 0.0404508497187 0.0335
    endloop
  endfacet
  facet normal 0 0 0
    outer loop
      vertex -0.0261249282358 0.0426320082177 0.05125
      vertex -0.0261249282358 0.0426320082177 0.069
      vertex -0.0293892626146 0.0404508497187 0.069
    endloop
  endfacet
  facet normal 0 0 0
    outer loop
      vertex -0.0261249282358 0.0426320082177 0.05125
      vertex -0.0293892626146 0.0404508497187 0.069
      vertex -0.0293892626146 0.0404508497187 0.05125
    endloop
  endfacet
  facet normal 0 0 0
    outer loop
      vertex -0.0261249282358 0.0426320082177 0.069
      vertex -0.0261249282358 0.0426320082177 0.08675
      vertex -0.0293892626146 0.0404508497187 0.08675
    endloop
  endfacet
  facet normal 0 0 0
    outer loop
      vertex -0.0261249282358 0.0426320082177 0.069
      vertex -0.0293892626146 0.0404508497187 0.08675
      vertex -0.0293892626146 0.0404508497187 0.069
    endloop
  endfacet
  facet normal 0 0 0
    outer loop
      vertex -0.0261249282358 0.0426320082177 0.08675
      vertex -0.0261249282358 0.0426320082177 0.1045
      vertex -0.0293892626146 0.0404508497187 0.1045
    endloop
  endfacet
  facet normal 0 0 0
    outer loop
      vertex -0.0261249282358 0.0426320082177 0.08675
      vertex -0.0293892626146 0.0404508497187 0.1045
      vertex -0.0293892626146 0.0404508497187 0.08675
    endloop
  endfacet
  facet normal 0 0 0
    outer loop
      vertex -0.0261249282358 0.0426320082177 0.1045
      vertex -0.0261249282358 0.0426320082177 0.12225
      vertex -0.0293892626146 0.0404508497187 0.12225
    endloop
  endfacet
  facet normal 0 0 0
    outer loop
      vertex -0.0261249282358 0.0426320082177 0.1045
      vertex -0.0293892626146 0.0404508497187 0.12225
      vertex -0.0293892626146 0.0404508497187 0.1045
    endloop
  endfacet
  facet normal 0 0 0
    outer loop
      vertex -0.0261249282358 0.0426320082177 0.12225
      vertex -0.0261249282358 0.0426320082177 0.14
      vertex -0.0293892626146 0.0404508497187 0.14
    endloop
  endfacet
  facet normal 0 0 0
    outer loop
      vertex -0.0261249282358 0.0426320082177 0.12225
      vertex -0.0293892626146 0.0404508497187 0.14
      vertex -0.0293892626146 0.0404508497187 0.12225
    endloop
  endfacet
  facet normal 0 0 0
    outer loop
      vertex -0.0293892626146 0.0404508497187 -0.002
      vertex -0.0293892626146 0.0404508497187 0.01575
      vertex -0.0324724024165 0.03802029828 0.01575
    endloop
  endfacet
  facet normal 0 0 0
    outer loop
      vertex -0.0293892626146 0.0404508497187 -0.002
      vertex -0.0324724024165 0.03802029828 0.01575
      vertex -0.0324724024165 0.03802029828 -0.002
    endloop
  endfacet
  facet normal 0 0 0
    outer loop
      vertex -0.0293892626146 0.0404508497187 0.01575
      vertex -0.0293892626146 0.0404508497187 0.0335
      vertex -0.0324724024165 0.03802029828 0.0335
    endloop
  endfacet
  facet normal 0 0 0
    outer loop
      vertex -0.0293892626146 0.0404508497187 0.01575
      vertex -0.0324724024165 0.03802029828 0.0335
      vertex -0.0324724024165 0.03802029828 0.01575
    endloop
  endfacet
  facet normal 0 0 0
    outer loop
      vertex -0.0293892626146 0.0404508497187 0.0335
      vertex -0.0293892626146 0.0404508497187 0.05125
      vertex -0.0324724024165 0.03802029828 0.05125
    endloop
  endfacet
  facet normal 0 0 0
    outer loop
      vertex -0.0293892626146 0.0404508497187 0.0335
      vertex -0.0324724024165 0.03802029828 0.05125
      vertex -0.0324724024165 0.03802029828 0.0335
    endloop
  endfacet
  facet normal 0 0 0
    outer loop
      vertex -0.0293892626146 0.0404508497187 0.05125
      vertex -0.0293892626146 0.0404508497187 0.069
      vertex -0.0324724024165 0.03802029828 0.069
    endloop
  endfacet
  facet normal 0 0 0
    outer loop
      vertex -0.0293892626146 0.0404508497187 0.05125
      vertex -0.0324724024165 0.03802029828 0.069
      vertex -0.0324724024165 0.03802029828 0.05125
    endloop
  endfacet
  facet normal 0 0 0
    outer loop
      vertex -0.0293892626146 0.0404508497187 0.069
      vertex -0.0293892626146 0.0404508497187 0.08675
      vertex -0.0324724024165 0.03802029828 0.08675
    endloop
  endfacet
  facet normal 0 0 0
    outer loop
      vertex -0.0293892626146 0.0404508497187 0.069
      vertex -0.0324724024165 0.03802029828 0.08675
      vertex -0.0324724024165 0.03802029828 0.069
    endloop
  endfacet
  facet normal 0 0 0
    outer loop
      vertex -0.0293892626146 0.0404508497187 0.08675
      vertex -0.0293892626146 0.0404508497187 0.1045
      vertex -0.0324724024165 0.03802029828 0.1045
    endloop
  endfacet
  facet normal 0 0 0
    outer loop
      vertex -0.0293892626146 0.0404508497187 0.08675
      vertex -0.0324724024165 0.03802029828 0.1045
      vertex -0.0324724024165 0.03802029828 0.08675
    endloop
  endfacet
  facet normal 0 0 0
    outer loop
      vertex -0.0293892626146 0.0404508497187 0.1045
      vertex -0.0293892626146 0.0404508497187 0.12225
      vertex -0.0324724024165 0.03802029828 0.12225
    endloop
  endfacet
  facet normal 0 0 0
    outer loop
      vertex -0.0293892626146 0.0404508497187 0.1045
      vertex -0.0324724024165 0.03802029828 0.12225
      vertex -0.0324724024165 0.03802029828 0.1045
    endloop
  endfacet
  facet normal 0 0 0
    outer loop
      vertex -0.0293892626146 0.0404508497187 0.12225
      vertex -0.0293892626146 0.0404508497187 0.14
      vertex -0.0324724024165 0.03802029828 0.14
    endloop
  endfacet
  facet normal 0 0 0
    outer loop
      vertex -0.0293892626146 0.0404508497187 0.12225
      vertex -0.0324724024165 0.03802029828 0.14
      vertex -0.0324724024165 0.03802029828 0.12225
    endloop
  endfacet
  facet normal 0 0 0
    outer loop
      vertex -0.0324724024165 0.03802029828 -0.002
      vertex -0.0324724024165 0.03802029828 0.01575
      vertex -0.0353553390593 0.0353553390593 0.01575
    endloop
  endfacet
  facet normal 0 0 0
    outer loop
      vertex -0.0324724024165 0.03802029828 -0.002
      vertex -0.0353553390593 0.0353553390593 0.01575
      vertex -0.0353553390593 0.0353553390593 -0.002
    endloop
  endfacet
  facet normal 0 0 0
    outer loop
      vertex -0.0324724024165 0.03802029828 0.01575
      vertex -0.0324724024165 0.03802029828 0.0335
      vertex -0.0353553390593 0.0353553390593 0.0335
    endloop
  endfacet
  facet normal 0 0 0
    outer loop
      vertex -0.0324724024165 0.03802029828 0.01575
      vertex -0.0353553390593 0.0353553390593 0.0335
      vertex -0.0353553390593 0.0353553390593 0.01575
    endloop
  endfacet
  facet normal 0 0 0
    outer loop
      vertex -0.0324724024165 0.03802029828 0.0335
      vertex -0.0324724024165 0.03802029828 0.05125
      vertex -0.0353553390593 0.0353553390593 0.05125
    endloop
  endfacet
  facet normal 0 0 0
    outer loop
      vertex -0.0324724024165 0.03802029828 0.0335
      vertex -0.0353553390593 0.0353553390593 0.05125
      vertex -0.0353553390593 0.0353553390593 0.0335
    endloop
  endfacet
  facet normal 0 0 0
    outer loop
      vertex -0.0324724024165 0.03802029828 0.05125
      vertex -0.0324724024165 0.03802029828 0.069
      vertex -0.0353553390593 0.0353553390593 0.069
    endloop
  endfacet
  facet normal 0 0 0
    outer loop
      vertex -0.0324724024165 0.03802029828 0.05125
      vertex -0.0353553390593 0.0353553390593 0.069
      vertex -0.0353553390593 0.0353553390593 0.05125
    endloop
  endfacet
  facet normal 0 0 0
    outer loop
      vertex -0.0324724024165 0.03802029828 0.069
      vertex -0.0324724024165 0.03802029828 0.08675
      vertex -0.0353553390593 0.0353553390593 0.08675
    endloop
  endfacet
  facet normal 0 0 0
    outer loop
      vertex -0.0324724024165 0.03802029828 0.069
      vertex -0.0353553390593 0.0353553390593 0.08675
      vertex -0.0353553390593 0.0353553390593 0.069
    endloop
  endfacet
  facet normal 0 0 0
    outer loop
      vertex -0.0324724024165 0.03802029828 0.08675
      vertex -0.0324724024165 0.03802029828 0.1045
      vertex -0.0353553390593 0.0353553390593 0.1045
    endloop
  endfacet
  facet normal 0 0 0
    outer loop
      vertex -0.0324724024165 0.03802029828 0.08675
      vertex -0.0353553390593 0.0353553390593 0.1045
      vertex -0.0353553390593 0.0353553390593 0.08675
    endloop
  endfacet
  facet normal 0 0 0
    outer loop
      vertex -0.0324724024165 0.03802029828 0.1045
      vertex -0.0324724024165 0.03802029828 0.12225
      vertex -0.0353553390593 0.0353553390593 0.12225
    endloop
  endfacet
  facet normal 0 0 0
    outer loop
      vertex -0.0324724024165 0.03802029828 0.1045
      vertex -0.0353553390593 0.0353553390593 0.12225
      vertex -0.0353553390593 0.0353553390593 0.1045
    endloop
  endfacet
  facet normal 0 0 0
    outer loop
      vertex -0.0324724024165 0.03802029828 0.12225
      vertex -0.0324724024165 0.03802029828 0.14
      vertex -0.0353553390593 0.0353553390593 0.14
    endloop
  endfacet
  facet normal 0 0 0
    outer loop
      vertex -0.0324724024165 0.03802029828 0.12225
      vertex -0.0353553390593 0.0353553390593 0.14
      vertex -0.0353553390593 0.0353553390593 0.12225
    endloop
  endfacet
  facet normal 0 0 0
    outer loop
      vertex -0.0353553390593 0.0353553390593 -0.002
      vertex -0.0353553390593 0.0353553390593 0.01575
      vertex -0.03802029828 0.0324724024165 0.01575
    endloop
  endfacet
  facet normal 0 0 0
    outer loop
      vertex -0.0353553390593 0.0353553390593 -0.002
      vertex -0.03802029828 0.0324724024165 0.01575
      vertex -0.03802029828 0.0324724024165 -0.002
    endloop
  endfacet
  facet normal 0 0 0
    outer loop
      vertex -0.0353553390593 0.0353553390593 0.01575
      vertex -0.0353553390593 0.0353553390593 0.0335
      vertex -0.03802029828 0.0324724024165 0.0335
    endloop
  endfacet
  facet normal 0 0 0
    outer loop
      vertex -0.0353553390593 0.0353553390593 0.01575
      vertex -0.03802029828 0.0324724024165 0.0335
      vertex -0.03802029828 0.0324724024165 0.01575
    endloop
  endfacet
  facet normal 0 0 0
    outer loop
      vertex -0.0353553390593 0.0353553390593 0.0335
      vertex -0.0353553390593 0.0353553390593 0.05125
      vertex -0.03802029828 0.0324724024165 0.05125
    endloop
  endfacet
  facet normal 0 0 0
    outer loop
      vertex -0.0353553390593 0.0353553390593 0.0335
      vertex -0.03802029828 0.0324724024165 0.05125
      vertex -0.03802029828 0.0324724024165 0.0335
    endloop
  endfacet
  facet normal 0 0 0
    outer loop
      vertex -0.0353553390593 0.0353553390593 0.05125
      vertex -0.0353553390593 0.0353553390593 0.069
      vertex -0.03802029828 0.0324724024165 0.069
    endloop
  endfacet
  facet normal 0 0 0
    outer loop
      vertex -0.0353553390593 0.0353553390593 0.05125
      vertex -0.03802029828 0.0324724024165 0.069
      vertex -0.03802029828 0.0324724024165 0.05125
    endloop
  endfacet
  facet normal 0 0 0
    outer loop
      vertex -0.0353553390593 0.0353553390593 0.069
      vertex -0.0353553390593 0.0353553390593 0.08675
      vertex -0.03802029828 0.0324724024165 0.08675
    endloop
  endfacet
  facet normal 0 0 0
    outer loop
      vertex -0.0353553390593 0.0353553390593 0.069
      vertex -0.03802029828 0.0324724024165 0.08675
      vertex -0.03802029828 0.0324724024165 0.069
    endloop
  endfacet
  facet normal 0 0 0
    outer loop
      vertex -0.0353553390593 0.0353553390593 0.08675
      vertex -0.0353553390593 0.0353553390593 0.1045
      vertex -0.03802029828 0.0324724024165 0.1045
    endloop
  endfacet
  facet normal 0 0 0
    outer loop
      vertex -0.0353553390593 0.0353553390593 0.08675
      vertex -0.03802029828 0.0324724024165 0.1045
      vertex -0.03802029828 0.0324724024165 0.08675
    endloop
  endfacet
  facet normal 0 0 0
    outer loop
      vertex -0.0353553390593 0.0353553390593 0.1045
      vertex -0.0353553390593 0.0353553390593 0.12225
      vertex -0.03802029828 0.0324724024165 0.12225
    endloop
  endfacet
  facet normal 0 0 0
    outer loop
      vertex -0.0353553390593 0.0353553390593 0.1045
      vertex -0.03802029828 0.0324724024165 0.12225
      vertex -0.03802029828 0.0324724024165 0.1045
    endloop
  endfacet
  facet normal 0 0 0
    outer loop
      vertex -0.0353553390593 0.0353553390593 0.12225
      vertex -0.0353553390593 0.0353553390593 0.14
      vertex -0.03802029828 0.0324724024165 0.14
    endloop
  endfacet
  facet normal 0 0 0
    outer loop
      vertex -0.0353553390593 0.0353553390593 0.12225
      vertex -0.03802029828 0.0324724024165 0.14
      vertex -0.03802029828 0.0324724024165 0.12225
    endloop
  endfacet
  facet normal 0 0 0
    outer loop
      vertex -0.03802029828 0.0324724024165 -0.002
      vertex -0.03802029828 0.0324724024165 0.01575
      vertex -0.0404508497187 0.0293892626146 0.01575
    endloop
  endfacet
  facet normal 0 0 0
    outer loop
      vertex -0.03802029828 0.0324724024165 -0.002
      vertex -0.0404508497187 0.0293892626146 0.01575
      vertex -0.0404508497187 0.0293892626146 -0.002
    endloop
  endfacet
  facet normal 0 0 0
    outer loop
      vertex -0.03802029828 0.0324724024165 0.01575
      vertex -0.03802029828 0.0324724024165 0.0335
      vertex -0.0404508497187 0.0293892626146 0.0335
    endloop
  endfacet
  facet normal 0 0 0
    outer loop
      vertex -0.03802029828 0.0324724024165 0.01575
      vertex -0.0404508497187 0.0293892626146 0.0335
      vertex -0.0404508497187 0.0293892626146 0.01575
    endloop
  endfacet
  facet normal 0 0 0
    outer loop
      vertex -0.03802029828 0.0324724024165 0.0335
      vertex -0.03802029828 0.0324724024165 0.05125
      vertex -0.0404508497187 0.0293892626146 0.05125
    endloop
  endfacet
  facet normal 0 0 0
    outer loop
      vertex -0.03802029828 0.0324724024165 0.0335
      vertex -0.0404508497187 0.0293892626146 0.05125
      vertex -0.0404508497187 0.0293892626146 0.0335
    endloop
  endfacet
  facet normal 0 0 0
    outer loop
      vertex -0.03802029828 0.0324724024165 0.05125
      vertex -0.03802029828 0.0324724024165 0.069
      vertex -0.0404508497187 0.0293892626146 0.069
    endloop
  endfacet
  facet normal 0 0 0
    outer loop
      vertex -0.03802029828 0.0324724024165 0.05125
      vertex -0.0404508497187 0.0293892626146 0.069
      vertex -0.0404508497187 0.0293892626146 0.05125
    endloop
  endfacet
  facet normal 0 0 0
    outer loop
      vertex -0.03802029828 0.0324724024165 0.069
      vertex -0.03802029828 0.0324724024165 0.08675
      vertex -0.0404508497187 0.0293892626146 0.08675
    endloop
  endfacet
  facet normal 0 0 0
    outer loop
      vertex -0.03802029828 0.0324724024165 0.069
      vertex -0.0404508497187 0.0293892626146 0.08675
      vertex -0.0404508497187 0.0293892626146 0.069
    endloop
  endfacet
  facet normal 0 0 0
    outer loop
      vertex -0.03802029828 0.0324724024165 0.08675
      vertex -0.03802029828 0.0324724024165 0.1045
      vertex -0.0404508497187 0.0293892626146 0.1045
    endloop
  endfacet
  facet normal 0 0 0
    outer loop
      vertex -0.03802029828 0.0324724024165 0.08675
      vertex -0.0404508497187 0.0293892626146 0.1045
      vertex -0.0404508497187 0.0293892626146 0.08675
    endloop
  endfacet
  facet normal 0 0 0
    outer loop
      vertex -0.03802029828 0.0324724024165 0.1045
      vertex -0.03802029828 0.0324724024165 0.12225
      vertex -0.0404508497187 0.0293892626146 0.12225
    endloop
  endfacet
  facet normal 0 0 0
    outer loop
      vertex -0.03802029828 0.0324724024165 0.1045
      vertex -0.0404508497187 0.0293892626146 0.12225
      vertex -0.0404508497187 0.0293892626146 0.1045
    endloop
  endfacet
  facet normal 0 0 0
    outer loop
      vertex -0.03802029828 0.0324724024165 0.12225
      vertex -0.03802029828 0.0324724024165 0.14
      vertex -0.0404508497187 0.0293892626146 0.14
    endloop
  endfacet
  facet normal 0 0 0
    outer loop
      vertex -0.03802029828 0.0324724024165 0.12225
      vertex -0.0404508497187 0.0293892626146 0.14
      vertex -0.0404508497187 0.0293892626146 0.12225
    endloop
  endfacet
  facet normal 0 0 0
    outer loop
      vertex -0.0404508497187 0.0293892626146 -0.002
      vertex -0.0404508497187 0.0293892626146 0.01575
      vertex -0.0426320082177 0.0261249282358 0.01575
    endloop
  endfacet
  facet normal 0 0 0
    outer loop
      vertex -0.0404508497187 0.0293892626146 -0.002
      vertex -0.0426320082177 0.0261249282358 0.01575
      vertex -0.0426320082177 0.0261249282358 -0.002
    endloop
  endfacet
  facet normal 0 0 0
    outer loop
      vertex -0.0404508497187 0.0293892626146 0.01575
      vertex -0.0404508497187 0.0293892626146 0.0335
      vertex -0.0426320082177 0.0261249282358 0.0335
    endloop
  endfacet
  facet normal 0 0 0
    outer loop
      vertex -0.0404508497187 0.0293892626146 0.01575
      vertex -0.0426320082177 0.0261249282358 0.0335
      vertex -0.0426320082177 0.0261249282358 0.01575
    endloop
  endfacet
  facet normal 0 0 0
    outer loop
      vertex -0.0404508497187 0.0293892626146 0.0335
      vertex -0.0404508497187 0.0293892626146 0.05125
      vertex -0.0426320082177 0.0261249282358 0.05125
    endloop
  endfacet
  facet normal 0 0 0
    outer loop
      vertex -0.0404508497187 0.0293892626146 0.0335
      vertex -0.0426320082177 0.0261249282358 0.05125
      vertex -0.0426320082177 0.0261249282358 0.0335
    endloop
  endfacet
  facet normal 0 0 0
    outer loop
      vertex -0.0404508497187 0.0293892626146 0.05125
      vertex -0.0404508497187 0.0293892626146 0.069
      vertex -0.0426320082177 0.0261249282358 0.069
    endloop
  endfacet
  facet normal 0 0 0
    outer loop
      vertex -0.0404508497187 0.0293892626146 0.05125
      vertex -0.0426320082177 0.0261249282358 0.069
      vertex -0.0426320082177 0.0261249282358 0.05125
    endloop
  endfacet
  facet normal 0 0 0
    outer loop
      vertex -0.0404508497187 0.0293892626146 0.069
      vertex -0.0404508497187 0.0293892626146 0.08675
      vertex -0.0426320082177 0.0261249282358 0.08675
    endloop
  endfacet
  facet normal 0 0 0
    outer loop
      vertex -0.0404508497187 0.0293892626146 0.069
      vertex -0.0426320082177 0.0261249282358 0.08675
      vertex -0.0426320082177 0.0261249282358 0.069
    endloop
  endfacet
  facet normal 0 0 0
    outer loop
      vertex -0.0404508497187 0.0293892626146 0.08675
      vertex -0.0404508497187 0.0293892626146 0.1045
      vertex -0.0426320082177 0.0261249282358 0.1045
    endloop
  endfacet
  facet normal 0 0 0
    outer loop
      vertex -0.0404508497187 0.0293892626146 0.08675
      vertex -0.0426320082177 0.0261249282358 0.1045
      vertex -0.0426320082177 0.0261249282358 0.08675
    endloop
  endfacet
  facet normal 0 0 0
    outer loop
      vertex -0.0404508497187 0.0293892626146 0.1045
      vertex -0.0404508497187 0.0293892626146 0.12225
      vertex -0.0426320082177 0.0261249282358 0.12225
    endloop
  endfacet
  facet normal 0 0 0
    outer loop
      vertex -0.0404508497187 0.0293892626146 0.1045
      vertex -0.0426320082177 0.0261249282358 0.12225
      vertex -0.0426320082177 0.0261249282358 0.1045
    endloop
  endfacet
  facet normal 0 0 0
    outer loop
      vertex -0.0404508497187 0.0293892626146 0.12225
      vertex -0.0404508497187 0.0293892626146 0.14
      vertex -0.0426320082177 0.0261249282358 0.14
    endloop
  endfacet
  facet normal 0 0 0
    outer loop
      vertex -0.0404508497187 0.0293892626146 0.12225
      vertex -0.0426320082177 0.0261249282358 0.14
      vertex -0.0426320082177 0.0261249282358 0.12225
    endloop
  endfacet
  facet normal 0 0 0
    outer loop
      vertex -0.0426320082177 0.0261249282358 -0.002
      vertex -0.0426320082177 0.0261249282358 0.01575
      vertex -0.0445503262094 0.022699524987 0.01575
    endloop
  endfacet
  facet normal 0 0 0
    outer loop
      vertex -0.0426320082177 0.0261249282358 -0.002
      vertex -0.0445503262094 0.022699524987 0.01575
      vertex -0.0445503262094 0.022699524987 -0.002
    endloop
  endfacet
  facet normal 0 0 0
    outer loop
      vertex -0.0426320082177 0.0261249282358 0.01575
      vertex -0.0426320082177 0.0261249282358 0.0335
      vertex -0.0445503262094 0.022699524987 0.0335
    endloop
  endfacet
  facet normal 0 0 0
    outer loop
      vertex -0.0426320082177 0.0261249282358 0.01575
      vertex -0.0445503262094 0.022699524987 0.0335
      vertex -0.0445503262094 0.022699524987 0.01575
    endloop
  endfacet
  facet normal 0 0 0
    outer loop
      vertex -0.0426320082177 0.0261249282358 0.0335
      vertex -0.0426320082177 0.0261249282358 0.05125
      vertex -0.0445503262094 0.022699524987 0.05125
    endloop
  endfacet
  facet normal 0 0 0
    outer loop
      vertex -0.0426320082177 0.0261249282358 0.0335
      vertex -0.0445503262094 0.022699524987 0.05125
      vertex -0.0445503262094 0.022699524987 0.0335
    endloop
  endfacet
  facet normal 0 0 0
    outer loop
      vertex -0.0426320082177 0.0261249282358 0.05125
      vertex -0.0426320082177 0.0261249282358 0.069
      vertex -0.0445503262094 0.022699524987 0.069
    endloop
  endfacet
  facet normal 0 0 0
    outer loop
      vertex -0.0426320082177 0.0261249282358 0.05125
      vertex -0.0445503262094 0.022699524987 0.069
      vertex -0.0445503262094 0.022699524987 0.05125
    endloop
  endfacet
  facet normal 0 0 0
    outer loop
      vertex -0.0426320082177 0.0261249282358 0.069
      vertex -0.0426320082177 0.0261249282358 0.08675
      vertex -0.0445503262094 0.022699524987 0.08675
    endloop
  endfacet
  facet normal 0 0 0
    outer loop
      vertex -0.0426320082177 0.0261249282358 0.069
      vertex -0.0445503262094 0.022699524987 0.08675
      vertex -0.0445503262094 0.022699524987 0.069
    endloop
  endfacet
  facet normal 0 0 0
    outer loop
      vertex -0.0426320082177 0.0261249282358 0.08675
      vertex -0.0426320082177 0.0261249282358 0.1045
      vertex -0.0445503262094 0.022699524987 0.1045
    endloop
  endfacet
  facet normal 0 0 0
    outer loop
      vertex -0.0426320082177 0.0261249282358 0.08675
      vertex -0.0445503262094 0.022699524987 0.1045
      vertex -0.0445503262094 0.022699524987 0.08675
    endloop
  endfacet
  facet normal 0 0 0
    outer loop
      vertex -0.0426320082177 0.0261249282358 0.1045
      vertex -0.0426320082177 0.0261249282358 0.12225
      vertex -0.0445503262094 0.022699524987 0.12225
    endloop
  endfacet
  facet normal 0 0 0
    outer loop
      vertex -0.0426320082177 0.0261249282358 0.1045
      vertex -0.0445503262094 0.022699524987 0.12225
      vertex -0.0445503262094 0.022699524987 0.1045
    endloop
  endfacet
  facet normal 0 0 0
    outer loop
      vertex -0.0426320082177 0.0261249282358 0.12225
      vertex -0.0426320082177 0.0261249282358 0.14
      vertex -0.0445503262094 0.022699524987 0.14
    endloop
  endfacet
  facet normal 0 0 0
    outer loop
      vertex -0.0426320082177 0.0261249282358 0.12225
      vertex -0.0445503262094 0.022699524987 0.14
      vertex -0.0445503262094 0.022699524987 0.12225
    endloop
  endfacet
  facet normal 0 0 0
    outer loop
      vertex -0.0445503262094 0.022699524987 -0.002
      vertex -0.0445503262094 0.022699524987 0.01575
      vertex -0.0461939766256 0.0191341716183 0.01575
    endloop
  endfacet
  facet normal 0 0 0
    outer loop
      vertex -0.0445503262094 0.022699524987 -0.002
      vertex -0.0461939766256 0.0191341716183 0.01575
      vertex -0.0461939766256 0.0191341716183 -0.002
    endloop
  endfacet
  facet normal 0 0 0
    outer loop
      vertex -0.0445503262094 0.022699524987 0.01575
      vertex -0.0445503262094 0.022699524987 0.0335
      vertex -0.0461939766256 0.0191341716183 0.0335
    endloop
  endfacet
  facet normal 0 0 0
    outer loop
      vertex -0.0445503262094 0.022699524987 0.01575
      vertex -0.0461939766256 0.0191341716183 0.0335
      vertex -0.0461939766256 0.0191341716183 0.01575
    endloop
  endfacet
  facet normal 0 0 0
    outer loop
      vertex -0.0445503262094 0.022699524987 0.0335
      vertex -0.0445503262094 0.022699524987 0.05125
      vertex -0.0461939766256 0.0191341716183 0.05125
    endloop
  endfacet
  facet normal 0 0 0
    outer loop
      vertex -0.0445503262094 0.022699524987 0.0335
      vertex -0.0461939766256 0.0191341716183 0.05125
      vertex -0.0461939766256 0.0191341716183 0.0335
    endloop
  endfacet
  facet normal 0 0 0
    outer loop
      vertex -0.0445503262094 0.022699524987 0.05125
      vertex -0.0445503262094 0.022699524987 0.069
      vertex -0.0461939766256 0.0191341716183 0.069
    endloop
  endfacet
  facet normal 0 0 0
    outer loop
      vertex -0.0445503262094 0.022699524987 0.05125
      vertex -0.0461939766256 0.0191341716183 0.069
      vertex -0.0461939766256 0.0191341716183 0.05125
    endloop
  endfacet
  facet normal 0 0 0
    outer loop
      vertex -0.0445503262094 0.022699524987 0.069
      vertex -0.0445503262094 0.022699524987 0.08675
      vertex -0.0461939766256 0.0191341716183 0.08675
    endloop
  endfacet
  facet normal 0 0 0
    outer loop
      vertex -0.0445503262094 0.022699524987 0.069
      vertex -0.0461939766256 0.0191341716183 0.08675
      vertex -0.0461939766256 0.0191341716183 0.069
    endloop
  endfacet
  facet normal 0 0 0
    outer loop
      vertex -0.0445503262094 0.022699524987 0.08675
      vertex -0.0445503262094 0.022699524987 0.1045
      vertex -0.0461939766256 0.0191341716183 0.1045
    endloop
  endfacet
  facet normal 0 0 0
    outer loop
      vertex -0.0445503262094 0.022699524987 0.08675
      vertex -0.0461939766256 0.0191341716183 0.1045
      vertex -0.0461939766256 0.0191341716183 0.08675
    endloop
  endfacet
  facet normal 0 0 0
    outer loop
      vertex -0.0445503262094 0.022699524987 0.1045
      vertex -0.0445503262094 0.022699524987 0.12225
      vertex -0.0461939766256 0.0191341716183 0.12225
    endloop
  endfacet
  facet normal 0 0 0
    outer loop
      vertex -0.0445503262094 0.022699524987 0.1045
      vertex -0.0461939766256 0.0191341716183 0.12225
      vertex -0.0461939766256 0.0191341716183 0.1045
    endloop
  endfacet
  facet normal 0 0 0
    outer loop
      vertex -0.0445503262094 0.022699524987 0.12225
      vertex -0.0445503262094 0.022699524987 0.14
      vertex -0.0461939766256 0.0191341716183 0.14
    endloop
  endfacet
  facet normal 0 0 0
    outer loop
      vertex -0.0445503262094 0.022699524987 0.12225
      vertex -0.0461939766256 0.0191341716183 0.14
      vertex -0.0461939766256 0.0191341716183 0.12225
    endloop
  endfacet
  facet normal 0 0 0
    outer loop
      vertex -0.0461939766256 0.0191341716183 -0.002
      vertex -0.0461939766256 0.0191341716183 0.01575
      vertex -0.0475528258148 0.0154508497187 0.01575
    endloop
  endfacet
  facet normal 0 0 0
    outer loop
      vertex -0.0461939766256 0.0191341716183 -0.002
      vertex -0.0475528258148 0.0154508497187 0.01575
      vertex -0.0475528258148 0.0154508497187 -0.002
    endloop
  endfacet
  facet normal 0 0 0
    outer loop
      vertex -0.0461939766256 0.0191341716183 0.01575
      vertex -0.0461939766256 0.0191341716183 0.0335
      vertex -0.0475528258148 0.0154508497187 0.0335
    endloop
  endfacet
  facet normal 0 0 0
    outer loop
      vertex -0.0461939766256 0.0191341716183 0.01575
      vertex -0.0475528258148 0.0154508497187 0.0335
      vertex -0.0475528258148 0.0154508497187 0.01575
    endloop
  endfacet
  facet normal 0 0 0
    outer loop
      vertex -0.0461939766256 0.0191341716183 0.0335
      vertex -0.0461939766256 0.0191341716183 0.05125
      vertex -0.0475528258148 0.0154508497187 0.05125
    endloop
  endfacet
  facet normal 0 0 0
    outer loop
      vertex -0.0461939766256 0.0191341716183 0.0335
      vertex -0.0475528258148 0.0154508497187 0.05125
      vertex -0.0475528258148 0.0154508497187 0.0335
    endloop
  endfacet
  facet normal 0 0 0
    outer loop
      vertex -0.0461939766256 0.0191341716183 0.05125
      vertex -0.0461939766256 0.0191341716183 0.069
      vertex -0.0475528258148 0.0154508497187 0.069
    endloop
  endfacet
  facet normal 0 0 0
    outer loop
      vertex -0.0461939766256 0.0191341716183 0.05125
      vertex -0.0475528258148 0.0154508497187 0.069
      vertex -0.0475528258148 0.0154508497187 0.05125
    endloop
  endfacet
  facet normal 0 0 0
    outer loop
      vertex -0.0461939766256 0.0191341716183 0.069
      vertex -0.0461939766256 0.0191341716183 0.08675
      vertex -0.0475528258148 0.0154508497187 0.08675
    endloop
  endfacet
  facet normal 0 0 0
    outer loop
      vertex -0.0461939766256 0.0191341716183 0.069
      vertex -0.0475528258148 0.0154508497187 0.08675
      vertex -0.0475528258148 0.0154508497187 0.069
    endloop
  endfacet
  facet normal 0 0 0
    outer loop
      vertex -0.0461939766256 0.0191341716183 0.08675
      vertex -0.0461939766256 0.0191341716183 0.1045
      vertex -0.0475528258148 0.0154508497187 0.1045
    endloop
  endfacet
  facet normal 0 0 0
    outer loop
      vertex -0.0461939766256 0.0191341716183 0.08675
      vertex -0.0475528258148 0.0154508497187 0.1045
      vertex -0.0475528258148 0.0154508497187 0.08675
    endloop
  endfacet
  facet normal 0 0 0
    outer loop
      vertex -0.0461939766256 0.0191341716183 0.1045
      vertex -0.0461939766256 0.0191341716183 0.12225
      vertex -0.0475528258148 0.0154508497187 0.12225
    endloop
  endfacet
  facet normal 0 0 0
    outer loop
      vertex -0.0461939766256 0.0191341716183 0.1045
      vertex -0.0475528258148 0.0154508497187 0.12225
      vertex -0.0475528258148 0.0154508497187 0.1045
    endloop
  endfacet
  facet normal 0 0 0
    outer loop
      vertex -0.0461939766256 0.0191341716183 0.12225
      vertex -0.0461939766256 0.0191341716183 0.14
      vertex -0.0475528258148 0.0154508497187 0.14
    endloop
  endfacet
  facet normal 0 0 0
    outer loop
      vertex -0.0461939766256 0.0191341716183 0.12225
      vertex -0.0475528258148 0.0154508497187 0.14
      vertex -0.0475528258148 0.0154508497187 0.12225
    endloop
  endfacet
  facet normal 0 0 0
    outer loop
      vertex -0.0475528258148 0.0154508497187 -0.002
      vertex -0.0475528258148 0.0154508497187 0.01575
      vertex -0.0486184960199 0.0116722681928 0.01575
    endloop
  endfacet
  facet normal 0 0 0
    outer loop
      vertex -0.0475528258148 0.0154508497187 -0.002
      vertex -0.0486184960199 0.0116722681928 0.01575
      vertex -0.0486184960199 0.0116722681928 -0.002
    endloop
  endfacet
  facet normal 0 0 0
    outer loop
      vertex -0.0475528258148 0.0154508497187 0.01575
      vertex -0.0475528258148 0.0154508497187 0.0335
      vertex -0.0486184960199 0.0116722681928 0.0335
    endloop
  endfacet
  facet normal 0 0 0
    outer loop
      vertex -0.0475528258148 0.0154508497187 0.01575
      vertex -0.0486184960199 0.0116722681928 0.0335
      vertex -0.0486184960199 0.0116722681928 0.01575
    endloop
  endfacet
  facet normal 0 0 0
    outer loop
      vertex -0.0475528258148 0.0154508497187 0.0335
      vertex -0.0475528258148 0.0154508497187 0.05125
      vertex -0.0486184960199 0.0116722681928 0.05125
    endloop
  endfacet
  facet normal 0 0 0
    outer loop
      vertex -0.0475528258148 0.0154508497187 0.0335
      vertex -0.0486184960199 0.0116722681928 0.05125
      vertex -0.0486184960199 0.0116722681928 0.0335
    endloop
  endfacet
  facet normal 0 0 0
    outer loop
      vertex -0.0475528258148 0.0154508497187 0.05125
      vertex -0.0475528258148 0.0154508497187 0.069
      vertex -0.0486184960199 0.0116722681928 0.069
    endloop
  endfacet
  facet normal 0 0 0
    outer loop
      vertex -0.0475528258148 0.0154508497187 0.05125
      vertex -0.0486184960199 0.0116722681928 0.069
      vertex -0.0486184960199 0.0116722681928 0.05125
    endloop
  endfacet
  facet normal 0 0 0
    outer loop
      vertex -0.0475528258148 0.0154508497187 0.069
      vertex -0.0475528258148 0.0154508497187 0.08675
      vertex -0.0486184960199 0.0116722681928 0.08675
    endloop
  endfacet
  facet normal 0 0 0
    outer loop
      vertex -0.0475528258148 0.0154508497187 0.069
      vertex -0.0486184960199 0.0116722681928 0.08675
      vertex -0.0486184960199 0.0116722681928 0.069
    endloop
  endfacet
  facet normal 0 0 0
    outer loop
      vertex -0.0475528258148 0.0154508497187 0.08675
      vertex -0.0475528258148 0.0154508497187 0.1045
      vertex -0.0486184960199 0.0116722681928 0.1045
    endloop
  endfacet
  facet normal 0 0 0
    outer loop
      vertex -0.0475528258148 0.0154508497187 0.08675
      vertex -0.0486184960199 0.0116722681928 0.1045
      vertex -0.0486184960199 0.0116722681928 0.08675
    endloop
  endfacet
  facet normal 0 0 0
    outer loop
      vertex -0.0475528258148 0.0154508497187 0.1045
      vertex -0.0475528258148 0.0154508497187 0.12225
      vertex -0.0486184960199 0.0116722681928 0.12225
    endloop
  endfacet
  facet normal 0 0 0
    outer loop
      vertex -0.0475528258148 0.0154508497187 0.1045
      vertex -0.0486184960199 0.0116722681928 0.12225
      vertex -0.0486184960199 0.0116722681928 0.1045
    endloop
  endfacet
  facet normal 0 0 0
    outer loop
      vertex -0.0475528258148 0.0154508497187 0.12225
      vertex -0.0475528258148 0.0154508497187 0.14
      vertex -0.0486184960199 0.0116722681928 0.14
    endloop
  endfacet
  facet normal 0 0 0
    outer loop
      vertex -0.0475528258148 0.0154508497187 0.12225
      vertex -0.0486184960199 0.0116722681928 0.14
      vertex -0.0486184960199 0.0116722681928 0.12225
    endloop
  endfacet
  facet normal 0 0 0
    outer loop
      vertex -0.0486184960199 0.0116722681928 -0.002
      vertex -0.0486184960199 0.0116722681928 0.01575
      vertex -0.0493844170298 0.00782172325201 0.01575
    endloop
  endfacet
  facet normal 0 0 0
    outer loop
      vertex -0.0486184960199 0.0116722681928 -0.002
      vertex -0.0493844170298 0.00782172325201 0.01575
      vertex -0.0493844170298 0.00782172325201 -0.002
    endloop
  endfacet
  facet normal 0 0 0
    outer loop
      vertex -0.0486184960199 0.0116722681928 0.01575
      vertex -0.0486184960199 0.0116722681928 0.0335
      vertex -0.0493844170298 0.00782172325201 0.0335
    endloop
  endfacet
  facet normal 0 0 0
    outer loop
      vertex -0.0486184960199 0.0116722681928 0.01575
      vertex -0.0493844170298 0.00782172325201 0.0335
      vertex -0.0493844170298 0.00782172325201 0.01575
    endloop
  endfacet
  facet normal 0 0 0
    outer loop
      vertex -0.0486184960199 0.0116722681928 0.0335
      vertex -0.0486184960199 0.0116722681928 0.05125
      vertex -0.0493844170298 0.00782172325201 0.05125
    endloop
  endfacet
  facet normal 0 0 0
    outer loop
      vertex -0.0486184960199 0.0116722681928 0.0335
      vertex -0.0493844170298 0.00782172325201 0.05125
      vertex -0.0493844170298 0.00782172325201 0.0335
    endloop
  endfacet
  facet normal 0 0 0
    outer loop
      vertex -0.0486184960199 0.0116722681928 0.05125
      vertex -0.0486184960199 0.0116722681928 0.069
      vertex -0.0493844170298 0.00782172325201 0.069
    endloop
  endfacet
  facet normal 0 0 0
    outer loop
      vertex -0.0486184960199 0.0116722681928 0.05125
      vertex -0.0493844170298 0.00782172325201 0.069
      vertex -0.0493844170298 0.00782172325201 0.05125
    endloop
  endfacet
  facet normal 0 0 0
    outer loop
      vertex -0.0486184960199 0.0116722681928 0.069
      vertex -0.0486184960199 0.0116722681928 0.08675
      vertex -0.0493844170298 0.00782172325201 0.08675
    endloop
  endfacet
  facet normal 0 0 0
    outer loop
      vertex -0.0486184960199 0.0116722681928 0.069
      vertex -0.0493844170298 0.00782172325201 0.08675
      vertex -0.0493844170298 0.00782172325201 0.069
    endloop
  endfacet
  facet normal 0 0 0
    outer loop
      vertex -0.0486184960199 0.0116722681928 0.08675
      vertex -0.0486184960199 0.0116722681928 0.1045
      vertex -0.0493844170298 0.00782172325201 0.1045
    endloop
  endfacet
  facet normal 0 0 0
    outer loop
      vertex -0.0486184960199 0.0116722681928 0.08675
      vertex -0.0493844170298 0.00782172325201 0.1045
      vertex -0.0493844170298 0.00782172325201 0.08675
    endloop
  endfacet
  facet normal 0 0 0
    outer loop
      vertex -0.0486184960199 0.0116722681928 0.1045
      vertex -0.0486184960199 0.0116722681928 0.12225
      vertex -0.0493844170298 0.00782172325201 0.12225
    endloop
  endfacet
  facet normal 0 0 0
    outer loop
      vertex -0.0486184960199 0.0116722681928 0.1045
      vertex -0.0493844170298 0.00782172325201 0.12225
      vertex -0.0493844170298 0.00782172325201 0.1045
    endloop
  endfacet
  facet normal 0 0 0
    outer loop
      vertex -0.0486184960199 0.0116722681928 0.12225
      vertex -0.0486184960199 0.0116722681928 0.14
      vertex -0.0493844170298 0.00782172325201 0.14
    endloop
  endfacet
  facet normal 0 0 0
    outer loop
      vertex -0.0486184960199 0.0116722681928 0.12225
      vertex -0.0493844170298 0.00782172325201 0.14
      vertex -0.0493844170298 0.00782172325201 0.12225
    endloop
  endfacet
  facet normal 0 0 0
    outer loop
      vertex -0.0493844170298 0.00782172325201 -0.002
      vertex -0.0493844170298 0.00782172325201 0.01575
      vertex -0.0498458666867 0.00392295478639 0.01575
    endloop
  endfacet
  facet normal 0 0 0
    outer loop
      vertex -0.0493844170298 0.00782172325201 -0.002
      vertex -0.0498458666867 0.00392295478639 0.01575
      vertex -0.0498458666867 0.00392295478639 -0.002
    endloop
  endfacet
  facet normal 0 0 0
    outer loop
      vertex -0.0493844170298 0.00782172325201 0.01575
      vertex -0.0493844170298 0.00782172325201 0.0335
      vertex -0.0498458666867 0.00392295478639 0.0335
    endloop
  endfacet
  facet normal 0 0 0
    outer loop
      vertex -0.0493844170298 0.00782172325201 0.01575
      vertex -0.0498458666867 0.00392295478639 0.0335
      vertex -0.0498458666867 0.00392295478639 0.01575
    endloop
  endfacet
  facet normal 0 0 0
    outer loop
      vertex -0.0493844170298 0.00782172325201 0.0335
      vertex -0.0493844170298 0.00782172325201 0.05125
      vertex -0.0498458666867 0.00392295478639 0.05125
    endloop
  endfacet
  facet normal 0 0 0
    outer loop
      vertex -0.0493844170298 0.00782172325201 0.0335
      vertex -0.0498458666867 0.00392295478639 0.05125
      vertex -0.0498458666867 0.00392295478639 0.0335
    endloop
  endfacet
  facet normal 0 0 0
    outer loop
      vertex -0.0493844170298 0.00782172325201 0.05125
      vertex -0.0493844170298 0.00782172325201 0.069
      vertex -0.0498458666867 0.00392295478639 0.069
    endloop
  endfacet
  facet normal 0 0 0
    outer loop
      vertex -0.0493844170298 0.00782172325201 0.05125
      vertex -0.0498458666867 0.00392295478639 0.069
      vertex -0.0498458666867 0.00392295478639 0.05125
    endloop
  endfacet
  facet normal 0 0 0
    outer loop
      vertex -0.0493844170298 0.00782172325201 0.069
      vertex -0.0493844170298 0.00782172325201 0.08675
      vertex -0.0498458666867 0.00392295478639 0.08675
    endloop
  endfacet
  facet normal 0 0 0
    outer loop
      vertex -0.0493844170298 0.00782172325201 0.069
      vertex -0.0498458666867 0.00392295478639 0.08675
      vertex -0.0498458666867 0.00392295478639 0.069
    endloop
  endfacet
  facet normal 0 0 0
    outer loop
      vertex -0.0493844170298 0.00782172325201 0.08675
      vertex -0.0493844170298 0.00782172325201 0.1045
      vertex -0.0498458666867 0.00392295478639 0.1045
    endloop
  endfacet
  facet normal 0 0 0
    outer loop
      vertex -0.0493844170298 0.00782172325201 0.08675
      vertex -0.0498458666867 0.00392295478639 0.1045
      vertex -0.0498458666867 0.00392295478639 0.08675
    endloop
  endfacet
  facet normal 0 0 0
    outer loop
      vertex -0.0493844170298 0.00782172325201 0.1045
      vertex -0.0493844170298 0.00782172325201 0.12225
      vertex -0.0498458666867 0.00392295478639 0.12225
    endloop
  endfacet
  facet normal 0 0 0
    outer loop
      vertex -0.0493844170298 0.00782172325201 0.1045
      vertex -0.0498458666867 0.00392295478639 0.12225
      vertex -0.0498458666867 0.00392295478639 0.1045
    endloop
  endfacet
  facet normal 0 0 0
    outer loop
      vertex -0.0493844170298 0.00782172325201 0.12225
      vertex -0.0493844170298 0.00782172325201 0.14
      vertex -0.0498458666867 0.00392295478639 0.14
    endloop
  endfacet
  facet normal 0 0 0
    outer loop
      vertex -0.0493844170298 0.00782172325201 0.12225
      vertex -0.0498458666867 0.00392295478639 0.14
      vertex -0.0498458666867 0.00392295478639 0.12225
    endloop
  endfacet
  facet normal 0 0 0
    outer loop
      vertex -0.0498458666867 0.00392295478639 -0.002
      vertex -0.0498458666867 0.00392295478639 0.01575
      vertex -0.05 6.12323399574e-18 0.01575
    endloop
  endfacet
  facet normal 0 0 0
    outer loop
      vertex -0.0498458666867 0.00392295478639 -0.002
      vertex -0.05 6.12323399574e-18 0.01575
      vertex -0.05 6.12323399574e-18 -0.002
    endloop
  endfacet
  facet normal 0 0 0
    outer loop
      vertex -0.0498458666867 0.00392295478639 0.01575
      vertex -0.0498458666867 0.00392295478639 0.0335
      vertex -0.05 6.12323399574e-18 0.0335
    endloop
  endfacet
  facet normal 0 0 0
    outer loop
      vertex -0.0498458666867 0.00392295478639 0.01575
      vertex -0.05 6.12323399574e-18 0.0335
      vertex -0.05 6.12323399574e-18 0.01575
    endloop
  endfacet
  facet normal 0 0 0
    outer loop
      vertex -0.0498458666867 0.00392295478639 0.0335
      vertex -0.0498458666867 0.00392295478639 0.05125
      vertex -0.05 6.12323399574e-18 0.05125
    endloop
  endfacet
  facet normal 0 0 0
    outer loop
      vertex -0.0498458666867 0.00392295478639 0.0335
      vertex -0.05 6.12323399574e-18 0.05125
      vertex -0.05 6.12323399574e-18 0.0335
    endloop
  endfacet
  facet normal 0 0 0
    outer loop
      vertex -0.0498458666867 0.00392295478639 0.05125
      vertex -0.0498458666867 0.00392295478639 0.069
      vertex -0.05 6.12323399574e-18 0.069
    endloop
  endfacet
  facet normal 0 0 0
    outer loop
      vertex -0.0498458666867 0.00392295478639 0.05125
      vertex -0.05 6.12323399574e-18 0.069
      vertex -0.05 6.12323399574e-18 0.05125
    endloop
  endfacet
  facet normal 0 0 0
    outer loop
      vertex -0.0498458666867 0.00392295478639 0.069
      vertex -0.0498458666867 0.00392295478639 0.08675
      vertex -0.05 6.12323399574e-18 0.08675
    endloop
  endfacet
  facet normal 0 0 0
    outer loop
      vertex -0.0498458666867 0.00392295478639 0.069
      vertex -0.05 6.12323399574e-18 0.08675
      vertex -0.05 6.12323399574e-18 0.069
    endloop
  endfacet
  facet normal 0 0 0
    outer loop
      vertex -0.0498458666867 0.00392295478639 0.08675
      vertex -0.0498458666867 0.00392295478639 0.1045
      vertex -0.05 6.12323399574e-18 0.1045
    endloop
  endfacet
  facet normal 0 0 0
    outer loop
      vertex -0.0498458666867 0.00392295478639 0.08675
      vertex -0.05 6.12323399574e-18 0.1045
      vertex -0.05 6.12323399574e-18 0.08675
    endloop
  endfacet
  facet normal 0 0 0
    outer loop
      vertex -0.0498458666867 0.00392295478639 0.1045
      vertex -0.0498458666867 0.00392295478639 0.12225
      vertex -0.05 6.12323399574e-18 0.12225
    endloop
  endfacet
  facet normal 0 0 0
    outer loop
      vertex -0.0498458666867 0.00392295478639 0.1045
      vertex -0.05 6.12323399574e-18 0.12225
      vertex -0.05 6.12323399574e-18 0.1045
    endloop
  endfacet
  facet normal 0 0 0
    outer loop
      vertex -0.0498458666867 0.00392295478639 0.12225
      vertex -0.0498458666867 0.00392295478639 0.14
      vertex -0.05 6.12323399574e-18 0.14
    endloop
  endfacet
  facet normal 0 0 0
    outer loop
      vertex -0.0498458666867 0.00392295478639 0.12225
      vertex -0.05 6.12323399574e-18 0.14
      vertex -0.05 6.12323399574e-18 0.12225
    endloop
  endfacet
  facet normal 0 0 0
    outer loop
      vertex -0.05 6.12323399574e-18 -0.002
      vertex -0.05 6.12323399574e-18 0.01575
      vertex -0.0498458666867 -0.00392295478639 0.01575
    endloop
  endfacet
  facet normal 0 0 0
    outer loop
      vertex -0.05 6.12323399574e-18 -0.002
      vertex -0.0498458666867 -0.00392295478639 0.01575
      vertex -0.0498458666867 -0.00392295478639 -0.002
    endloop
  endfacet
  facet normal 0 0 0
    outer loop
      vertex -0.05 6.12323399574e-18 0.01575
      vertex -0.05 6.12323399574e-18 0.0335
      vertex -0.0498458666867 -0.00392295478639 0.0335
    endloop
  endfacet
  facet normal 0 0 0
    outer loop
      vertex -0.05 6.12323399574e-18 0.01575
      vertex -0.0498458666867 -0.00392295478639 0.0335
      vertex -0.0498458666867 -0.00392295478639 0.01575
    endloop
  endfacet
  facet normal 0 0 0
    outer loop
      vertex -0.05 6.12323399574e-18 0.0335
      vertex -0.05 6.12323399574e-18 0.05125
      vertex -0.0498458666867 -0.00392295478639 0.05125
    endloop
  endfacet
  facet normal 0 0 0
    outer loop
      vertex -0.05 6.12323399574e-18 0.0335
      vertex -0.0498458666867 -0.00392295478639 0.05125
      vertex -0.0498458666867 -0.00392295478639 0.0335
    endloop
  endfacet
  facet normal 0 0 0
    outer loop
      vertex -0.05 6.12323399574e-18 0.05125
      vertex -0.05 6.12323399574e-18 0.069
      vertex -0.0498458666867 -0.00392295478639 0.069
    endloop
  endfacet
  facet normal 0 0 0
    outer loop
      vertex -0.05 6.12323399574e-18 0.05125
      vertex -0.0498458666867 -0.00392295478639 0.069
      vertex -0.0498458666867 -0.00392295478639 0.05125
    endloop
  endfacet
  facet normal 0 0 0
    outer loop
      vertex -0.05 6.12323399574e-18 0.069
      vertex -0.05 6.12323399574e-18 0.08675
      vertex -0.0498458666867 -0.00392295478639 0.08675
    endloop
  endfacet
  facet normal 0 0 0
    outer loop
      vertex -0.05 6.12323399574e-18 0.069
      vertex -0.0498458666867 -0.00392295478639 0.08675
      vertex -0.0498458666867 -0.00392295478639 0.069
    endloop
  endfacet
  facet normal 0 0 0
    outer loop
      vertex -0.05 6.12323399574e-18 0.08675
      vertex -0.05 6.12323399574e-18 0.1045
      vertex -0.0498458666867 -0.00392295478639 0.1045
    endloop
  endfacet
  facet normal 0 0 0
    outer loop
      vertex -0.05 6.12323399574e-18 0.08675
      vertex -0.0498458666867 -0.00392295478639 0.1045
      vertex -0.0498458666867 -0.00392295478639 0.08675
    endloop
  endfacet
  facet normal 0 0 0
    outer loop
      vertex -0.05 6.12323399574e-18 0.1045
      vertex -0.05 6.12323399574e-18 0.12225
      vertex -0.0498458666867 -0.00392295478639 0.12225
    endloop
  endfacet
  facet normal 0 0 0
    outer loop
      vertex -0.05 6.12323399574e-18 0.1045
      vertex -0.0498458666867 -0.00392295478639 0.12225
      vertex -0.0498458666867 -0.00392295478639 0.1045
    endloop
  endfacet
  facet normal 0 0 0
    outer loop
      vertex -0.05 6.12323399574e-18 0.12225
      vertex -0.05 6.12323399574e-18 0.14
      vertex -0.0498458666867 -0.00392295478639 0.14
    endloop
  endfacet
  facet normal 0 0 0
    outer loop
      vertex -0.05 6.12323399574e-18 0.12225
      vertex -0.0498458666867 -0.00392295478639 0.14
      vertex -0.0498458666867 -0.00392295478639 0.12225
    endloop
  endfacet
  facet normal 0 0 0
    outer loop
      vertex -0.0498458666867 -0.00392295478639 -0.002
      vertex -0.0498458666867 -0.00392295478639 0.01575
      vertex -0.0493844170298 -0.00782172325201 0.01575
    endloop
  endfacet
  facet normal 0 0 0
    outer loop
      vertex -0.0498458666867 -0.00392295478639 -0.002
      vertex -0.0493844170298 -0.00782172325201 0.01575
      vertex -0.0493844170298 -0.00782172325201 -0.002
    endloop
  endfacet
  facet normal 0 0 0
    outer loop
      vertex -0.0498458666867 -0.00392295478639 0.01575
      vertex -0.0498458666867 -0.00392295478639 0.0335
      vertex -0.0493844170298 -0.00782172325201 0.0335
    endloop
  endfacet
  facet normal 0 0 0
    outer loop
      vertex -0.0498458666867 -0.00392295478639 0.01575
      vertex -0.0493844170298 -0.00782172325201 0.0335
      vertex -0.0493844170298 -0.00782172325201 0.01575
    endloop
  endfacet
  facet normal 0 0 0
    outer loop
      vertex -0.0498458666867 -0.00392295478639 0.0335
      vertex -0.0498458666867 -0.00392295478639 0.05125
      vertex -0.0493844170298 -0.00782172325201 0.05125
    endloop
  endfacet
  facet normal 0 0 0
    outer loop
      vertex -0.0498458666867 -0.00392295478639 0.0335
      vertex -0.0493844170298 -0.00782172325201 0.05125
      vertex -0.0493844170298 -0.00782172325201 0.0335
    endloop
  endfacet
  facet normal 0 0 0
    outer loop
      vertex -0.0498458666867 -0.00392295478639 0.05125
      vertex -0.0498458666867 -0.00392295478639 0.069
      vertex -0.0493844170298 -0.00782172325201 0.069
    endloop
  endfacet
  facet normal 0 0 0
    outer loop
      vertex -0.0498458666867 -0.00392295478639 0.05125
      vertex -0.0493844170298 -0.00782172325201 0.069
      vertex -0.0493844170298 -0.00782172325201 0.05125
    endloop
  endfacet
  facet normal 0 0 0
    outer loop
      vertex -0.0498458666867 -0.00392295478639 0.069
      vertex -0.0498458666867 -0.00392295478639 0.08675
      vertex -0.0493844170298 -0.00782172325201 0.08675
    endloop
  endfacet
  facet normal 0 0 0
    outer loop
      vertex -0.0498458666867 -0.00392295478639 0.069
      vertex -0.0493844170298 -0.00782172325201 0.08675
      vertex -0.0493844170298 -0.00782172325201 0.069
    endloop
  endfacet
  facet normal 0 0 0
    outer loop
      vertex -0.0498458666867 -0.00392295478639 0.08675
      vertex -0.0498458666867 -0.00392295478639 0.1045
      vertex -0.0493844170298 -0.00782172325201 0.1045
    endloop
  endfacet
  facet normal 0 0 0
    outer loop
      vertex -0.0498458666867 -0.00392295478639 0.08675
      vertex -0.0493844170298 -0.00782172325201 0.1045
      vertex -0.0493844170298 -0.00782172325201 0.08675
    endloop
  endfacet
  facet normal 0 0 0
    outer loop
      vertex -0.0498458666867 -0.00392295478639 0.1045
      vertex -0.0498458666867 -0.00392295478639 0.12225
      vertex -0.0493844170298 -0.00782172325201 0.12225
    endloop
  endfacet
  facet normal 0 0 0
    outer loop
      vertex -0.0498458666867 -0.00392295478639 0.1045
      vertex -0.0493844170298 -0.00782172325201 0.12225
      vertex -0.0493844170298 -0.00782172325201 0.1045
    endloop
  endfacet
  facet normal 0 0 0
    outer loop
      vertex -0.0498458666867 -0.00392295478639 0.12225
      vertex -0.0498458666867 -0.00392295478639 0.14
      vertex -0.0493844170298 -0.00782172325201 0.14
    endloop
  endfacet
  facet normal 0 0 0
    outer loop
      vertex -0.0498458666867 -0.00392295478639 0.12225
      vertex -0.0493844170298 -0.00782172325201 0.14
      vertex -0.0493844170298 -0.00782172325201 0.12225
    endloop
  endfacet
  facet normal 0 0 0
    outer loop
      vertex -0.0493844170298 -0.00782172325201 -0.002
      vertex -0.0493844170298 -0.00782172325201 0.01575
      vertex -0.0486184960199 -0.0116722681928 0.01575
    endloop
  endfacet
  facet normal 0 0 0
    outer loop
      vertex -0.0493844170298 -0.00782172325201 -0.002
      vertex -0.0486184960199 -0.0116722681928 0.01575
      vertex -0.0486184960199 -0.0116722681928 -0.002
    endloop
  endfacet
  facet normal 0 0 0
    outer loop
      vertex -0.0493844170298 -0.00782172325201 0.01575
      vertex -0.0493844170298 -0.00782172325201 0.0335
      vertex -0.0486184960199 -0.0116722681928 0.0335
    endloop
  endfacet
  facet normal 0 0 0
    outer loop
      vertex -0.0493844170298 -0.00782172325201 0.01575
      vertex -0.0486184960199 -0.0116722681928 0.0335
      vertex -0.0486184960199 -0.0116722681928 0.01575
    endloop
  endfacet
  facet normal 0 0 0
    outer loop
      vertex -0.0493844170298 -0.00782172325201 0.0335
      vertex -0.0493844170298 -0.00782172325201 0.05125
      vertex -0.0486184960199 -0.0116722681928 0.05125
    endloop
  endfacet
  facet normal 0 0 0
    outer loop
      vertex -0.0493844170298 -0.00782172325201 0.0335
      vertex -0.0486184960199 -0.0116722681928 0.05125
      vertex -0.0486184960199 -0.0116722681928 0.0335
    endloop
  endfacet
  facet normal 0 0 0
    outer loop
      vertex -0.0493844170298 -0.00782172325201 0.05125
      vertex -0.0493844170298 -0.00782172325201 0.069
      vertex -0.0486184960199 -0.0116722681928 0.069
    endloop
  endfacet
  facet normal 0 0 0
    outer loop
      vertex -0.0493844170298 -0.00782172325201 0.05125
      vertex -0.0486184960199 -0.0116722681928 0.069
      vertex -0.0486184960199 -0.0116722681928 0.05125
    endloop
  endfacet
  facet normal 0 0 0
    outer loop
      vertex -0.0493844170298 -0.00782172325201 0.069
      vertex -0.0493844170298 -0.00782172325201 0.08675
      vertex -0.0486184960199 -0.0116722681928 0.08675
    endloop
  endfacet
  facet normal 0 0 0
    outer loop
      vertex -0.0493844170298 -0.00782172325201 0.069
      vertex -0.0486184960199 -0.0116722681928 0.08675
      vertex -0.0486184960199 -0.0116722681928 0.069
    endloop
  endfacet
  facet normal 0 0 0
    outer loop
      vertex -0.0493844170298 -0.00782172325201 0.08675
      vertex -0.0493844170298 -0.00782172325201 0.1045
      vertex -0.0486184960199 -0.0116722681928 0.1045
    endloop
  endfacet
  facet normal 0 0 0
    outer loop
      vertex -0.0493844170298 -0.00782172325201 0.08675
      vertex -0.0486184960199 -0.0116722681928 0.1045
      vertex -0.0486184960199 -0.0116722681928 0.08675
    endloop
  endfacet
  facet normal 0 0 0
    outer loop
      vertex -0.0493844170298 -0.00782172325201 0.1045
      vertex -0.0493844170298 -0.00782172325201 0.12225
      vertex -0.0486184960199 -0.0116722681928 0.12225
    endloop
  endfacet
  facet normal 0 0 0
    outer loop
      vertex -0.0493844170298 -0.00782172325201 0.1045
      vertex -0.0486184960199 -0.0116722681928 0.12225
      vertex -0.0486184960199 -0.0116722681928 0.1045
    endloop
  endfacet
  facet normal 0 0 0
    outer loop
      vertex -0.0493844170298 -0.00782172325201 0.12225
      vertex -0.0493844170298 -0.00782172325201 0.14
      vertex -0.0486184960199 -0.0116722681928 0.14
    endloop
  endfacet
  facet normal 0 0 0
    outer loop
      vertex -0.0493844170298 -0.00782172325201 0.12225
      vertex -0.0486184960199 -0.0116722681928 0.14
      vertex -0.0486184960199 -0.0116722681928 0.12225
    endloop
  endfacet
  facet normal 0 0 0
    outer loop
      vertex -0.0486184960199 -0.0116722681928 -0.002
      vertex -0.0486184960199 -0.0116722681928 0.01575
      vertex -0.0475528258148 -0.0154508497187 0.01575
    endloop
  endfacet
  facet normal 0 0 0
    outer loop
      vertex -0.0486184960199 -0.0116722681928 -0.002
      vertex -0.0475528258148 -0.0154508497187 0.01575
      vertex -0.0475528258148 -0.0154508497187 -0.002
    endloop
  endfacet
  facet normal 0 0 0
    outer loop
      vertex -0.0486184960199 -0.0116722681928 0.01575
      vertex -0.0486184960199 -0.0116722681928 0.0335
      vertex -0.0475528258148 -0.0154508497187 0.0335
    endloop
  endfacet
  facet normal 0 0 0
    outer loop
      vertex -0.0486184960199 -0.0116722681928 0.01575
      vertex -0.0475528258148 -0.0154508497187 0.0335
      vertex -0.0475528258148 -0.0154508497187 0.01575
    endloop
  endfacet
  facet normal 0 0 0
    outer loop
      vertex -0.0486184960199 -0.0116722681928 0.0335
      vertex -0.0486184960199 -0.0116722681928 0.05125
      vertex -0.0475528258148 -0.0154508497187 0.05125
    endloop
  endfacet
  facet normal 0 0 0
    outer loop
      vertex -0.0486184960199 -0.0116722681928 0.0335
      vertex -0.0475528258148 -0.0154508497187 0.05125
      vertex -0.0475528258148 -0.0154508497187 0.0335
    endloop
  endfacet
  facet normal 0 0 0
    outer loop
      vertex -0.0486184960199 -0.0116722681928 0.05125
      vertex -0.0486184960199 -0.0116722681928 0.069
      vertex -0.0475528258148 -0.0154508497187 0.069
    endloop
  endfacet
  facet normal 0 0 0
    outer loop
      vertex -0.0486184960199 -0.0116722681928 0.05125
      vertex -0.0475528258148 -0.0154508497187 0.069
      vertex -0.0475528258148 -0.0154508497187 0.05125
    endloop
  endfacet
  facet normal 0 0 0
    outer loop
      vertex -0.0486184960199 -0.0116722681928 0.069
      vertex -0.0486184960199 -0.0116722681928 0.08675
      vertex -0.0475528258148 -0.0154508497187 0.08675
    endloop
  endfacet
  facet normal 0 0 0
    outer loop
      vertex -0.0486184960199 -0.0116722681928 0.069
      vertex -0.0475528258148 -0.0154508497187 0.08675
      vertex -0.0475528258148 -0.0154508497187 0.069
    endloop
  endfacet
  facet normal 0 0 0
    outer loop
      vertex -0.0486184960199 -0.0116722681928 0.08675
      vertex -0.0486184960199 -0.0116722681928 0.1045
      vertex -0.0475528258148 -0.0154508497187 0.1045
    endloop
  endfacet
  facet normal 0 0 0
    outer loop
      vertex -0.0486184960199 -0.0116722681928 0.08675
      vertex -0.0475528258148 -0.0154508497187 0.1045
      vertex -0.0475528258148 -0.0154508497187 0.08675
    endloop
  endfacet
  facet normal 0 0 0
    outer loop
      vertex -0.0486184960199 -0.0116722681928 0.1045
      vertex -0.0486184960199 -0.0116722681928 0.12225
      vertex -0.0475528258148 -0.0154508497187 0.12225
    endloop
  endfacet
  facet normal 0 0 0
    outer loop
      vertex -0.0486184960199 -0.0116722681928 0.1045
      vertex -0.0475528258148 -0.0154508497187 0.12225
      vertex -0.0475528258148 -0.0154508497187 0.1045
    endloop
  endfacet
  facet normal 0 0 0
    outer loop
      vertex -0.0486184960199 -0.0116722681928 0.12225
      vertex -0.0486184960199 -0.0116722681928 0.14
      vertex -0.0475528258148 -0.0154508497187 0.14
    endloop
  endfacet
  facet normal 0 0 0
    outer loop
      vertex -0.0486184960199 -0.0116722681928 0.12225
      vertex -0.0475528258148 -0.0154508497187 0.14
      vertex -0.0475528258148 -0.0154508497187 0.12225
    endloop
  endfacet
  facet normal 0 0 0
    outer loop
      vertex -0.0475528258148 -0.0154508497187 -0.002
      vertex -0.0475528258148 -0.0154508497187 0.01575
      vertex -0.0461939766256 -0.0191341716183 0.01575
    endloop
  endfacet
  facet normal 0 0 0
    outer loop
      vertex -0.0475528258148 -0.0154508497187 -0.002
      vertex -0.0461939766256 -0.0191341716183 0.01575
      vertex -0.0461939766256 -0.0191341716183 -0.002
    endloop
  endfacet
  facet normal 0 0 0
    outer loop
      vertex -0.0475528258148 -0.0154508497187 0.01575
      vertex -0.0475528258148 -0.0154508497187 0.0335
      vertex -0.0461939766256 -0.0191341716183 0.0335
    endloop
  endfacet
  facet normal 0 0 0
    outer loop
      vertex -0.0475528258148 -0.0154508497187 0.01575
      vertex -0.0461939766256 -0.0191341716183 0.0335
      vertex -0.0461939766256 -0.0191341716183 0.01575
    endloop
  endfacet
  facet normal 0 0 0
    outer loop
      vertex -0.0475528258148 -0.0154508497187 0.0335
      vertex -0.0475528258148 -0.0154508497187 0.05125
      vertex -0.0461939766256 -0.0191341716183 0.05125
    endloop
  endfacet
  facet normal 0 0 0
    outer loop
      vertex -0.0475528258148 -0.0154508497187 0.0335
      vertex -0.0461939766256 -0.0191341716183 0.05125
      vertex -0.0461939766256 -0.0191341716183 0.0335
    endloop
  endfacet
  facet normal 0 0 0
    outer loop
      vertex -0.0475528258148 -0.0154508497187 0.05125
      vertex -0.0475528258148 -0.0154508497187 0.069
      vertex -0.0461939766256 -0.0191341716183 0.069
    endloop
  endfacet
  facet normal 0 0 0
    outer loop
      vertex -0.0475528258148 -0.0154508497187 0.05125
      vertex -0.0461939766256 -0.0191341716183 0.069
      vertex -0.0461939766256 -0.0191341716183 0.05125
    endloop
  endfacet
  facet normal 0 0 0
    outer loop
      vertex -0.0475528258148 -0.0154508497187 0.069
      vertex -0.0475528258148 -0.0154508497187 0.08675
      vertex -0.0461939766256 -0.0191341716183 0.08675
    endloop
  endfacet
  facet normal 0 0 0
    outer loop
      vertex -0.0475528258148 -0.0154508497187 0.069
      vertex -0.0461939766256 -0.0191341716183 0.08675
      vertex -0.0461939766256 -0.0191341716183 0.069
    endloop
  endfacet
  facet normal 0 0 0
    outer loop
      vertex -0.0475528258148 -0.0154508497187 0.08675
      vertex -0.0475528258148 -0.0154508497187 0.1045
      vertex -0.0461939766256 -0.0191341716183 0.1045
    endloop
  endfacet
  facet normal 0 0 0
    outer loop
      vertex -0.0475528258148 -0.0154508497187 0.08675
      vertex -0.0461939766256 -0.0191341716183 0.1045
      vertex -0.0461939766256 -0.0191341716183 0.08675
    endloop
  endfacet
  facet normal 0 0 0
    outer loop
      vertex -0.0475528258148 -0.0154508497187 0.1045
      vertex -0.0475528258148 -0.0154508497187 0.12225
      vertex -0.0461939766256 -0.0191341716183 0.12225
    endloop
  endfacet
  facet normal 0 0 0
    outer loop
      vertex -0.0475528258148 -0.0154508497187 0.1045
      vertex -0.0461939766256 -0.0191341716183 0.12225
      vertex -0.0461939766256 -0.0191341716183 0.1045
    endloop
  endfacet
  facet normal 0 0 0
    outer loop
      vertex -0.0475528258148 -0.0154508497187 0.12225
      vertex -0.0475528258148 -0.0154508497187 0.14
      vertex -0.0461939766256 -0.0191341716183 0.14
    endloop
  endfacet
  facet normal 0 0 0
    outer loop
      vertex -0.0475528258148 -0.0154508497187 0.12225
      vertex -0.0461939766256 -0.0191341716183 0.14
      vertex -0.0461939766256 -0.0191341716183 0.12225
    endloop
  endfacet
  facet normal 0 0 0
    outer loop
      vertex -0.0461939766256 -0.0191341716183 -0.002
      vertex -0.0461939766256 -0.0191341716183 0.01575
      vertex -0.0445503262094 -0.022699524987 0.01575
    endloop
  endfacet
  facet normal 0 0 0
    outer loop
      vertex -0.0461939766256 -0.0191341716183 -0.002
      vertex -0.0445503262094 -0.022699524987 0.01575
      vertex -0.0445503262094 -0.022699524987 -0.002
    endloop
  endfacet
  facet normal 0 0 0
    outer loop
      vertex -0.0461939766256 -0.0191341716183 0.01575
      vertex -0.0461939766256 -0.0191341716183 0.0335
      vertex -0.0445503262094 -0.022699524987 0.0335
    endloop
  endfacet
  facet normal 0 0 0
    outer loop
      vertex -0.0461939766256 -0.0191341716183 0.01575
      vertex -0.0445503262094 -0.022699524987 0.0335
      vertex -0.0445503262094 -0.022699524987 0.01575
    endloop
  endfacet
  facet normal 0 0 0
    outer loop
      vertex -0.0461939766256 -0.0191341716183 0.0335
      vertex -0.0461939766256 -0.0191341716183 0.05125
      vertex -0.0445503262094 -0.022699524987 0.05125
    endloop
  endfacet
  facet normal 0 0 0
    outer loop
      vertex -0.0461939766256 -0.0191341716183 0.0335
      vertex -0.0445503262094 -0.022699524987 0.05125
      vertex -0.0445503262094 -0.022699524987 0.0335
    endloop
  endfacet
  facet normal 0 0 0
    outer loop
      vertex -0.0461939766256 -0.0191341716183 0.05125
      vertex -0.0461939766256 -0.0191341716183 0.069
      vertex -0.0445503262094 -0.022699524987 0.069
    endloop
  endfacet
  facet normal 0 0 0
    outer loop
      vertex -0.0461939766256 -0.0191341716183 0.05125
      vertex -0.0445503262094 -0.022699524987 0.069
      vertex -0.0445503262094 -0.022699524987 0.05125
    endloop
  endfacet
  facet normal 0 0 0
    outer loop
      vertex -0.0461939766256 -0.0191341716183 0.069
      vertex -0.0461939766256 -0.0191341716183 0.08675
      vertex -0.0445503262094 -0.022699524987 0.08675
    endloop
  endfacet
  facet normal 0 0 0
    outer loop
      vertex -0.0461939766256 -0.0191341716183 0.069
      vertex -0.0445503262094 -0.022699524987 0.08675
      vertex -0.0445503262094 -0.022699524987 0.069
    endloop
  endfacet
  facet normal 0 0 0
    outer loop
      vertex -0.0461939766256 -0.0191341716183 0.08675
      vertex -0.0461939766256 -0.0191341716183 0.1045
      vertex -0.0445503262094 -0.022699524987 0.1045
    endloop
  endfacet
  facet normal 0 0 0
    outer loop
      vertex -0.0461939766256 -0.0191341716183 0.08675
      vertex -0.0445503262094 -0.022699524987 0.1045
      vertex -0.0445503262094 -0.022699524987 0.08675
    endloop
  endfacet
  facet normal 0 0 0
    outer loop
      vertex -0.0461939766256 -0.0191341716183 0.1045
      vertex -0.0461939766256 -0.0191341716183 0.12225
      vertex -0.0445503262094 -0.022699524987 0.12225
    endloop
  endfacet
  facet normal 0 0 0
    outer loop
      vertex -0.0461939766256 -0.0191341716183 0.1045
      vertex -0.0445503262094 -0.022699524987 0.12225
      vertex -0.0445503262094 -0.022699524987 0.1045
    endloop
  endfacet
  facet normal 0 0 0
    outer loop
      vertex -0.0461939766256 -0.0191341716183 0.12225
      vertex -0.0461939766256 -0.0191341716183 0.14
      vertex -0.0445503262094 -0.022699524987 0.14
    endloop
  endfacet
  facet normal 0 0 0
    outer loop
      vertex -0.0461939766256 -0.0191341716183 0.12225
      vertex -0.0445503262094 -0.022699524987 0.14
      vertex -0.0445503262094 -0.022699524987 0.12225
    endloop
  endfacet
  facet normal 0 0 0
    outer loop
      vertex -0.0445503262094 -0.022699524987 -0.002
      vertex -0.0445503262094 -0.022699524987 0.01575
      vertex -0.0426320082177 -0.0261249282358 0.01575
    endloop
  endfacet
  facet normal 0 0 0
    outer loop
      vertex -0.0445503262094 -0.022699524987 -0.002
      vertex -0.0426320082177 -0.0261249282358 0.01575
      vertex -0.0426320082177 -0.0261249282358 -0.002
    endloop
  endfacet
  facet normal 0 0 0
    outer loop
      vertex -0.0445503262094 -0.022699524987 0.01575
      vertex -0.0445503262094 -0.022699524987 0.0335
      vertex -0.0426320082177 -0.0261249282358 0.0335
    endloop
  endfacet
  facet normal 0 0 0
    outer loop
      vertex -0.0445503262094 -0.022699524987 0.01575
      vertex -0.0426320082177 -0.0261249282358 0.0335
      vertex -0.0426320082177 -0.0261249282358 0.01575
    endloop
  endfacet
  facet normal 0 0 0
    outer loop
      vertex -0.0445503262094 -0.022699524987 0.0335
      vertex -0.0445503262094 -0.022699524987 0.05125
      vertex -0.0426320082177 -0.0261249282358 0.05125
    endloop
  endfacet
  facet normal 0 0 0
    outer loop
      vertex -0.0445503262094 -0.022699524987 0.0335
      vertex -0.0426320082177 -0.0261249282358 0.05125
      vertex -0.0426320082177 -0.0261249282358 0.0335
    endloop
  endfacet
  facet normal 0 0 0
    outer loop
      vertex -0.0445503262094 -0.022699524987 0.05125
      vertex -0.0445503262094 -0.022699524987 0.069
      vertex -0.0426320082177 -0.0261249282358 0.069
    endloop
  endfacet
  facet normal 0 0 0
    outer loop
      vertex -0.0445503262094 -0.022699524987 0.05125
      vertex -0.0426320082177 -0.0261249282358 0.069
      vertex -0.0426320082177 -0.0261249282358 0.05125
    endloop
  endfacet
  facet normal 0 0 0
    outer loop
      vertex -0.0445503262094 -0.022699524987 0.069
      vertex -0.0445503262094 -0.022699524987 0.08675
      vertex -0.0426320082177 -0.0261249282358 0.08675
    endloop
  endfacet
  facet normal 0 0 0
    outer loop
      vertex -0.0445503262094 -0.022699524987 0.069
      vertex -0.0426320082177 -0.0261249282358 0.08675
      vertex -0.0426320082177 -0.0261249282358 0.069
    endloop
  endfacet
  facet normal 0 0 0
    outer loop
      vertex -0.0445503262094 -0.022699524987 0.08675
      vertex -0.0445503262094 -0.022699524987 0.1045
      vertex -0.0426320082177 -0.0261249282358 0.1045
    endloop
  endfacet
  facet normal 0 0 0
    outer loop
      vertex -0.0445503262094 -0.022699524987 0.08675
      vertex -0.0426320082177 -0.0261249282358 0.1045
      vertex -0.0426320082177 -0.0261249282358 0.08675
    endloop
  endfacet
  facet normal 0 0 0
    outer loop
      vertex -0.0445503262094 -0.022699524987 0.1045
      vertex -0.0445503262094 -0.022699524987 0.12225
      vertex -0.0426320082177 -0.0261249282358 0.12225
    endloop
  endfacet
  facet normal 0 0 0
    outer loop
      vertex -0.0445503262094 -0.022699524987 0.1045
      vertex -0.0426320082177 -0.0261249282358 0.12225
      vertex -0.0426320082177 -0.0261249282358 0.1045
    endloop
  endfacet
  facet normal 0 0 0
    outer loop
      vertex -0.0445503262094 -0.022699524987 0.12225
      vertex -0.0445503262094 -0.022699524987 0.14
      vertex -0.0426320082177 -0.0261249282358 0.14
    endloop
  endfacet
  facet normal 0 0 0
    outer loop
      vertex -0.0445503262094 -0.022699524987 0.12225
      vertex -0.0426320082177 -0.0261249282358 0.14
      vertex -0.0426320082177 -0.0261249282358 0.12225
    endloop
  endfacet
  facet normal 0 0 0
    outer loop
      vertex -0.0426320082177 -0.0261249282358 -0.002
      vertex -0.0426320082177 -0.0261249282358 0.01575
      vertex -0.0404508497187 -0.0293892626146 0.01575
    endloop
  endfacet
  facet normal 0 0 0
    outer loop
      vertex -0.0426320082177 -0.0261249282358 -0.002
      vertex -0.0404508497187 -0.0293892626146 0.01575
      vertex -0.0404508497187 -0.0293892626146 -0.002
    endloop
  endfacet
  facet normal 0 0 0
    outer loop
      vertex -0.0426320082177 -0.0261249282358 0.01575
      vertex -0.0426320082177 -0.0261249282358 0.0335
      vertex -0.0404508497187 -0.0293892626146 0.0335
    endloop
  endfacet
  facet normal 0 0 0
    outer loop
      vertex -0.0426320082177 -0.0261249282358 0.01575
      vertex -0.0404508497187 -0.0293892626146 0.0335
      vertex -0.0404508497187 -0.0293892626146 0.01575
    endloop
  endfacet
  facet normal 0 0 0
    outer loop
      vertex -0.0426320082177 -0.0261249282358 0.0335
      vertex -0.0426320082177 -0.0261249282358 0.05125
      vertex -0.0404508497187 -0.0293892626146 0.05125
    endloop
  endfacet
  facet normal 0 0 0
    outer loop
      vertex -0.0426320082177 -0.0261249282358 0.0335
      vertex -0.0404508497187 -0.0293892626146 0.05125
      vertex -0.0404508497187 -0.0293892626146 0.0335
    endloop
  endfacet
  facet normal 0 0 0
    outer loop
      vertex -0.0426320082177 -0.0261249282358 0.05125
      vertex -0.0426320082177 -0.0261249282358 0.069
      vertex -0.0404508497187 -0.0293892626146 0.069
    endloop
  endfacet
  facet normal 0 0 0
    outer loop
      vertex -0.0426320082177 -0.0261249282358 0.05125
      vertex -0.0404508497187 -0.0293892626146 0.069
      vertex -0.0404508497187 -0.0293892626146 0.05125
    endloop
  endfacet
  facet normal 0 0 0
    outer loop
      vertex -0.0426320082177 -0.0261249282358 0.069
      vertex -0.0426320082177 -0.0261249282358 0.08675
      vertex -0.0404508497187 -0.0293892626146 0.08675
    endloop
  endfacet
  facet normal 0 0 0
    outer loop
      vertex -0.0426320082177 -0.0261249282358 0.069
      vertex -0.0404508497187 -0.0293892626146 0.08675
      vertex -0.0404508497187 -0.0293892626146 0.069
    endloop
  endfacet
  facet normal 0 0 0
    outer loop
      vertex -0.0426320082177 -0.0261249282358 0.08675
      vertex -0.0426320082177 -0.0261249282358 0.1045
      vertex -0.0404508497187 -0.0293892626146 0.1045
    endloop
  endfacet
  facet normal 0 0 0
    outer loop
      vertex -0.0426320082177 -0.0261249282358 0.08675
      vertex -0.0404508497187 -0.0293892626146 0.1045
      vertex -0.0404508497187 -0.0293892626146 0.08675
    endloop
  endfacet
  facet normal 0 0 0
    outer loop
      vertex -0.0426320082177 -0.0261249282358 0.1045
      vertex -0.0426320082177 -0.0261249282358 0.12225
      vertex -0.0404508497187 -0.0293892626146 0.12225
    endloop
  endfacet
  facet normal 0 0 0
    outer loop
      vertex -0.0426320082177 -0.0261249282358 0.1045
      vertex -0.0404508497187 -0.0293892626146 0.12225
      vertex -0.0404508497187 -0.0293892626146 0.1045
    endloop
  endfacet
  facet normal 0 0 0
    outer loop
      vertex -0.0426320082177 -0.0261249282358 0.12225
      vertex -0.0426320082177 -0.0261249282358 0.14
      vertex -0.0404508497187 -0.0293892626146 0.14
    endloop
  endfacet
  facet normal 0 0 0
    outer loop
      vertex -0.0426320082177 -0.0261249282358 0.12225
      vertex -0.0404508497187 -0.0293892626146 0.14
      vertex -0.0404508497187 -0.0293892626146 0.12225
    endloop
  endfacet
  facet normal 0 0 0
    outer loop
      vertex -0.0404508497187 -0.0293892626146 -0.002
      vertex -0.0404508497187 -0.0293892626146 0.01575
      vertex -0.03802029828 -0.0324724024165 0.01575
    endloop
  endfacet
  facet normal 0 0 0
    outer loop
      vertex -0.0404508497187 -0.0293892626146 -0.002
      vertex -0.03802029828 -0.0324724024165 0.01575
      vertex -0.03802029828 -0.0324724024165 -0.002
    endloop
  endfacet
  facet normal 0 0 0
    outer loop
      vertex -0.0404508497187 -0.0293892626146 0.01575
      vertex -0.0404508497187 -0.0293892626146 0.0335
      vertex -0.03802029828 -0.0324724024165 0.0335
    endloop
  endfacet
  facet normal 0 0 0
    outer loop
      vertex -0.0404508497187 -0.0293892626146 0.01575
      vertex -0.03802029828 -0.0324724024165 0.0335
      vertex -0.03802029828 -0.0324724024165 0.01575
    endloop
  endfacet
  facet normal 0 0 0
    outer loop
      vertex -0.0404508497187 -0.0293892626146 0.0335
      vertex -0.0404508497187 -0.0293892626146 0.05125
      vertex -0.03802029828 -0.0324724024165 0.05125
    endloop
  endfacet
  facet normal 0 0 0
    outer loop
      vertex -0.0404508497187 -0.0293892626146 0.0335
      vertex -0.03802029828 -0.0324724024165 0.05125
      vertex -0.03802029828 -0.0324724024165 0.0335
    endloop
  endfacet
  facet normal 0 0 0
    outer loop
      vertex -0.0404508497187 -0.0293892626146 0.05125
      vertex -0.0404508497187 -0.0293892626146 0.069
      vertex -0.03802029828 -0.0324724024165 0.069
    endloop
  endfacet
  facet normal 0 0 0
    outer loop
      vertex -0.0404508497187 -0.0293892626146 0.05125
      vertex -0.03802029828 -0.0324724024165 0.069
      vertex -0.03802029828 -0.0324724024165 0.05125
    endloop
  endfacet
  facet normal 0 0 0
    outer loop
      vertex -0.0404508497187 -0.0293892626146 0.069
      vertex -0.0404508497187 -0.0293892626146 0.08675
      vertex -0.03802029828 -0.0324724024165 0.08675
    endloop
  endfacet
  facet normal 0 0 0
    outer loop
      vertex -0.0404508497187 -0.0293892626146 0.069
      vertex -0.03802029828 -0.0324724024165 0.08675
      vertex -0.03802029828 -0.0324724024165 0.069
    endloop
  endfacet
  facet normal 0 0 0
    outer loop
      vertex -0.0404508497187 -0.0293892626146 0.08675
      vertex -0.0404508497187 -0.0293892626146 0.1045
      vertex -0.03802029828 -0.0324724024165 0.1045
    endloop
  endfacet
  facet normal 0 0 0
    outer loop
      vertex -0.0404508497187 -0.0293892626146 0.08675
      vertex -0.03802029828 -0.0324724024165 0.1045
      vertex -0.03802029828 -0.0324724024165 0.08675
    endloop
  endfacet
  facet normal 0 0 0
    outer loop
      vertex -0.0404508497187 -0.0293892626146 0.1045
      vertex -0.0404508497187 -0.0293892626146 0.12225
      vertex -0.03802029828 -0.0324724024165 0.12225
    endloop
  endfacet
  facet normal 0 0 0
    outer loop
      vertex -0.0404508497187 -0.0293892626146 0.1045
      vertex -0.03802029828 -0.0324724024165 0.12225
      vertex -0.03802029828 -0.0324724024165 0.1045
    endloop
  endfacet
  facet normal 0 0 0
    outer loop
      vertex -0.0404508497187 -0.0293892626146 0.12225
      vertex -0.0404508497187 -0.0293892626146 0.14
      vertex -0.03802029828 -0.0324724024165 0.14
    endloop
  endfacet
  facet normal 0 0 0
    outer loop
      vertex -0.0404508497187 -0.0293892626146 0.12225
      vertex -0.03802029828 -0.0324724024165 0.14
      vertex -0.03802029828 -0.0324724024165 0.12225
    endloop
  endfacet
  facet normal 0 0 0
    outer loop
      vertex -0.03802029828 -0.0324724024165 -0.002
      vertex -0.03802029828 -0.0324724024165 0.01575
      vertex -0.0353553390593 -0.0353553390593 0.01575
    endloop
  endfacet
  facet normal 0 0 0
    outer loop
      vertex -0.03802029828 -0.0324724024165 -0.002
      vertex -0.0353553390593 -0.0353553390593 0.01575
      vertex -0.0353553390593 -0.0353553390593 -0.002
    endloop
  endfacet
  facet normal 0 0 0
    outer loop
      vertex -0.03802029828 -0.0324724024165 0.01575
      vertex -0.03802029828 -0.0324724024165 0.0335
      vertex -0.0353553390593 -0.0353553390593 0.0335
    endloop
  endfacet
  facet normal 0 0 0
    outer loop
      vertex -0.03802029828 -0.0324724024165 0.01575
      vertex -0.0353553390593 -0.0353553390593 0.0335
      vertex -0.0353553390593 -0.0353553390593 0.01575
    endloop
  endfacet
  facet normal 0 0 0
    outer loop
      vertex -0.03802029828 -0.0324724024165 0.0335
      vertex -0.03802029828 -0.0324724024165 0.05125
      vertex -0.0353553390593 -0.0353553390593 0.05125
    endloop
  endfacet
  facet normal 0 0 0
    outer loop
      vertex -0.03802029828 -0.0324724024165 0.0335
      vertex -0.0353553390593 -0.0353553390593 0.05125
      vertex -0.0353553390593 -0.0353553390593 0.0335
    endloop
  endfacet
  facet normal 0 0 0
    outer loop
      vertex -0.03802029828 -0.0324724024165 0.05125
      vertex -0.03802029828 -0.0324724024165 0.069
      vertex -0.0353553390593 -0.0353553390593 0.069
    endloop
  endfacet
  facet normal 0 0 0
    outer loop
      vertex -0.03802029828 -0.0324724024165 0.05125
      vertex -0.0353553390593 -0.0353553390593 0.069
      vertex -0.0353553390593 -0.0353553390593 0.05125
    endloop
  endfacet
  facet normal 0 0 0
    outer loop
      vertex -0.03802029828 -0.0324724024165 0.069
      vertex -0.03802029828 -0.0324724024165 0.08675
      vertex -0.0353553390593 -0.0353553390593 0.08675
    endloop
  endfacet
  facet normal 0 0 0
    outer loop
      vertex -0.03802029828 -0.0324724024165 0.069
      vertex -0.0353553390593 -0.0353553390593 0.08675
      vertex -0.0353553390593 -0.0353553390593 0.069
    endloop
  endfacet
  facet normal 0 0 0
    outer loop
      vertex -0.03802029828 -0.0324724024165 0.08675
      vertex -0.03802029828 -0.0324724024165 0.1045
      vertex -0.0353553390593 -0.0353553390593 0.1045
    endloop
  endfacet
  facet normal 0 0 0
    outer loop
      vertex -0.03802029828 -0.0324724024165 0.08675
      vertex -0.0353553390593 -0.0353553390593 0.1045
      vertex -0.0353553390593 -0.0353553390593 0.08675
    endloop
  endfacet
  facet normal 0 0 0
    outer loop
      vertex -0.03802029828 -0.0324724024165 0.1045
      vertex -0.03802029828 -0.0324724024165 0.12225
      vertex -0.0353553390593 -0.0353553390593 0.12225
    endloop
  endfacet
  facet normal 0 0 0
    outer loop
      vertex -0.03802029828 -0.0324724024165 0.1045
      vertex -0.0353553390593 -0.0353553390593 0.12225
      vertex -0.0353553390593 -0.0353553390593 0.1045
    endloop
  endfacet
  facet normal 0 0 0
    outer loop
      vertex -0.03802029828 -0.0324724024165 0.12225
      vertex -0.03802029828 -0.0324724024165 0.14
      vertex -0.0353553390593 -0.0353553390593 0.14
    endloop
  endfacet
  facet normal 0 0 0
    outer loop
      vertex -0.03802029828 -0.0324724024165 0.12225
      vertex -0.0353553390593 -0.0353553390593 0.14
      vertex -0.0353553390593 -0.0353553390593 0.12225
    endloop
  endfacet
  facet normal 0 0 0
    outer loop
      vertex -0.0353553390593 -0.0353553390593 -0.002
      vertex -0.0353553390593 -0.0353553390593 0.01575
      vertex -0.0324724024165 -0.03802029828 0.01575
    endloop
  endfacet
  facet normal 0 0 0
    outer loop
      vertex -0.0353553390593 -0.0353553390593 -0.002
      vertex -0.0324724024165 -0.03802029828 0.01575
      vertex -0.0324724024165 -0.03802029828 -0.002
    endloop
  endfacet
  facet normal 0 0 0
    outer loop
      vertex -0.0353553390593 -0.0353553390593 0.01575
      vertex -0.0353553390593 -0.0353553390593 0.0335
      vertex -0.0324724024165 -0.03802029828 0.0335
    endloop
  endfacet
  facet normal 0 0 0
    outer loop
      vertex -0.0353553390593 -0.0353553390593 0.01575
      vertex -0.0324724024165 -0.03802029828 0.0335
      vertex -0.0324724024165 -0.03802029828 0.01575
    endloop
  endfacet
  facet normal 0 0 0
    outer loop
      vertex -0.0353553390593 -0.0353553390593 0.0335
      vertex -0.0353553390593 -0.0353553390593 0.05125
      vertex -0.0324724024165 -0.03802029828 0.05125
    endloop
  endfacet
  facet normal 0 0 0
    outer loop
      vertex -0.0353553390593 -0.0353553390593 0.0335
      vertex -0.0324724024165 -0.03802029828 0.05125
      vertex -0.0324724024165 -0.03802029828 0.0335
    endloop
  endfacet
  facet normal 0 0 0
    outer loop
      vertex -0.0353553390593 -0.0353553390593 0.05125
      vertex -0.0353553390593 -0.0353553390593 0.069
      vertex -0.0324724024165 -0.03802029828 0.069
    endloop
  endfacet
  facet normal 0 0 0
    outer loop
      vertex -0.0353553390593 -0.0353553390593 0.05125
      vertex -0.0324724024165 -0.03802029828 0.069
      vertex -0.0324724024165 -0.03802029828 0.05125
    endloop
  endfacet
  facet normal 0 0 0
    outer loop
      vertex -0.0353553390593 -0.0353553390593 0.069
      vertex -0.0353553390593 -0.0353553390593 0.08675
      vertex -0.0324724024165 -0.03802029828 0.08675
    endloop
  endfacet
  facet normal 0 0 0
    outer loop
      vertex -0.0353553390593 -0.0353553390593 0.069
      vertex -0.0324724024165 -0.03802029828 0.08675
      vertex -0.0324724024165 -0.03802029828 0.069
    endloop
  endfacet
  facet normal 0 0 0
    outer loop
      vertex -0.0353553390593 -0.0353553390593 0.08675
      vertex -0.0353553390593 -0.0353553390593 0.1045
      vertex -0.0324724024165 -0.03802029828 0.1045
    endloop
  endfacet
  facet normal 0 0 0
    outer loop
      vertex -0.0353553390593 -0.0353553390593 0.08675
      vertex -0.0324724024165 -0.03802029828 0.1045
      vertex -0.0324724024165 -0.03802029828 0.08675
    endloop
  endfacet
  facet normal 0 0 0
    outer loop
      vertex -0.0353553390593 -0.0353553390593 0.1045
      vertex -0.0353553390593 -0.0353553390593 0.12225
      vertex -0.0324724024165 -0.03802029828 0.12225
    endloop
  endfacet
  facet normal 0 0 0
    outer loop
      vertex -0.0353553390593 -0.0353553390593 0.1045
      vertex -0.0324724024165 -0.03802029828 0.12225
      vertex -0.0324724024165 -0.03802029828 0.1045
    endloop
  endfacet
  facet normal 0 0 0
    outer loop
      vertex -0.0353553390593 -0.0353553390593 0.12225
      vertex -0.0353553390593 -0.0353553390593 0.14
      vertex -0.0324724024165 -0.03802029828 0.14
    endloop
  endfacet
  facet normal 0 0 0
    outer loop
      vertex -0.0353553390593 -0.0353553390593 0.12225
      vertex -0.0324724024165 -0.03802029828 0.14
      vertex -0.0324724024165 -0.03802029828 0.12225
    endloop
  endfacet
  facet normal 0 0 0
    outer loop
      vertex -0.0324724024165 -0.03802029828 -0.002
      vertex -0.0324724024165 -0.03802029828 0.01575
      vertex -0.0293892626146 -0.0404508497187 0.01575
    endloop
  endfacet
  facet normal 0 0 0
    outer loop
      vertex -0.0324724024165 -0.03802029828 -0.002
      vertex -0.0293892626146 -0.0404508497187 0.01575
      vertex -0.0293892626146 -0.0404508497187 -0.002
    endloop
  endfacet
  facet normal 0 0 0
    outer loop
      vertex -0.0324724024165 -0.03802029828 0.01575
      vertex -0.0324724024165 -0.03802029828 0.0335
      vertex -0.0293892626146 -0.0404508497187 0.0335
    endloop
  endfacet
  facet normal 0 0 0
    outer loop
      vertex -0.0324724024165 -0.03802029828 0.01575
      vertex -0.0293892626146 -0.0404508497187 0.0335
      vertex -0.0293892626146 -0.0404508497187 0.01575
    endloop
  endfacet
  facet normal 0 0 0
    outer loop
      vertex -0.0324724024165 -0.03802029828 0.0335
      vertex -0.0324724024165 -0.03802029828 0.05125
      vertex -0.0293892626146 -0.0404508497187 0.05125
    endloop
  endfacet
  facet normal 0 0 0
    outer loop
      vertex -0.0324724024165 -0.03802029828 0.0335
      vertex -0.0293892626146 -0.0404508497187 0.05125
      vertex -0.0293892626146 -0.0404508497187 0.0335
    endloop
  endfacet
  facet normal 0 0 0
    outer loop
      vertex -0.0324724024165 -0.03802029828 0.05125
      vertex -0.0324724024165 -0.03802029828 0.069
      vertex -0.0293892626146 -0.0404508497187 0.069
    endloop
  endfacet
  facet normal 0 0 0
    outer loop
      vertex -0.0324724024165 -0.03802029828 0.05125
      vertex -0.0293892626146 -0.0404508497187 0.069
      vertex -0.0293892626146 -0.0404508497187 0.05125
    endloop
  endfacet
  facet normal 0 0 0
    outer loop
      vertex -0.0324724024165 -0.03802029828 0.069
      vertex -0.0324724024165 -0.03802029828 0.08675
      vertex -0.0293892626146 -0.0404508497187 0.08675
    endloop
  endfacet
  facet normal 0 0 0
    outer loop
      vertex -0.0324724024165 -0.03802029828 0.069
      vertex -0.0293892626146 -0.0404508497187 0.08675
      vertex -0.0293892626146 -0.0404508497187 0.069
    endloop
  endfacet
  facet normal 0 0 0
    outer loop
      vertex -0.0324724024165 -0.03802029828 0.08675
      vertex -0.0324724024165 -0.03802029828 0.1045
      vertex -0.0293892626146 -0.0404508497187 0.1045
    endloop
  endfacet
  facet normal 0 0 0
    outer loop
      vertex -0.0324724024165 -0.03802029828 0.08675
      vertex -0.0293892626146 -0.0404508497187 0.1045
      vertex -0.0293892626146 -0.0404508497187 0.08675
    endloop
  endfacet
  facet normal 0 0 0
    outer loop
      vertex -0.0324724024165 -0.03802029828 0.1045
      vertex -0.0324724024165 -0.03802029828 0.12225
      vertex -0.0293892626146 -0.0404508497187 0.12225
    endloop
  endfacet
  facet normal 0 0 0
    outer loop
      vertex -0.0324724024165 -0.03802029828 0.1045
      vertex -0.0293892626146 -0.0404508497187 0.12225
      vertex -0.0293892626146 -0.0404508497187 0.1045
    endloop
  endfacet
  facet normal 0 0 0
    outer loop
      vertex -0.0324724024165 -0.03802029828 0.12225
      vertex -0.0324724024165 -0.03802029828 0.14
      vertex -0.0293892626146 -0.0404508497187 0.14
    endloop
  endfacet
  facet normal 0 0 0
    outer loop
      vertex -0.0324724024165 -0.03802029828 0.12225
      vertex -0.0293892626146 -0.0404508497187 0.14
      vertex -0.0293892626146 -0.0404508497187 0.12225
    endloop
  endfacet
  facet normal 0 0 0
    outer loop
      vertex -0.0293892626146 -0.0404508497187 -0.002
      vertex -0.0293892626146 -0.0404508497187 0.01575
      vertex -0.0261249282358 -0.0426320082177 0.01575
    endloop
  endfacet
  facet normal 0 0 0
    outer loop
      vertex -0.0293892626146 -0.0404508497187 -0.002
      vertex -0.0261249282358 -0.0426320082177 0.01575
      vertex -0.0261249282358 -0.0426320082177 -0.002
    endloop
  endfacet
  facet normal 0 0 0
    outer loop
      vertex -0.0293892626146 -0.0404508497187 0.01575
      vertex -0.0293892626146 -0.0404508497187 0.0335
      vertex -0.0261249282358 -0.0426320082177 0.0335
    endloop
  endfacet
  facet normal 0 0 0
    outer loop
      vertex -0.0293892626146 -0.0404508497187 0.01575
      vertex -0.0261249282358 -0.0426320082177 0.0335
      vertex -0.0261249282358 -0.0426320082177 0.01575
    endloop
  endfacet
  facet normal 0 0 0
    outer loop
      vertex -0.0293892626146 -0.0404508497187 0.0335
      vertex -0.0293892626146 -0.0404508497187 0.05125
      vertex -0.0261249282358 -0.0426320082177 0.05125
    endloop
  endfacet
  facet normal 0 0 0
    outer loop
      vertex -0.0293892626146 -0.0404508497187 0.0335
      vertex -0.0261249282358 -0.0426320082177 0.05125
      vertex -0.0261249282358 -0.0426320082177 0.0335
    endloop
  endfacet
  facet normal 0 0 0
    outer loop
      vertex -0.0293892626146 -0.0404508497187 0.05125
      vertex -0.0293892626146 -0.0404508497187 0.069
      vertex -0.0261249282358 -0.0426320082177 0.069
    endloop
  endfacet
  facet normal 0 0 0
    outer loop
      vertex -0.0293892626146 -0.0404508497187 0.05125
      vertex -0.0261249282358 -0.0426320082177 0.069
      vertex -0.0261249282358 -0.0426320082177 0.05125
    endloop
  endfacet
  facet normal 0 0 0
    outer loop
      vertex -0.0293892626146 -0.0404508497187 0.069
      vertex -0.0293892626146 -0.0404508497187 0.08675
      vertex -0.0261249282358 -0.0426320082177 0.08675
    endloop
  endfacet
  facet normal 0 0 0
    outer loop
      vertex -0.0293892626146 -0.0404508497187 0.069
      vertex -0.0261249282358 -0.0426320082177 0.08675
      vertex -0.0261249282358 -0.0426320082177 0.069
    endloop
  endfacet
  facet normal 0 0 0
    outer loop
      vertex -0.0293892626146 -0.0404508497187 0.08675
      vertex -0.0293892626146 -0.0404508497187 0.1045
      vertex -0.0261249282358 -0.0426320082177 0.1045
    endloop
  endfacet
  facet normal 0 0 0
    outer loop
      vertex -0.0293892626146 -0.0404508497187 0.08675
      vertex -0.0261249282358 -0.0426320082177 0.1045
      vertex -0.0261249282358 -0.0426320082177 0.08675
    endloop
  endfacet
  facet normal 0 0 0
    outer loop
      vertex -0.0293892626146 -0.0404508497187 0.1045
      vertex -0.0293892626146 -0.0404508497187 0.12225
      vertex -0.0261249282358 -0.0426320082177 0.12225
    endloop
  endfacet
  facet normal 0 0 0
    outer loop
      vertex -0.0293892626146 -0.0404508497187 0.1045
      vertex -0.0261249282358 -0.0426320082177 0.12225
      vertex -0.0261249282358 -0.0426320082177 0.1045
    endloop
  endfacet
  facet normal 0 0 0
    outer loop
      vertex -0.0293892626146 -0.0404508497187 0.12225
      vertex -0.0293892626146 -0.0404508497187 0.14
      vertex -0.0261249282358 -0.0426320082177 0.14
    endloop
  endfacet
  facet normal 0 0 0
    outer loop
      vertex -0.0293892626146 -0.0404508497187 0.12225
      vertex -0.0261249282358 -0.0426320082177 0.14
      vertex -0.0261249282358 -0.0426320082177 0.12225
    endloop
  endfacet
  facet normal 0 0 0
    outer loop
      vertex -0.0261249282358 -0.0426320082177 -0.002
      vertex -0.0261249282358 -0.0426320082177 0.01575
      vertex -0.022699524987 -0.0445503262094 0.01575
    endloop
  endfacet
  facet normal 0 0 0
    outer loop
      vertex -0.0261249282358 -0.0426320082177 -0.002
      vertex -0.022699524987 -0.0445503262094 0.01575
      vertex -0.022699524987 -0.0445503262094 -0.002
    endloop
  endfacet
  facet normal 0 0 0
    outer loop
      vertex -0.0261249282358 -0.0426320082177 0.01575
      vertex -0.0261249282358 -0.0426320082177 0.0335
      vertex -0.022699524987 -0.0445503262094 0.0335
    endloop
  endfacet
  facet normal 0 0 0
    outer loop
      vertex -0.0261249282358 -0.0426320082177 0.01575
      vertex -0.022699524987 -0.0445503262094 0.0335
      vertex -0.022699524987 -0.0445503262094 0.01575
    endloop
  endfacet
  facet normal 0 0 0
    outer loop
      vertex -0.0261249282358 -0.0426320082177 0.0335
      vertex -0.0261249282358 -0.0426320082177 0.05125
      vertex -0.022699524987 -0.0445503262094 0.05125
    endloop
  endfacet
  facet normal 0 0 0
    outer loop
      vertex -0.0261249282358 -0.0426320082177 0.0335
      vertex -0.022699524987 -0.0445503262094 0.05125
      vertex -0.022699524987 -0.0445503262094 0.0335
    endloop
  endfacet
  facet normal 0 0 0
    outer loop
      vertex -0.0261249282358 -0.0426320082177 0.05125
      vertex -0.0261249282358 -0.0426320082177 0.069
      vertex -0.022699524987 -0.0445503262094 0.069
    endloop
  endfacet
  facet normal 0 0 0
    outer loop
      vertex -0.0261249282358 -0.0426320082177 0.05125
      vertex -0.022699524987 -0.0445503262094 0.069
      vertex -0.022699524987 -0.0445503262094 0.05125
    endloop
  endfacet
  facet normal 0 0 0
    outer loop
      vertex -0.0261249282358 -0.0426320082177 0.069
      vertex -0.0261249282358 -0.0426320082177 0.08675
      vertex -0.022699524987 -0.0445503262094 0.08675
    endloop
  endfacet
  facet normal 0 0 0
    outer loop
      vertex -0.0261249282358 -0.0426320082177 0.069
      vertex -0.022699524987 -0.0445503262094 0.08675
      vertex -0.022699524987 -0.0445503262094 0.069
    endloop
  endfacet
  facet normal 0 0 0
    outer loop
      vertex -0.0261249282358 -0.0426320082177 0.08675
      vertex -0.0261249282358 -0.0426320082177 0.1045
      vertex -0.022699524987 -0.0445503262094 0.1045
    endloop
  endfacet
  facet normal 0 0 0
    outer loop
      vertex -0.0261249282358 -0.0426320082177 0.08675
      vertex -0.022699524987 -0.0445503262094 0.1045
      vertex -0.022699524987 -0.0445503262094 0.08675
    endloop
  endfacet
  facet normal 0 0 0
    outer loop
      vertex -0.0261249282358 -0.0426320082177 0.1045
      vertex -0.0261249282358 -0.0426320082177 0.12225
      vertex -0.022699524987 -0.0445503262094 0.12225
    endloop
  endfacet
  facet normal 0 0 0
    outer loop
      vertex -0.0261249282358 -0.0426320082177 0.1045
      vertex -0.022699524987 -0.0445503262094 0.12225
      vertex -0.022699524987 -0.0445503262094 0.1045
    endloop
  endfacet
  facet normal 0 0 0
    outer loop
      vertex -0.0261249282358 -0.0426320082177 0.12225
      vertex -0.0261249282358 -0.0426320082177 0.14
      vertex -0.022699524987 -0.0445503262094 0.14
    endloop
  endfacet
  facet normal 0 0 0
    outer loop
      vertex -0.0261249282358 -0.0426320082177 0.12225
      vertex -0.022699524987 -0.0445503262094 0.14
      vertex -0.022699524987 -0.0445503262094 0.12225
    endloop
  endfacet
  facet normal 0 0 0
    outer loop
      vertex -0.022699524987 -0.0445503262094 -0.002
      vertex -0.022699524987 -0.0445503262094 0.01575
      vertex -0.0191341716183 -0.0461939766256 0.01575
    endloop
  endfacet
  facet normal 0 0 0
    outer loop
      vertex -0.022699524987 -0.0445503262094 -0.002
      vertex -0.0191341716183 -0.0461939766256 0.01575
      vertex -0.0191341716183 -0.0461939766256 -0.002
    endloop
  endfacet
  facet normal 0 0 0
    outer loop
      vertex -0.022699524987 -0.0445503262094 0.01575
      vertex -0.022699524987 -0.0445503262094 0.0335
      vertex -0.0191341716183 -0.0461939766256 0.0335
    endloop
  endfacet
  facet normal 0 0 0
    outer loop
      vertex -0.022699524987 -0.0445503262094 0.01575
      vertex -0.0191341716183 -0.0461939766256 0.0335
      vertex -0.0191341716183 -0.0461939766256 0.01575
    endloop
  endfacet
  facet normal 0 0 0
    outer loop
      vertex -0.022699524987 -0.0445503262094 0.0335
      vertex -0.022699524987 -0.0445503262094 0.05125
      vertex -0.0191341716183 -0.0461939766256 0.05125
    endloop
  endfacet
  facet normal 0 0 0
    outer loop
      vertex -0.022699524987 -0.0445503262094 0.0335
      vertex -0.0191341716183 -0.0461939766256 0.05125
      vertex -0.0191341716183 -0.0461939766256 0.0335
    endloop
  endfacet
  facet normal 0 0 0
    outer loop
      vertex -0.022699524987 -0.0445503262094 0.05125
      vertex -0.022699524987 -0.0445503262094 0.069
      vertex -0.0191341716183 -0.0461939766256 0.069
    endloop
  endfacet
  facet normal 0 0 0
    outer loop
      vertex -0.022699524987 -0.0445503262094 0.05125
      vertex -0.0191341716183 -0.0461939766256 0.069
      vertex -0.0191341716183 -0.0461939766256 0.05125
    endloop
  endfacet
  facet normal 0 0 0
    outer loop
      vertex -0.022699524987 -0.0445503262094 0.069
      vertex -0.022699524987 -0.0445503262094 0.08675
      vertex -0.0191341716183 -0.0461939766256 0.08675
    endloop
  endfacet
  facet normal 0 0 0
    outer loop
      vertex -0.022699524987 -0.0445503262094 0.069
      vertex -0.0191341716183 -0.0461939766256 0.08675
      vertex -0.0191341716183 -0.0461939766256 0.069
    endloop
  endfacet
  facet normal 0 0 0
    outer loop
      vertex -0.022699524987 -0.0445503262094 0.08675
      vertex -0.022699524987 -0.0445503262094 0.1045
      vertex -0.0191341716183 -0.0461939766256 0.1045
    endloop
  endfacet
  facet normal 0 0 0
    outer loop
      vertex -0.022699524987 -0.0445503262094 0.08675
      vertex -0.0191341716183 -0.0461939766256 0.1045
      vertex -0.0191341716183 -0.0461939766256 0.08675
    endloop
  endfacet
  facet normal 0 0 0
    outer loop
      vertex -0.022699524987 -0.0445503262094 0.1045
      vertex -0.022699524987 -0.0445503262094 0.12225
      vertex -0.0191341716183 -0.0461939766256 0.12225
    endloop
  endfacet
  facet normal 0 0 0
    outer loop
      vertex -0.022699524987 -0.0445503262094 0.1045
      vertex -0.0191341716183 -0.0461939766256 0.12225
      vertex -0.0191341716183 -0.0461939766256 0.1045
    endloop
  endfacet
  facet normal 0 0 0
    outer loop
      vertex -0.022699524987 -0.0445503262094 0.12225
      vertex -0.022699524987 -0.0445503262094 0.14
      vertex -0.0191341716183 -0.0461939766256 0.14
    endloop
  endfacet
  facet normal 0 0 0
    outer loop
      vertex -0.022699524987 -0.0445503262094 0.12225
      vertex -0.0191341716183 -0.0461939766256 0.14
      vertex -0.0191341716183 -0.0461939766256 0.12225
    endloop
  endfacet
  facet normal 0 0 0
    outer loop
      vertex -0.0191341716183 -0.0461939766256 -0.002
      vertex -0.0191341716183 -0.0461939766256 0.01575
      vertex -0.0154508497187 -0.0475528258148 0.01575
    endloop
  endfacet
  facet normal 0 0 0
    outer loop
      vertex -0.0191341716183 -0.0461939766256 -0.002
      vertex -0.0154508497187 -0.0475528258148 0.01575
      vertex -0.0154508497187 -0.0475528258148 -0.002
    endloop
  endfacet
  facet normal 0 0 0
    outer loop
      vertex -0.0191341716183 -0.0461939766256 0.01575
      vertex -0.0191341716183 -0.0461939766256 0.0335
      vertex -0.0154508497187 -0.0475528258148 0.0335
    endloop
  endfacet
  facet normal 0 0 0
    outer loop
      vertex -0.0191341716183 -0.0461939766256 0.01575
      vertex -0.0154508497187 -0.0475528258148 0.0335
      vertex -0.0154508497187 -0.0475528258148 0.01575
    endloop
  endfacet
  facet normal 0 0 0
    outer loop
      vertex -0.0191341716183 -0.0461939766256 0.0335
      vertex -0.0191341716183 -0.0461939766256 0.05125
      vertex -0.0154508497187 -0.0475528258148 0.05125
    endloop
  endfacet
  facet normal 0 0 0
    outer loop
      vertex -0.0191341716183 -0.0461939766256 0.0335
      vertex -0.0154508497187 -0.0475528258148 0.05125
      vertex -0.0154508497187 -0.0475528258148 0.0335
    endloop
  endfacet
  facet normal 0 0 0
    outer loop
      vertex -0.0191341716183 -0.0461939766256 0.05125
      vertex -0.0191341716183 -0.0461939766256 0.069
      vertex -0.0154508497187 -0.0475528258148 0.069
    endloop
  endfacet
  facet normal 0 0 0
    outer loop
      vertex -0.0191341716183 -0.0461939766256 0.05125
      vertex -0.0154508497187 -0.0475528258148 0.069
      vertex -0.0154508497187 -0.0475528258148 0.05125
    endloop
  endfacet
  facet normal 0 0 0
    outer loop
      vertex -0.0191341716183 -0.0461939766256 0.069
      vertex -0.0191341716183 -0.0461939766256 0.08675
      vertex -0.0154508497187 -0.0475528258148 0.08675
    endloop
  endfacet
  facet normal 0 0 0
    outer loop
      vertex -0.0191341716183 -0.0461939766256 0.069
      vertex -0.0154508497187 -0.0475528258148 0.08675
      vertex -0.0154508497187 -0.0475528258148 0.069
    endloop
  endfacet
  facet normal 0 0 0
    outer loop
      vertex -0.0191341716183 -0.0461939766256 0.08675
      vertex -0.0191341716183 -0.0461939766256 0.1045
      vertex -0.0154508497187 -0.0475528258148 0.1045
    endloop
  endfacet
  facet normal 0 0 0
    outer loop
      vertex -0.0191341716183 -0.0461939766256 0.08675
      vertex -0.0154508497187 -0.0475528258148 0.1045
      vertex -0.0154508497187 -0.0475528258148 0.08675
    endloop
  endfacet
  facet normal 0 0 0
    outer loop
      vertex -0.0191341716183 -0.0461939766256 0.1045
      vertex -0.0191341716183 -0.0461939766256 0.12225
      vertex -0.0154508497187 -0.0475528258148 0.12225
    endloop
  endfacet
  facet normal 0 0 0
    outer loop
      vertex -0.0191341716183 -0.0461939766256 0.1045
      vertex -0.0154508497187 -0.0475528258148 0.12225
      vertex -0.0154508497187 -0.0475528258148 0.1045
    endloop
  endfacet
  facet normal 0 0 0
    outer loop
      vertex -0.0191341716183 -0.0461939766256 0.12225
      vertex -0.0191341716183 -0.0461939766256 0.14
      vertex -0.0154508497187 -0.0475528258148 0.14
    endloop
  endfacet
  facet normal 0 0 0
    outer loop
      vertex -0.0191341716183 -0.0461939766256 0.12225
      vertex -0.0154508497187 -0.0475528258148 0.14
      vertex -0.0154508497187 -0.0475528258148 0.12225
    endloop
  endfacet
  facet normal 0 0 0
    outer loop
      vertex -0.0154508497187 -0.0475528258148 -0.002
      vertex -0.0154508497187 -0.0475528258148 0.01575
      vertex -0.0116722681928 -0.0486184960199 0.01575
    endloop
  endfacet
  facet normal 0 0 0
    outer loop
      vertex -0.0154508497187 -0.0475528258148 -0.002
      vertex -0.0116722681928 -0.0486184960199 0.01575
      vertex -0.0116722681928 -0.0486184960199 -0.002
    endloop
  endfacet
  facet normal 0 0 0
    outer loop
      vertex -0.0154508497187 -0.0475528258148 0.01575
      vertex -0.0154508497187 -0.0475528258148 0.0335
      vertex -0.0116722681928 -0.0486184960199 0.0335
    endloop
  endfacet
  facet normal 0 0 0
    outer loop
      vertex -0.0154508497187 -0.0475528258148 0.01575
      vertex -0.0116722681928 -0.0486184960199 0.0335
      vertex -0.0116722681928 -0.0486184960199 0.01575
    endloop
  endfacet
  facet normal 0 0 0
    outer loop
      vertex -0.0154508497187 -0.0475528258148 0.0335
      vertex -0.0154508497187 -0.0475528258148 0.05125
      vertex -0.0116722681928 -0.0486184960199 0.05125
    endloop
  endfacet
  facet normal 0 0 0
    outer loop
      vertex -0.0154508497187 -0.0475528258148 0.0335
      vertex -0.0116722681928 -0.0486184960199 0.05125
      vertex -0.0116722681928 -0.0486184960199 0.0335
    endloop
  endfacet
  facet normal 0 0 0
    outer loop
      vertex -0.0154508497187 -0.0475528258148 0.05125
      vertex -0.0154508497187 -0.0475528258148 0.069
      vertex -0.0116722681928 -0.0486184960199 0.069
    endloop
  endfacet
  facet normal 0 0 0
    outer loop
      vertex -0.0154508497187 -0.0475528258148 0.05125
      vertex -0.0116722681928 -0.0486184960199 0.069
      vertex -0.0116722681928 -0.0486184960199 0.05125
    endloop
  endfacet
  facet normal 0 0 0
    outer loop
      vertex -0.0154508497187 -0.0475528258148 0.069
      vertex -0.0154508497187 -0.0475528258148 0.08675
      vertex -0.0116722681928 -0.0486184960199 0.08675
    endloop
  endfacet
  facet normal 0 0 0
    outer loop
      vertex -0.0154508497187 -0.0475528258148 0.069
      vertex -0.0116722681928 -0.0486184960199 0.08675
      vertex -0.0116722681928 -0.0486184960199 0.069
    endloop
  endfacet
  facet normal 0 0 0
    outer loop
      vertex -0.0154508497187 -0.0475528258148 0.08675
      vertex -0.0154508497187 -0.0475528258148 0.1045
      vertex -0.0116722681928 -0.0486184960199 0.1045
    endloop
  endfacet
  facet normal 0 0 0
    outer loop
      vertex -0.0154508497187 -0.0475528258148 0.08675
      vertex -0.0116722681928 -0.0486184960199 0.1045
      vertex -0.0116722681928 -0.0486184960199 0.08675
    endloop
  endfacet
  facet normal 0 0 0
    outer loop
      vertex -0.0154508497187 -0.0475528258148 0.1045
      vertex -0.0154508497187 -0.0475528258148 0.12225
      vertex -0.0116722681928 -0.0486184960199 0.12225
    endloop
  endfacet
  facet normal 0 0 0
    outer loop
      vertex -0.0154508497187 -0.0475528258148 0.1045
      vertex -0.0116722681928 -0.0486184960199 0.12225
      vertex -0.0116722681928 -0.0486184960199 0.1045
    endloop
  endfacet
  facet normal 0 0 0
    outer loop
      vertex -0.0154508497187 -0.0475528258148 0.12225
      vertex -0.0154508497187 -0.0475528258148 0.14
      vertex -0.0116722681928 -0.0486184960199 0.14
    endloop
  endfacet
  facet normal 0 0 0
    outer loop
      vertex -0.0154508497187 -0.0475528258148 0.12225
      vertex -0.0116722681928 -0.0486184960199 0.14
      vertex -0.0116722681928 -0.0486184960199 0.12225
    endloop
  endfacet
  facet normal 0 0 0
    outer loop
      vertex -0.0116722681928 -0.0486184960199 -0.002
      vertex -0.0116722681928 -0.0486184960199 0.01575
      vertex -0.00782172325201 -0.0493844170298 0.01575
    endloop
  endfacet
  facet normal 0 0 0
    outer loop
      vertex -0.0116722681928 -0.0486184960199 -0.002
      vertex -0.00782172325201 -0.0493844170298 0.01575
      vertex -0.00782172325201 -0.0493844170298 -0.002
    endloop
  endfacet
  facet normal 0 0 0
    outer loop
      vertex -0.0116722681928 -0.0486184960199 0.01575
      vertex -0.0116722681928 -0.0486184960199 0.0335
      vertex -0.00782172325201 -0.0493844170298 0.0335
    endloop
  endfacet
  facet normal 0 0 0
    outer loop
      vertex -0.0116722681928 -0.0486184960199 0.01575
      vertex -0.00782172325201 -0.0493844170298 0.0335
      vertex -0.00782172325201 -0.0493844170298 0.01575
    endloop
  endfacet
  facet normal 0 0 0
    outer loop
      vertex -0.0116722681928 -0.0486184960199 0.0335
      vertex -0.0116722681928 -0.0486184960199 0.05125
      vertex -0.00782172325201 -0.0493844170298 0.05125
    endloop
  endfacet
  facet normal 0 0 0
    outer loop
      vertex -0.0116722681928 -0.0486184960199 0.0335
      vertex -0.00782172325201 -0.0493844170298 0.05125
      vertex -0.00782172325201 -0.0493844170298 0.0335
    endloop
  endfacet
  facet normal 0 0 0
    outer loop
      vertex -0.0116722681928 -0.0486184960199 0.05125
      vertex -0.0116722681928 -0.0486184960199 0.069
      vertex -0.00782172325201 -0.0493844170298 0.069
    endloop
  endfacet
  facet normal 0 0 0
    outer loop
      vertex -0.0116722681928 -0.0486184960199 0.05125
      vertex -0.00782172325201 -0.0493844170298 0.069
      vertex -0.00782172325201 -0.0493844170298 0.05125
    endloop
  endfacet
  facet normal 0 0 0
    outer loop
      vertex -0.0116722681928 -0.0486184960199 0.069
      vertex -0.0116722681928 -0.0486184960199 0.08675
      vertex -0.00782172325201 -0.0493844170298 0.08675
    endloop
  endfacet
  facet normal 0 0 0
    outer loop
      vertex -0.0116722681928 -0.0486184960199 0.069
      vertex -0.00782172325201 -0.0493844170298 0.08675
      vertex -0.00782172325201 -0.0493844170298 0.069
    endloop
  endfacet
  facet normal 0 0 0
    outer loop
      vertex -0.0116722681928 -0.0486184960199 0.08675
      vertex -0.0116722681928 -0.0486184960199 0.1045
      vertex -0.00782172325201 -0.0493844170298 0.1045
    endloop
  endfacet
  facet normal 0 0 0
    outer loop
      vertex -0.0116722681928 -0.0486184960199 0.08675
      vertex -0.00782172325201 -0.0493844170298 0.1045
      vertex -0.00782172325201 -0.0493844170298 0.08675
    endloop
  endfacet
  facet normal 0 0 0
    outer loop
      vertex -0.0116722681928 -0.0486184960199 0.1045
      vertex -0.0116722681928 -0.0486184960199 0.12225
      vertex -0.00782172325201 -0.0493844170298 0.12225
    endloop
  endfacet
  facet normal 0 0 0
    outer loop
      vertex -0.0116722681928 -0.0486184960199 0.1045
      vertex -0.00782172325201 -0.0493844170298 0.12225
      vertex -0.00782172325201 -0.0493844170298 0.1045
    endloop
  endfacet
  facet normal 0 0 0
    outer loop
      vertex -0.0116722681928 -0.0486184960199 0.12225
      vertex -0.0116722681928 -0.0486184960199 0.14
      vertex -0.00782172325201 -0.0493844170298 0.14
    endloop
  endfacet
  facet normal 0 0 0
    outer loop
      vertex -0.0116722681928 -0.0486184960199 0.12225
      vertex -0.00782172325201 -0.0493844170298 0.14
      vertex -0.00782172325201 -0.0493844170298 0.12225
    endloop
  endfacet
  facet normal 0 0 0
    outer loop
      vertex -0.00782172325201 -0.0493844170298 -0.002
      vertex -0.00782172325201 -0.0493844170298 0.01575
      vertex -0.00392295478639 -0.0498458666867 0.01575
    endloop
  endfacet
  facet normal 0 0 0
    outer loop
      vertex -0.00782172325201 -0.0493844170298 -0.002
      vertex -0.00392295478639 -0.0498458666867 0.01575
      vertex -0.00392295478639 -0.0498458666867 -0.002
    endloop
  endfacet
  facet normal 0 0 0
    outer loop
      vertex -0.00782172325201 -0.0493844170298 0.01575
      vertex -0.00782172325201 -0.0493844170298 0.0335
      vertex -0.00392295478639 -0.0498458666867 0.0335
    endloop
  endfacet
  facet normal 0 0 0
    outer loop
      vertex -0.00782172325201 -0.0493844170298 0.01575
      vertex -0.00392295478639 -0.0498458666867 0.0335
      vertex -0.00392295478639 -0.0498458666867 0.01575
    endloop
  endfacet
  facet normal 0 0 0
    outer loop
      vertex -0.00782172325201 -0.0493844170298 0.0335
      vertex -0.00782172325201 -0.0493844170298 0.05125
      vertex -0.00392295478639 -0.0498458666867 0.05125
    endloop
  endfacet
  facet normal 0 0 0
    outer loop
      vertex -0.00782172325201 -0.0493844170298 0.0335
      vertex -0.00392295478639 -0.0498458666867 0.05125
      vertex -0.00392295478639 -0.0498458666867 0.0335
    endloop
  endfacet
  facet normal 0 0 0
    outer loop
      vertex -0.00782172325201 -0.0493844170298 0.05125
      vertex -0.00782172325201 -0.0493844170298 0.069
      vertex -0.00392295478639 -0.0498458666867 0.069
    endloop
  endfacet
  facet normal 0 0 0
    outer loop
      vertex -0.00782172325201 -0.0493844170298 0.05125
      vertex -0.00392295478639 -0.0498458666867 0.069
      vertex -0.00392295478639 -0.0498458666867 0.05125
    endloop
  endfacet
  facet normal 0 0 0
    outer loop
      vertex -0.00782172325201 -0.0493844170298 0.069
      vertex -0.00782172325201 -0.0493844170298 0.08675
      vertex -0.00392295478639 -0.0498458666867 0.08675
    endloop
  endfacet
  facet normal 0 0 0
    outer loop
      vertex -0.00782172325201 -0.0493844170298 0.069
      vertex -0.00392295478639 -0.0498458666867 0.08675
      vertex -0.00392295478639 -0.0498458666867 0.069
    endloop
  endfacet
  facet normal 0 0 0
    outer loop
      vertex -0.00782172325201 -0.0493844170298 0.08675
      vertex -0.00782172325201 -0.0493844170298 0.1045
      vertex -0.00392295478639 -0.0498458666867 0.1045
    endloop
  endfacet
  facet normal 0 0 0
    outer loop
      vertex -0.00782172325201 -0.0493844170298 0.08675
      vertex -0.00392295478639 -0.0498458666867 0.1045
      vertex -0.00392295478639 -0.0498458666867 0.08675
    endloop
  endfacet
  facet normal 0 0 0
    outer loop
      vertex -0.00782172325201 -0.0493844170298 0.1045
      vertex -0.00782172325201 -0.0493844170298 0.12225
      vertex -0.00392295478639 -0.0498458666867 0.12225
    endloop
  endfacet
  facet normal 0 0 0
    outer loop
      vertex -0.00782172325201 -0.0493844170298 0.1045
      vertex -0.00392295478639 -0.0498458666867 0.12225
      vertex -0.00392295478639 -0.0498458666867 0.1045
    endloop
  endfacet
  facet normal 0 0 0
    outer loop
      vertex -0.00782172325201 -0.0493844170298 0.12225
      vertex -0.00782172325201 -0.0493844170298 0.14
      vertex -0.00392295478639 -0.0498458666867 0.14
    endloop
  endfacet
  facet normal 0 0 0
    outer loop
      vertex -0.00782172325201 -0.0493844170298 0.12225
      vertex -0.00392295478639 -0.0498458666867 0.14
      vertex -0.00392295478639 -0.0498458666867 0.12225
    endloop
  endfacet
  facet normal 0 0 0
    outer loop
      vertex -0.00392295478639 -0.0498458666867 -0.002
      vertex -0.00392295478639 -0.0498458666867 0.01575
      vertex -9.18485099361e-18 -0.05 0.01575
    endloop
  endfacet
  facet normal 0 0 0
    outer loop
      vertex -0.00392295478639 -0.0498458666867 -0.002
      vertex -9.18485099361e-18 -0.05 0.01575
      vertex -9.18485099361e-18 -0.05 -0.002
    endloop
  endfacet
  facet normal 0 0 0
    outer loop
      vertex -0.00392295478639 -0.0498458666867 0.01575
      vertex -0.00392295478639 -0.0498458666867 0.0335
      vertex -9.18485099361e-18 -0.05 0.0335
    endloop
  endfacet
  facet normal 0 0 0
    outer loop
      vertex -0.00392295478639 -0.0498458666867 0.01575
      vertex -9.18485099361e-18 -0.05 0.0335
      vertex -9.18485099361e-18 -0.05 0.01575
    endloop
  endfacet
  facet normal 0 0 0
    outer loop
      vertex -0.00392295478639 -0.0498458666867 0.0335
      vertex -0.00392295478639 -0.0498458666867 0.05125
      vertex -9.18485099361e-18 -0.05 0.05125
    endloop
  endfacet
  facet normal 0 0 0
    outer loop
      vertex -0.00392295478639 -0.0498458666867 0.0335
      vertex -9.18485099361e-18 -0.05 0.05125
      vertex -9.18485099361e-18 -0.05 0.0335
    endloop
  endfacet
  facet normal 0 0 0
    outer loop
      vertex -0.00392295478639 -0.0498458666867 0.05125
      vertex -0.00392295478639 -0.0498458666867 0.069
      vertex -9.18485099361e-18 -0.05 0.069
    endloop
  endfacet
  facet normal 0 0 0
    outer loop
      vertex -0.00392295478639 -0.0498458666867 0.05125
      vertex -9.18485099361e-18 -0.05 0.069
      vertex -9.18485099361e-18 -0.05 0.05125
    endloop
  endfacet
  facet normal 0 0 0
    outer loop
      vertex -0.00392295478639 -0.0498458666867 0.069
      vertex -0.00392295478639 -0.0498458666867 0.08675
      vertex -9.18485099361e-18 -0.05 0.08675
    endloop
  endfacet
  facet normal 0 0 0
    outer loop
      vertex -0.00392295478639 -0.0498458666867 0.069
      vertex -9.18485099361e-18 -0.05 0.08675
      vertex -9.18485099361e-18 -0.05 0.069
    endloop
  endfacet
  facet normal 0 0 0
    outer loop
      vertex -0.00392295478639 -0.0498458666867 0.08675
      vertex -0.00392295478639 -0.0498458666867 0.1045
      vertex -9.18485099361e-18 -0.05 0.1045
    endloop
  endfacet
  facet normal 0 0 0
    outer loop
      vertex -0.00392295478639 -0.0498458666867 0.08675
      vertex -9.18485099361e-18 -0.05 0.1045
      vertex -9.18485099361e-18 -0.05 0.08675
    endloop
  endfacet
  facet normal 0 0 0
    outer loop
      vertex -0.00392295478639 -0.0498458666867 0.1045
      vertex -0.00392295478639 -0.0498458666867 0.12225
      vertex -9.18485099361e-18 -0.05 0.12225
    endloop
  endfacet
  facet normal 0 0 0
    outer loop
      vertex -0.00392295478639 -0.0498458666867 0.1045
      vertex -9.18485099361e-18 -0.05 0.12225
      vertex -9.18485099361e-18 -0.05 0.1045
    endloop
  endfacet
  facet normal 0 0 0
    outer loop
      vertex -0.00392295478639 -0.0498458666867 0.12225
      vertex -0.00392295478639 -0.0498458666867 0.14
      vertex -9.18485099361e-18 -0.05 0.14
    endloop
  endfacet
  facet normal 0 0 0
    outer loop
      vertex -0.00392295478639 -0.0498458666867 0.12225
      vertex -9.18485099361e-18 -0.05 0.14
      vertex -9.18485099361e-18 -0.05 0.12225
    endloop
  endfacet
  facet normal 0 0 0
    outer loop
      vertex -9.18485099361e-18 -0.05 -0.002
      vertex -9.18485099361e-18 -0.05 0.01575
      vertex 0.00392295478639 -0.0498458666867 0.01575
    endloop
  endfacet
  facet normal 0 0 0
    outer loop
      vertex -9.18485099361e-18 -0.05 -0.002
      vertex 0.00392295478639 -0.0498458666867 0.01575
      vertex 0.00392295478639 -0.0498458666867 -0.002
    endloop
  endfacet
  facet normal 0 0 0
    outer loop
      vertex -9.18485099361e-18 -0.05 0.01575
      vertex -9.18485099361e-18 -0.05 0.0335
      vertex 0.00392295478639 -0.0498458666867 0.0335
    endloop
  endfacet
  facet normal 0 0 0
    outer loop
      vertex -9.18485099361e-18 -0.05 0.01575
      vertex 0.00392295478639 -0.0498458666867 0.0335
      vertex 0.00392295478639 -0.0498458666867 0.01575
    endloop
  endfacet
  facet normal 0 0 0
    outer loop
      vertex -9.18485099361e-18 -0.05 0.0335
      vertex -9.18485099361e-18 -0.05 0.05125
      vertex 0.00392295478639 -0.0498458666867 0.05125
    endloop
  endfacet
  facet normal 0 0 0
    outer loop
      vertex -9.18485099361e-18 -0.05 0.0335
      vertex 0.00392295478639 -0.0498458666867 0.05125
      vertex 0.00392295478639 -0.0498458666867 0.0335
    endloop
  endfacet
  facet normal 0 0 0
    outer loop
      vertex -9.18485099361e-18 -0.05 0.05125
      vertex -9.18485099361e-18 -0.05 0.069
      vertex 0.00392295478639 -0.0498458666867 0.069
    endloop
  endfacet
  facet normal 0 0 0
    outer loop
      vertex -9.18485099361e-18 -0.05 0.05125
      vertex 0.00392295478639 -0.0498458666867 0.069
      vertex 0.00392295478639 -0.0498458666867 0.05125
    endloop
  endfacet
  facet normal 0 0 0
    outer loop
      vertex -9.18485099361e-18 -0.05 0.069
      vertex -9.18485099361e-18 -0.05 0.08675
      vertex 0.00392295478639 -0.0498458666867 0.08675
    endloop
  endfacet
  facet normal 0 0 0
    outer loop
      vertex -9.18485099361e-18 -0.05 0.069
      vertex 0.00392295478639 -0.0498458666867 0.08675
      vertex 0.00392295478639 -0.0498458666867 0.069
    endloop
  endfacet
  facet normal 0 0 0
    outer loop
      vertex -9.18485099361e-18 -0.05 0.08675
      vertex -9.18485099361e-18 -0.05 0.1045
      vertex 0.00392295478639 -0.0498458666867 0.1045
    endloop
  endfacet
  facet normal 0 0 0
    outer loop
      vertex -9.18485099361e-18 -0.05 0.08675
      vertex 0.00392295478639 -0.0498458666867 0.1045
      vertex 0.00392295478639 -0.0498458666867 0.08675
    endloop
  endfacet
  facet normal 0 0 0
    outer loop
      vertex -9.18485099361e-18 -0.05 0.1045
      vertex -9.18485099361e-18 -0.05 0.12225
      vertex 0.00392295478639 -0.0498458666867 0.12225
    endloop
  endfacet
  facet normal 0 0 0
    outer loop
      vertex -9.18485099361e-18 -0.05 0.1045
      vertex 0.00392295478639 -0.0498458666867 0.12225
      vertex 0.00392295478639 -0.0498458666867 0.1045
    endloop
  endfacet
  facet normal 0 0 0
    outer loop
      vertex -9.18485099361e-18 -0.05 0.12225
      vertex -9.18485099361e-18 -0.05 0.14
      vertex 0.00392295478639 -0.0498458666867 0.14
    endloop
  endfacet
  facet normal 0 0 0
    outer loop
      vertex -9.18485099361e-18 -0.05 0.12225
      vertex 0.00392295478639 -0.0498458666867 0.14
      vertex 0.00392295478639 -0.0498458666867 0.12225
    endloop
  endfacet
  facet normal 0 0 0
    outer loop
      vertex 0.00392295478639 -0.0498458666867 -0.002
      vertex 0.00392295478639 -0.0498458666867 0.01575
      vertex 0.00782172325201 -0.0493844170298 0.01575
    endloop
  endfacet
  facet normal 0 0 0
    outer loop
      vertex 0.00392295478639 -0.0498458666867 -0.002
      vertex 0.00782172325201 -0.0493844170298 0.01575
      vertex 0.00782172325201 -0.0493844170298 -0.002
    endloop
  endfacet
  facet normal 0 0 0
    outer loop
      vertex 0.00392295478639 -0.0498458666867 0.01575
      vertex 0.00392295478639 -0.0498458666867 0.0335
      vertex 0.00782172325201 -0.0493844170298 0.0335
    endloop
  endfacet
  facet normal 0 0 0
    outer loop
      vertex 0.00392295478639 -0.0498458666867 0.01575
      vertex 0.00782172325201 -0.0493844170298 0.0335
      vertex 0.00782172325201 -0.0493844170298 0.01575
    endloop
  endfacet
  facet normal 0 0 0
    outer loop
      vertex 0.00392295478639 -0.0498458666867 0.0335
      vertex 0.00392295478639 -0.0498458666867 0.05125
      vertex 0.00782172325201 -0.0493844170298 0.05125
    endloop
  endfacet
  facet normal 0 0 0
    outer loop
      vertex 0.00392295478639 -0.0498458666867 0.0335
      vertex 0.00782172325201 -0.0493844170298 0.05125
      vertex 0.00782172325201 -0.0493844170298 0.0335
    endloop
  endfacet
  facet normal 0 0 0
    outer loop
      vertex 0.00392295478639 -0.0498458666867 0.05125
      vertex 0.00392295478639 -0.0498458666867 0.069
      vertex 0.00782172325201 -0.0493844170298 0.069
    endloop
  endfacet
  facet normal 0 0 0
    outer loop
      vertex 0.00392295478639 -0.0498458666867 0.05125
      vertex 0.00782172325201 -0.0493844170298 0.069
      vertex 0.00782172325201 -0.0493844170298 0.05125
    endloop
  endfacet
  facet normal 0 0 0
    outer loop
      vertex 0.00392295478639 -0.0498458666867 0.069
      vertex 0.00392295478639 -0.0498458666867 0.08675
      vertex 0.00782172325201 -0.0493844170298 0.08675
    endloop
  endfacet
  facet normal 0 0 0
    outer loop
      vertex 0.00392295478639 -0.0498458666867 0.069
      vertex 0.00782172325201 -0.0493844170298 0.08675
      vertex 0.00782172325201 -0.0493844170298 0.069
    endloop
  endfacet
  facet normal 0 0 0
    outer loop
      vertex 0.00392295478639 -0.0498458666867 0.08675
      vertex 0.00392295478639 -0.0498458666867 0.1045
      vertex 0.00782172325201 -0.0493844170298 0.1045
    endloop
  endfacet
  facet normal 0 0 0
    outer loop
      vertex 0.00392295478639 -0.0498458666867 0.08675
      vertex 0.00782172325201 -0.0493844170298 0.1045
      vertex 0.00782172325201 -0.0493844170298 0.08675
    endloop
  endfacet
  facet normal 0 0 0
    outer loop
      vertex 0.00392295478639 -0.0498458666867 0.1045
      vertex 0.00392295478639 -0.0498458666867 0.12225
      vertex 0.00782172325201 -0.0493844170298 0.12225
    endloop
  endfacet
  facet normal 0 0 0
    outer loop
      vertex 0.00392295478639 -0.0498458666867 0.1045
      vertex 0.00782172325201 -0.0493844170298 0.12225
      vertex 0.00782172325201 -0.0493844170298 0.1045
    endloop
  endfacet
  facet normal 0 0 0
    outer loop
      vertex 0.00392295478639 -0.0498458666867 0.12225
      vertex 0.00392295478639 -0.0498458666867 0.14
      vertex 0.00782172325201 -0.0493844170298 0.14
    endloop
  endfacet
  facet normal 0 0 0
    outer loop
      vertex 0.00392295478639 -0.0498458666867 0.12225
      vertex 0.00782172325201 -0.0493844170298 0.14
      vertex 0.00782172325201 -0.0493844170298 0.12225
    endloop
  endfacet
  facet normal 0 0 0
    outer loop
      vertex 0.00782172325201 -0.0493844170298 -0.002
      vertex 0.00782172325201 -0.0493844170298 0.01575
      vertex 0.0116722681928 -0.0486184960199 0.01575
    endloop
  endfacet
  facet normal 0 0 0
    outer loop
      vertex 0.00782172325201 -0.0493844170298 -0.002
      vertex 0.0116722681928 -0.0486184960199 0.01575
      vertex 0.0116722681928 -0.0486184960199 -0.002
    endloop
  endfacet
  facet normal 0 0 0
    outer loop
      vertex 0.00782172325201 -0.0493844170298 0.01575
      vertex 0.00782172325201 -0.0493844170298 0.0335
      vertex 0.0116722681928 -0.0486184960199 0.0335
    endloop
  endfacet
  facet normal 0 0 0
    outer loop
      vertex 0.00782172325201 -0.0493844170298 0.01575
      vertex 0.0116722681928 -0.0486184960199 0.0335
      vertex 0.0116722681928 -0.0486184960199 0.01575
    endloop
  endfacet
  facet normal 0 0 0
    outer loop
      vertex 0.00782172325201 -0.0493844170298 0.0335
      vertex 0.00782172325201 -0.0493844170298 0.05125
      vertex 0.0116722681928 -0.0486184960199 0.05125
    endloop
  endfacet
  facet normal 0 0 0
    outer loop
      vertex 0.00782172325201 -0.0493844170298 0.0335
      vertex 0.0116722681928 -0.0486184960199 0.05125
      vertex 0.0116722681928 -0.0486184960199 0.0335
    endloop
  endfacet
  facet normal 0 0 0
    outer loop
      vertex 0.00782172325201 -0.0493844170298 0.05125
      vertex 0.00782172325201 -0.0493844170298 0.069
      vertex 0.0116722681928 -0.0486184960199 0.069
    endloop
  endfacet
  facet normal 0 0 0
    outer loop
      vertex 0.00782172325201 -0.0493844170298 0.05125
      vertex 0.0116722681928 -0.0486184960199 0.069
      vertex 0.0116722681928 -0.0486184960199 0.05125
    endloop
  endfacet
  facet normal 0 0 0
    outer loop
      vertex 0.00782172325201 -0.0493844170298 0.069
      vertex 0.00782172325201 -0.0493844170298 0.08675
      vertex 0.0116722681928 -0.0486184960199 0.08675
    endloop
  endfacet
  facet normal 0 0 0
    outer loop
      vertex 0.00782172325201 -0.0493844170298 0.069
      vertex 0.0116722681928 -0.0486184960199 0.08675
      vertex 0.0116722681928 -0.0486184960199 0.069
    endloop
  endfacet
  facet normal 0 0 0
    outer loop
      vertex 0.00782172325201 -0.0493844170298 0.08675
      vertex 0.00782172325201 -0.0493844170298 0.1045
      vertex 0.0116722681928 -0.0486184960199 0.1045
    endloop
  endfacet
  facet normal 0 0 0
    outer loop
      vertex 0.00782172325201 -0.0493844170298 0.08675
      vertex 0.0116722681928 -0.0486184960199 0.1045
      vertex 0.0116722681928 -0.0486184960199 0.08675
    endloop
  endfacet
  facet normal 0 0 0
    outer loop
      vertex 0.00782172325201 -0.0493844170298 0.1045
      vertex 0.00782172325201 -0.0493844170298 0.12225
      vertex 0.0116722681928 -0.0486184960199 0.12225
    endloop
  endfacet
  facet normal 0 0 0
    outer loop
      vertex 0.00782172325201 -0.0493844170298 0.1045
      vertex 0.0116722681928 -0.0486184960199 0.12225
      vertex 0.0116722681928 -0.0486184960199 0.1045
    endloop
  endfacet
  facet normal 0 0 0
    outer loop
      vertex 0.00782172325201 -0.0493844170298 0.12225
      vertex 0.00782172325201 -0.0493844170298 0.14
      vertex 0.0116722681928 -0.0486184960199 0.14
    endloop
  endfacet
  facet normal 0 0 0
    outer loop
      vertex 0.00782172325201 -0.0493844170298 0.12225
      vertex 0.0116722681928 -0.0486184960199 0.14
      vertex 0.0116722681928 -0.0486184960199 0.12225
    endloop
  endfacet
  facet normal 0 0 0
    outer loop
      vertex 0.0116722681928 -0.0486184960199 -0.002
      vertex 0.0116722681928 -0.0486184960199 0.01575
      vertex 0.0154508497187 -0.0475528258148 0.01575
    endloop
  endfacet
  facet normal 0 0 0
    outer loop
      vertex 0.0116722681928 -0.0486184960199 -0.002
      vertex 0.0154508497187 -0.0475528258148 0.01575
      vertex 0.0154508497187 -0.0475528258148 -0.002
    endloop
  endfacet
  facet normal 0 0 0
    outer loop
      vertex 0.0116722681928 -0.0486184960199 0.01575
      vertex 0.0116722681928 -0.0486184960199 0.0335
      vertex 0.0154508497187 -0.0475528258148 0.0335
    endloop
  endfacet
  facet normal 0 0 0
    outer loop
      vertex 0.0116722681928 -0.0486184960199 0.01575
      vertex 0.0154508497187 -0.0475528258148 0.0335
      vertex 0.0154508497187 -0.0475528258148 0.01575
    endloop
  endfacet
  facet normal 0 0 0
    outer loop
      vertex 0.0116722681928 -0.0486184960199 0.0335
      vertex 0.0116722681928 -0.0486184960199 0.05125
      vertex 0.0154508497187 -0.0475528258148 0.05125
    endloop
  endfacet
  facet normal 0 0 0
    outer loop
      vertex 0.0116722681928 -0.0486184960199 0.0335
      vertex 0.0154508497187 -0.0475528258148 0.05125
      vertex 0.0154508497187 -0.0475528258148 0.0335
    endloop
  endfacet
  facet normal 0 0 0
    outer loop
      vertex 0.0116722681928 -0.0486184960199 0.05125
      vertex 0.0116722681928 -0.0486184960199 0.069
      vertex 0.0154508497187 -0.0475528258148 0.069
    endloop
  endfacet
  facet normal 0 0 0
    outer loop
      vertex 0.0116722681928 -0.0486184960199 0.05125
      vertex 0.0154508497187 -0.0475528258148 0.069
      vertex 0.0154508497187 -0.0475528258148 0.05125
    endloop
  endfacet
  facet normal 0 0 0
    outer loop
      vertex 0.0116722681928 -0.0486184960199 0.069
      vertex 0.0116722681928 -0.0486184960199 0.08675
      vertex 0.0154508497187 -0.0475528258148 0.08675
    endloop
  endfacet
  facet normal 0 0 0
    outer loop
      vertex 0.0116722681928 -0.0486184960199 0.069
      vertex 0.0154508497187 -0.0475528258148 0.08675
      vertex 0.0154508497187 -0.0475528258148 0.069
    endloop
  endfacet
  facet normal 0 0 0
    outer loop
      vertex 0.0116722681928 -0.0486184960199 0.08675
      vertex 0.0116722681928 -0.0486184960199 0.1045
      vertex 0.0154508497187 -0.0475528258148 0.1045
    endloop
  endfacet
  facet normal 0 0 0
    outer loop
      vertex 0.0116722681928 -0.0486184960199 0.08675
      vertex 0.0154508497187 -0.0475528258148 0.1045
      vertex 0.0154508497187 -0.0475528258148 0.08675
    endloop
  endfacet
  facet normal 0 0 0
    outer loop
      vertex 0.0116722681928 -0.0486184960199 0.1045
      vertex 0.0116722681928 -0.0486184960199 0.12225
      vertex 0.0154508497187 -0.0475528258148 0.12225
    endloop
  endfacet
  facet normal 0 0 0
    outer loop
      vertex 0.0116722681928 -0.0486184960199 0.1045
      vertex 0.0154508497187 -0.0475528258148 0.12225
      vertex 0.0154508497187 -0.0475528258148 0.1045
    endloop
  endfacet
  facet normal 0 0 0
    outer loop
      vertex 0.0116722681928 -0.0486184960199 0.12225
      vertex 0.0116722681928 -0.0486184960199 0.14
      vertex 0.0154508497187 -0.0475528258148 0.14
    endloop
  endfacet
  facet normal 0 0 0
    outer loop
      vertex 0.0116722681928 -0.0486184960199 0.12225
      vertex 0.0154508497187 -0.0475528258148 0.14
      vertex 0.0154508497187 -0.0475528258148 0.12225
    endloop
  endfacet
  facet normal 0 0 0
    outer loop
      vertex 0.0154508497187 -0.0475528258148 -0.002
      vertex 0.0154508497187 -0.0475528258148 0.01575
      vertex 0.0191341716183 -0.0461939766256 0.01575
    endloop
  endfacet
  facet normal 0 0 0
    outer loop
      vertex 0.0154508497187 -0.0475528258148 -0.002
      vertex 0.0191341716183 -0.0461939766256 0.01575
      vertex 0.0191341716183 -0.0461939766256 -0.002
    endloop
  endfacet
  facet normal 0 0 0
    outer loop
      vertex 0.0154508497187 -0.0475528258148 0.01575
      vertex 0.0154508497187 -0.0475528258148 0.0335
      vertex 0.0191341716183 -0.0461939766256 0.0335
    endloop
  endfacet
  facet normal 0 0 0
    outer loop
      vertex 0.0154508497187 -0.0475528258148 0.01575
      vertex 0.0191341716183 -0.0461939766256 0.0335
      vertex 0.0191341716183 -0.0461939766256 0.01575
    endloop
  endfacet
  facet normal 0 0 0
    outer loop
      vertex 0.0154508497187 -0.0475528258148 0.0335
      vertex 0.0154508497187 -0.0475528258148 0.05125
      vertex 0.0191341716183 -0.0461939766256 0.05125
    endloop
  endfacet
  facet normal 0 0 0
    outer loop
      vertex 0.0154508497187 -0.0475528258148 0.0335
      vertex 0.0191341716183 -0.0461939766256 0.05125
      vertex 0.0191341716183 -0.0461939766256 0.0335
    endloop
  endfacet
  facet normal 0 0 0
    outer loop
      vertex 0.0154508497187 -0.0475528258148 0.05125
      vertex 0.0154508497187 -0.0475528258148 0.069
      vertex 0.0191341716183 -0.0461939766256 0.069
    endloop
  endfacet
  facet normal 0 0 0
    outer loop
      vertex 0.0154508497187 -0.0475528258148 0.05125
      vertex 0.0191341716183 -0.0461939766256 0.069
      vertex 0.0191341716183 -0.0461939766256 0.05125
    endloop
  endfacet
  facet normal 0 0 0
    outer loop
      vertex 0.0154508497187 -0.0475528258148 0.069
      vertex 0.0154508497187 -0.0475528258148 0.08675
      vertex 0.0191341716183 -0.0461939766256 0.08675
    endloop
  endfacet
  facet normal 0 0 0
    outer loop
      vertex 0.0154508497187 -0.0475528258148 0.069
      vertex 0.0191341716183 -0.0461939766256 0.08675
      vertex 0.0191341716183 -0.0461939766256 0.069
    endloop
  endfacet
  facet normal 0 0 0
    outer loop
      vertex 0.0154508497187 -0.0475528258148 0.08675
      vertex 0.0154508497187 -0.0475528258148 0.1045
      vertex 0.0191341716183 -0.0461939766256 0.1045
    endloop
  endfacet
  facet normal 0 0 0
    outer loop
      vertex 0.0154508497187 -0.0475528258148 0.08675
      vertex 0.0191341716183 -0.0461939766256 0.1045
      vertex 0.0191341716183 -0.0461939766256 0.08675
    endloop
  endfacet
  facet normal 0 0 0
    outer loop
      vertex 0.0154508497187 -0.0475528258148 0.1045
      vertex 0.0154508497187 -0.0475528258148 0.12225
      vertex 0.0191341716183 -0.0461939766256 0.12225
    endloop
  endfacet
  facet normal 0 0 0
    outer loop
      vertex 0.0154508497187 -0.0475528258148 0.1045
      vertex 0.0191341716183 -0.0461939766256 0.12225
      vertex 0.0191341716183 -0.0461939766256 0.1045
    endloop
  endfacet
  facet normal 0 0 0
    outer loop
      vertex 0.0154508497187 -0.0475528258148 0.12225
      vertex 0.0154508497187 -0.0475528258148 0.14
      vertex 0.0191341716183 -0.0461939766256 0.14
    endloop
  endfacet
  facet normal 0 0 0
    outer loop
      vertex 0.0154508497187 -0.0475528258148 0.12225
      vertex 0.0191341716183 -0.0461939766256 0.14
      vertex 0.0191341716183 -0.0461939766256 0.12225
    endloop
  endfacet
  facet normal 0 0 0
    outer loop
      vertex 0.0191341716183 -0.0461939766256 -0.002
      vertex 0.0191341716183 -0.0461939766256 0.01575
      vertex 0.022699524987 -0.0445503262094 0.01575
    endloop
  endfacet
  facet normal 0 0 0
    outer loop
      vertex 0.0191341716183 -0.0461939766256 -0.002
      vertex 0.022699524987 -0.0445503262094 0.01575
      vertex 0.022699524987 -0.0445503262094 -0.002
    endloop
  endfacet
  facet normal 0 0 0
    outer loop
      vertex 0.0191341716183 -0.0461939766256 0.01575
      vertex 0.0191341716183 -0.0461939766256 0.0335
      vertex 0.022699524987 -0.0445503262094 0.0335
    endloop
  endfacet
  facet normal 0 0 0
    outer loop
      vertex 0.0191341716183 -0.0461939766256 0.01575
      vertex 0.022699524987 -0.0445503262094 0.0335
      vertex 0.022699524987 -0.0445503262094 0.01575
    endloop
  endfacet
  facet normal 0 0 0
    outer loop
      vertex 0.0191341716183 -0.0461939766256 0.0335
      vertex 0.0191341716183 -0.0461939766256 0.05125
      vertex 0.022699524987 -0.0445503262094 0.05125
    endloop
  endfacet
  facet normal 0 0 0
    outer loop
      vertex 0.0191341716183 -0.0461939766256 0.0335
      vertex 0.022699524987 -0.0445503262094 0.05125
      vertex 0.022699524987 -0.0445503262094 0.0335
    endloop
  endfacet
  facet normal 0 0 0
    outer loop
      vertex 0.0191341716183 -0.0461939766256 0.05125
      vertex 0.0191341716183 -0.0461939766256 0.069
      vertex 0.022699524987 -0.0445503262094 0.069
    endloop
  endfacet
  facet normal 0 0 0
    outer loop
      vertex 0.0191341716183 -0.0461939766256 0.05125
      vertex 0.022699524987 -0.0445503262094 0.069
      vertex 0.022699524987 -0.0445503262094 0.05125
    endloop
  endfacet
  facet normal 0 0 0
    outer loop
      vertex 0.0191341716183 -0.0461939766256 0.069
      vertex 0.0191341716183 -0.0461939766256 0.08675
      vertex 0.022699524987 -0.0445503262094 0.08675
    endloop
  endfacet
  facet normal 0 0 0
    outer loop
      vertex 0.0191341716183 -0.0461939766256 0.069
      vertex 0.022699524987 -0.0445503262094 0.08675
      vertex 0.022699524987 -0.0445503262094 0.069
    endloop
  endfacet
  facet normal 0 0 0
    outer loop
      vertex 0.0191341716183 -0.0461939766256 0.08675
      vertex 0.0191341716183 -0.0461939766256 0.1045
      vertex 0.022699524987 -0.0445503262094 0.1045
    endloop
  endfacet
  facet normal 0 0 0
    outer loop
      vertex 0.0191341716183 -0.0461939766256 0.08675
      vertex 0.022699524987 -0.0445503262094 0.1045
      vertex 0.022699524987 -0.0445503262094 0.08675
    endloop
  endfacet
  facet normal 0 0 0
    outer loop
      vertex 0.0191341716183 -0.0461939766256 0.1045
      vertex 0.0191341716183 -0.0461939766256 0.12225
      vertex 0.022699524987 -0.0445503262094 0.12225
    endloop
  endfacet
  facet normal 0 0 0
    outer loop
      vertex 0.0191341716183 -0.0461939766256 0.1045
      vertex 0.022699524987 -0.0445503262094 0.12225
      vertex 0.022699524987 -0.0445503262094 0.1045
    endloop
  endfacet
  facet normal 0 0 0
    outer loop
      vertex 0.0191341716183 -0.0461939766256 0.12225
      vertex 0.0191341716183 -0.0461939766256 0.14
      vertex 0.022699524987 -0.0445503262094 0.14
    endloop
  endfacet
  facet normal 0 0 0
    outer loop
      vertex 0.0191341716183 -0.0461939766256 0.12225
      vertex 0.022699524987 -0.0445503262094 0.14
      vertex 0.022699524987 -0.0445503262094 0.12225
    endloop
  endfacet
  facet normal 0 0 0
    outer loop
      vertex 0.022699524987 -0.0445503262094 -0.002
      vertex 0.022699524987 -0.0445503262094 0.01575
      vertex 0.0261249282358 -0.0426320082177 0.01575
    endloop
  endfacet
  facet normal 0 0 0
    outer loop
      vertex 0.022699524987 -0.0445503262094 -0.002
      vertex 0.0261249282358 -0.0426320082177 0.01575
      vertex 0.0261249282358 -0.0426320082177 -0.002
    endloop
  endfacet
  facet normal 0 0 0
    outer loop
      vertex 0.022699524987 -0.0445503262094 0.01575
      vertex 0.022699524987 -0.0445503262094 0.0335
      vertex 0.0261249282358 -0.0426320082177 0.0335
    endloop
  endfacet
  facet normal 0 0 0
    outer loop
      vertex 0.022699524987 -0.0445503262094 0.01575
      vertex 0.0261249282358 -0.0426320082177 0.0335
      vertex 0.0261249282358 -0.0426320082177 0.01575
    endloop
  endfacet
  facet normal 0 0 0
    outer loop
      vertex 0.022699524987 -0.0445503262094 0.0335
      vertex 0.022699524987 -0.0445503262094 0.05125
      vertex 0.0261249282358 -0.0426320082177 0.05125
    endloop
  endfacet
  facet normal 0 0 0
    outer loop
      vertex 0.022699524987 -0.0445503262094 0.0335
      vertex 0.0261249282358 -0.0426320082177 0.05125
      vertex 0.0261249282358 -0.0426320082177 0.0335
    endloop
  endfacet
  facet normal 0 0 0
    outer loop
      vertex 0.022699524987 -0.0445503262094 0.05125
      vertex 0.022699524987 -0.0445503262094 0.069
      vertex 0.0261249282358 -0.0426320082177 0.069
    endloop
  endfacet
  facet normal 0 0 0
    outer loop
      vertex 0.022699524987 -0.0445503262094 0.05125
      vertex 0.0261249282358 -0.0426320082177 0.069
      vertex 0.0261249282358 -0.0426320082177 0.05125
    endloop
  endfacet
  facet normal 0 0 0
    outer loop
      vertex 0.022699524987 -0.0445503262094 0.069
      vertex 0.022699524987 -0.0445503262094 0.08675
      vertex 0.0261249282358 -0.0426320082177 0.08675
    endloop
  endfacet
  facet normal 0 0 0
    outer loop
      vertex 0.022699524987 -0.0445503262094 0.069
      vertex 0.0261249282358 -0.0426320082177 0.08675
      vertex 0.0261249282358 -0.0426320082177 0.069
    endloop
  endfacet
  facet normal 0 0 0
    outer loop
      vertex 0.022699524987 -0.0445503262094 0.08675
      vertex 0.022699524987 -0.0445503262094 0.1045
      vertex 0.0261249282358 -0.0426320082177 0.1045
    endloop
  endfacet
  facet normal 0 0 0
    outer loop
      vertex 0.022699524987 -0.0445503262094 0.08675
      vertex 0.0261249282358 -0.0426320082177 0.1045
      vertex 0.0261249282358 -0.0426320082177 0.08675
    endloop
  endfacet
  facet normal 0 0 0
    outer loop
      vertex 0.022699524987 -0.0445503262094 0.1045
      vertex 0.022699524987 -0.0445503262094 0.12225
      vertex 0.0261249282358 -0.0426320082177 0.12225
    endloop
  endfacet
  facet normal 0 0 0
    outer loop
      vertex 0.022699524987 -0.0445503262094 0.1045
      vertex 0.0261249282358 -0.0426320082177 0.12225
      vertex 0.0261249282358 -0.0426320082177 0.1045
    endloop
  endfacet
  facet normal 0 0 0
    outer loop
      vertex 0.022699524987 -0.0445503262094 0.12225
      vertex 0.022699524987 -0.0445503262094 0.14
      vertex 0.0261249282358 -0.0426320082177 0.14
    endloop
  endfacet
  facet normal 0 0 0
    outer loop
      vertex 0.022699524987 -0.0445503262094 0.12225
      vertex 0.0261249282358 -0.0426320082177 0.14
      vertex 0.0261249282358 -0.0426320082177 0.12225
    endloop
  endfacet
  facet normal 0 0 0
    outer loop
      vertex 0.0261249282358 -0.0426320082177 -0.002
      vertex 0.0261249282358 -0.0426320082177 0.01575
      vertex 0.0293892626146 -0.0404508497187 0.01575
    endloop
  endfacet
  facet normal 0 0 0
    outer loop
      vertex 0.0261249282358 -0.0426320082177 -0.002
      vertex 0.0293892626146 -0.0404508497187 0.01575
      vertex 0.0293892626146 -0.0404508497187 -0.002
    endloop
  endfacet
  facet normal 0 0 0
    outer loop
      vertex 0.0261249282358 -0.0426320082177 0.01575
      vertex 0.0261249282358 -0.0426320082177 0.0335
      vertex 0.0293892626146 -0.0404508497187 0.0335
    endloop
  endfacet
  facet normal 0 0 0
    outer loop
      vertex 0.0261249282358 -0.0426320082177 0.01575
      vertex 0.0293892626146 -0.0404508497187 0.0335
      vertex 0.0293892626146 -0.0404508497187 0.01575
    endloop
  endfacet
  facet normal 0 0 0
    outer loop
      vertex 0.0261249282358 -0.0426320082177 0.0335
      vertex 0.0261249282358 -0.0426320082177 0.05125
      vertex 0.0293892626146 -0.0404508497187 0.05125
    endloop
  endfacet
  facet normal 0 0 0
    outer loop
      vertex 0.0261249282358 -0.0426320082177 0.0335
      vertex 0.0293892626146 -0.0404508497187 0.05125
      vertex 0.0293892626146 -0.0404508497187 0.0335
    endloop
  endfacet
  facet normal 0 0 0
    outer loop
      vertex 0.0261249282358 -0.0426320082177 0.05125
      vertex 0.0261249282358 -0.0426320082177 0.069
      vertex 0.0293892626146 -0.0404508497187 0.069
    endloop
  endfacet
  facet normal 0 0 0
    outer loop
      vertex 0.0261249282358 -0.0426320082177 0.05125
      vertex 0.0293892626146 -0.0404508497187 0.069
      vertex 0.0293892626146 -0.0404508497187 0.05125
    endloop
  endfacet
  facet normal 0 0 0
    outer loop
      vertex 0.0261249282358 -0.0426320082177 0.069
      vertex 0.0261249282358 -0.0426320082177 0.08675
      vertex 0.0293892626146 -0.0404508497187 0.08675
    endloop
  endfacet
  facet normal 0 0 0
    outer loop
      vertex 0.0261249282358 -0.0426320082177 0.069
      vertex 0.0293892626146 -0.0404508497187 0.08675
      vertex 0.0293892626146 -0.0404508497187 0.069
    endloop
  endfacet
  facet normal 0 0 0
    outer loop
      vertex 0.0261249282358 -0.0426320082177 0.08675
      vertex 0.0261249282358 -0.0426320082177 0.1045
      vertex 0.0293892626146 -0.0404508497187 0.1045
    endloop
  endfacet
  facet normal 0 0 0
    outer loop
      vertex 0.0261249282358 -0.0426320082177 0.08675
      vertex 0.0293892626146 -0.0404508497187 0.1045
      vertex 0.0293892626146 -0.0404508497187 0.08675
    endloop
  endfacet
  facet normal 0 0 0
    outer loop
      vertex 0.0261249282358 -0.0426320082177 0.1045
      vertex 0.0261249282358 -0.0426320082177 0.12225
      vertex 0.0293892626146 -0.0404508497187 0.12225
    endloop
  endfacet
  facet normal 0 0 0
    outer loop
      vertex 0.0261249282358 -0.0426320082177 0.1045
      vertex 0.0293892626146 -0.0404508497187 0.12225
      vertex 0.0293892626146 -0.0404508497187 0.1045
    endloop
  endfacet
  facet normal 0 0 0
    outer loop
      vertex 0.0261249282358 -0.0426320082177 0.12225
      vertex 0.0261249282358 -0.0426320082177 0.14
      vertex 0.0293892626146 -0.0404508497187 0.14
    endloop
  endfacet
  facet normal 0 0 0
    outer loop
      vertex 0.0261249282358 -0.0426320082177 0.12225
      vertex 0.0293892626146 -0.0404508497187 0.14
      vertex 0.0293892626146 -0.0404508497187 0.12225
    endloop
  endfacet
  facet normal 0 0 0
    outer loop
      vertex 0.0293892626146 -0.0404508497187 -0.002
      vertex 0.0293892626146 -0.0404508497187 0.01575
      vertex 0.0324724024165 -0.03802029828 0.01575
    endloop
  endfacet
  facet normal 0 0 0
    outer loop
      vertex 0.0293892626146 -0.0404508497187 -0.002
      vertex 0.0324724024165 -0.03802029828 0.01575
      vertex 0.0324724024165 -0.03802029828 -0.002
    endloop
  endfacet
  facet normal 0 0 0
    outer loop
      vertex 0.0293892626146 -0.0404508497187 0.01575
      vertex 0.0293892626146 -0.0404508497187 0.0335
      vertex 0.0324724024165 -0.03802029828 0.0335
    endloop
  endfacet
  facet normal 0 0 0
    outer loop
      vertex 0.0293892626146 -0.0404508497187 0.01575
      vertex 0.0324724024165 -0.03802029828 0.0335
      vertex 0.0324724024165 -0.03802029828 0.01575
    endloop
  endfacet
  facet normal 0 0 0
    outer loop
      vertex 0.0293892626146 -0.0404508497187 0.0335
      vertex 0.0293892626146 -0.0404508497187 0.05125
      vertex 0.0324724024165 -0.03802029828 0.05125
    endloop
  endfacet
  facet normal 0 0 0
    outer loop
      vertex 0.0293892626146 -0.0404508497187 0.0335
      vertex 0.0324724024165 -0.03802029828 0.05125
      vertex 0.0324724024165 -0.03802029828 0.0335
    endloop
  endfacet
  facet normal 0 0 0
    outer loop
      vertex 0.0293892626146 -0.0404508497187 0.05125
      vertex 0.0293892626146 -0.0404508497187 0.069
      vertex 0.0324724024165 -0.03802029828 0.069
    endloop
  endfacet
  facet normal 0 0 0
    outer loop
      vertex 0.0293892626146 -0.0404508497187 0.05125
      vertex 0.0324724024165 -0.03802029828 0.069
      vertex 0.0324724024165 -0.03802029828 0.05125
    endloop
  endfacet
  facet normal 0 0 0
    outer loop
      vertex 0.0293892626146 -0.0404508497187 0.069
      vertex 0.0293892626146 -0.0404508497187 0.08675
      vertex 0.0324724024165 -0.03802029828 0.08675
    endloop
  endfacet
  facet normal 0 0 0
    outer loop
      vertex 0.0293892626146 -0.0404508497187 0.069
      vertex 0.0324724024165 -0.03802029828 0.08675
      vertex 0.0324724024165 -0.03802029828 0.069
    endloop
  endfacet
  facet normal 0 0 0
    outer loop
      vertex 0.0293892626146 -0.0404508497187 0.08675
      vertex 0.0293892626146 -0.0404508497187 0.1045
      vertex 0.0324724024165 -0.03802029828 0.1045
    endloop
  endfacet
  facet normal 0 0 0
    outer loop
      vertex 0.0293892626146 -0.0404508497187 0.08675
      vertex 0.0324724024165 -0.03802029828 0.1045
      vertex 0.0324724024165 -0.03802029828 0.08675
    endloop
  endfacet
  facet normal 0 0 0
    outer loop
      vertex 0.0293892626146 -0.0404508497187 0.1045
      vertex 0.0293892626146 -0.0404508497187 0.12225
      vertex 0.0324724024165 -0.03802029828 0.12225
    endloop
  endfacet
  facet normal 0 0 0
    outer loop
      vertex 0.0293892626146 -0.0404508497187 0.1045
      vertex 0.0324724024165 -0.03802029828 0.12225
      vertex 0.0324724024165 -0.03802029828 0.1045
    endloop
  endfacet
  facet normal 0 0 0
    outer loop
      vertex 0.0293892626146 -0.0404508497187 0.12225
      vertex 0.0293892626146 -0.0404508497187 0.14
      vertex 0.0324724024165 -0.03802029828 0.14
    endloop
  endfacet
  facet normal 0 0 0
    outer loop
      vertex 0.0293892626146 -0.0404508497187 0.12225
      vertex 0.0324724024165 -0.03802029828 0.14
      vertex 0.0324724024165 -0.03802029828 0.12225
    endloop
  endfacet
  facet normal 0 0 0
    outer loop
      vertex 0.0324724024165 -0.03802029828 -0.002
      vertex 0.0324724024165 -0.03802029828 0.01575
      vertex 0.0353553390593 -0.0353553390593 0.01575
    endloop
  endfacet
  facet normal 0 0 0
    outer loop
      vertex 0.0324724024165 -0.03802029828 -0.002
      vertex 0.0353553390593 -0.0353553390593 0.01575
      vertex 0.0353553390593 -0.0353553390593 -0.002
    endloop
  endfacet
  facet normal 0 0 0
    outer loop
      vertex 0.0324724024165 -0.03802029828 0.01575
      vertex 0.0324724024165 -0.03802029828 0.0335
      vertex 0.0353553390593 -0.0353553390593 0.0335
    endloop
  endfacet
  facet normal 0 0 0
    outer loop
      vertex 0.0324724024165 -0.03802029828 0.01575
      vertex 0.0353553390593 -0.0353553390593 0.0335
      vertex 0.0353553390593 -0.0353553390593 0.01575
    endloop
  endfacet
  facet normal 0 0 0
    outer loop
      vertex 0.0324724024165 -0.03802029828 0.0335
      vertex 0.0324724024165 -0.03802029828 0.05125
      vertex 0.0353553390593 -0.0353553390593 0.05125
    endloop
  endfacet
  facet normal 0 0 0
    outer loop
      vertex 0.0324724024165 -0.03802029828 0.0335
      vertex 0.0353553390593 -0.0353553390593 0.05125
      vertex 0.0353553390593 -0.0353553390593 0.0335
    endloop
  endfacet
  facet normal 0 0 0
    outer loop
      vertex 0.0324724024165 -0.03802029828 0.05125
      vertex 0.0324724024165 -0.03802029828 0.069
      vertex 0.0353553390593 -0.0353553390593 0.069
    endloop
  endfacet
  facet normal 0 0 0
    outer loop
      vertex 0.0324724024165 -0.03802029828 0.05125
      vertex 0.0353553390593 -0.0353553390593 0.069
      vertex 0.0353553390593 -0.0353553390593 0.05125
    endloop
  endfacet
  facet normal 0 0 0
    outer loop
      vertex 0.0324724024165 -0.03802029828 0.069
      vertex 0.0324724024165 -0.03802029828 0.08675
      vertex 0.0353553390593 -0.0353553390593 0.08675
    endloop
  endfacet
  facet normal 0 0 0
    outer loop
      vertex 0.0324724024165 -0.03802029828 0.069
      vertex 0.0353553390593 -0.0353553390593 0.08675
      vertex 0.0353553390593 -0.0353553390593 0.069
    endloop
  endfacet
  facet normal 0 0 0
    outer loop
      vertex 0.0324724024165 -0.03802029828 0.08675
      vertex 0.0324724024165 -0.03802029828 0.1045
      vertex 0.0353553390593 -0.0353553390593 0.1045
    endloop
  endfacet
  facet normal 0 0 0
    outer loop
      vertex 0.0324724024165 -0.03802029828 0.08675
      vertex 0.0353553390593 -0.0353553390593 0.1045
      vertex 0.0353553390593 -0.0353553390593 0.08675
    endloop
  endfacet
  facet normal 0 0 0
    outer loop
      vertex 0.0324724024165 -0.03802029828 0.1045
      vertex 0.0324724024165 -0.03802029828 0.12225
      vertex 0.0353553390593 -0.0353553390593 0.12225
    endloop
  endfacet
  facet normal 0 0 0
    outer loop
      vertex 0.0324724024165 -0.03802029828 0.1045
      vertex 0.0353553390593 -0.0353553390593 0.12225
      vertex 0.0353553390593 -0.0353553390593 0.1045
    endloop
  endfacet
  facet normal 0 0 0
    outer loop
      vertex 0.0324724024165 -0.03802029828 0.12225
      vertex 0.0324724024165 -0.03802029828 0.14
      vertex 0.0353553390593 -0.0353553390593 0.14
    endloop
  endfacet
  facet normal 0 0 0
    outer loop
      vertex 0.0324724024165 -0.03802029828 0.12225
      vertex 0.0353553390593 -0.0353553390593 0.14
      vertex 0.0353553390593 -0.0353553390593 0.12225
    endloop
  endfacet
  facet normal 0 0 0
    outer loop
      vertex 0.0353553390593 -0.0353553390593 -0.002
      vertex 0.0353553390593 -0.0353553390593 0.01575
      vertex 0.03802029828 -0.0324724024165 0.01575
    endloop
  endfacet
  facet normal 0 0 0
    outer loop
      vertex 0.0353553390593 -0.0353553390593 -0.002
      vertex 0.03802029828 -0.0324724024165 0.01575
      vertex 0.03802029828 -0.0324724024165 -0.002
    endloop
  endfacet
  facet normal 0 0 0
    outer loop
      vertex 0.0353553390593 -0.0353553390593 0.01575
      vertex 0.0353553390593 -0.0353553390593 0.0335
      vertex 0.03802029828 -0.0324724024165 0.0335
    endloop
  endfacet
  facet normal 0 0 0
    outer loop
      vertex 0.0353553390593 -0.0353553390593 0.01575
      vertex 0.03802029828 -0.0324724024165 0.0335
      vertex 0.03802029828 -0.0324724024165 0.01575
    endloop
  endfacet
  facet normal 0 0 0
    outer loop
      vertex 0.0353553390593 -0.0353553390593 0.0335
      vertex 0.0353553390593 -0.0353553390593 0.05125
      vertex 0.03802029828 -0.0324724024165 0.05125
    endloop
  endfacet
  facet normal 0 0 0
    outer loop
      vertex 0.0353553390593 -0.0353553390593 0.0335
      vertex 0.03802029828 -0.0324724024165 0.05125
      vertex 0.03802029828 -0.0324724024165 0.0335
    endloop
  endfacet
  facet normal 0 0 0
    outer loop
      vertex 0.0353553390593 -0.0353553390593 0.05125
      vertex 0.0353553390593 -0.0353553390593 0.069
      vertex 0.03802029828 -0.0324724024165 0.069
    endloop
  endfacet
  facet normal 0 0 0
    outer loop
      vertex 0.0353553390593 -0.0353553390593 0.05125
      vertex 0.03802029828 -0.0324724024165 0.069
      vertex 0.03802029828 -0.0324724024165 0.05125
    endloop
  endfacet
  facet normal 0 0 0
    outer loop
      vertex 0.0353553390593 -0.0353553390593 0.069
      vertex 0.0353553390593 -0.0353553390593 0.08675
      vertex 0.03802029828 -0.0324724024165 0.08675
    endloop
  endfacet
  facet normal 0 0 0
    outer loop
      vertex 0.0353553390593 -0.0353553390593 0.069
      vertex 0.03802029828 -0.0324724024165 0.08675
      vertex 0.03802029828 -0.0324724024165 0.069
    endloop
  endfacet
  facet normal 0 0 0
    outer loop
      vertex 0.0353553390593 -0.0353553390593 0.08675
      vertex 0.0353553390593 -0.0353553390593 0.1045
      vertex 0.03802029828 -0.0324724024165 0.1045
    endloop
  endfacet
  facet normal 0 0 0
    outer loop
      vertex 0.0353553390593 -0.0353553390593 0.08675
      vertex 0.03802029828 -0.0324724024165 0.1045
      vertex 0.03802029828 -0.0324724024165 0.08675
    endloop
  endfacet
  facet normal 0 0 0
    outer loop
      vertex 0.0353553390593 -0.0353553390593 0.1045
      vertex 0.0353553390593 -0.0353553390593 0.12225
      vertex 0.03802029828 -0.0324724024165 0.12225
    endloop
  endfacet
  facet normal 0 0 0
    outer loop
      vertex 0.0353553390593 -0.0353553390593 0.1045
      vertex 0.03802029828 -0.0324724024165 0.12225
      vertex 0.03802029828 -0.0324724024165 0.1045
    endloop
  endfacet
  facet normal 0 0 0
    outer loop
      vertex 0.0353553390593 -0.0353553390593 0.12225
      vertex 0.0353553390593 -0.0353553390593 0.14
      vertex 0.03802029828 -0.0324724024165 0.14
    endloop
  endfacet
  facet normal 0 0 0
    outer loop
      vertex 0.0353553390593 -0.0353553390593 0.12225
      vertex 0.03802029828 -0.0324724024165 0.14
      vertex 0.03802029828 -0.0324724024165 0.12225
    endloop
  endfacet
  facet normal 0 0 0
    outer loop
      vertex 0.03802029828 -0.0324724024165 -0.002
      vertex 0.03802029828 -0.0324724024165 0.01575
      vertex 0.0404508497187 -0.0293892626146 0.01575
    endloop
  endfacet
  facet normal 0 0 0
    outer loop
      vertex 0.03802029828 -0.0324724024165 -0.002
      vertex 0.0404508497187 -0.0293892626146 0.01575
      vertex 0.0404508497187 -0.0293892626146 -0.002
    endloop
  endfacet
  facet normal 0 0 0
    outer loop
      vertex 0.03802029828 -0.0324724024165 0.01575
      vertex 0.03802029828 -0.0324724024165 0.0335
      vertex 0.0404508497187 -0.0293892626146 0.0335
    endloop
  endfacet
  facet normal 0 0 0
    outer loop
      vertex 0.03802029828 -0.0324724024165 0.01575
      vertex 0.0404508497187 -0.0293892626146 0.0335
      vertex 0.0404508497187 -0.0293892626146 0.01575
    endloop
  endfacet
  facet normal 0 0 0
    outer loop
      vertex 0.03802029828 -0.0324724024165 0.0335
      vertex 0.03802029828 -0.0324724024165 0.05125
      vertex 0.0404508497187 -0.0293892626146 0.05125
    endloop
  endfacet
  facet normal 0 0 0
    outer loop
      vertex 0.03802029828 -0.0324724024165 0.0335
      vertex 0.0404508497187 -0.0293892626146 0.05125
      vertex 0.0404508497187 -0.0293892626146 0.0335
    endloop
  endfacet
  facet normal 0 0 0
    outer loop
      vertex 0.03802029828 -0.0324724024165 0.05125
      vertex 0.03802029828 -0.0324724024165 0.069
      vertex 0.0404508497187 -0.0293892626146 0.069
    endloop
  endfacet
  facet normal 0 0 0
    outer loop
      vertex 0.03802029828 -0.0324724024165 0.05125
      vertex 0.0404508497187 -0.0293892626146 0.069
      vertex 0.0404508497187 -0.0293892626146 0.05125
    endloop
  endfacet
  facet normal 0 0 0
    outer loop
      vertex 0.03802029828 -0.0324724024165 0.069
      vertex 0.03802029828 -0.0324724024165 0.08675
      vertex 0.0404508497187 -0.0293892626146 0.08675
    endloop
  endfacet
  facet normal 0 0 0
    outer loop
      vertex 0.03802029828 -0.0324724024165 0.069
      vertex 0.0404508497187 -0.0293892626146 0.08675
      vertex 0.0404508497187 -0.0293892626146 0.069
    endloop
  endfacet
  facet normal 0 0 0
    outer loop
      vertex 0.03802029828 -0.0324724024165 0.08675
      vertex 0.03802029828 -0.0324724024165 0.1045
      vertex 0.0404508497187 -0.0293892626146 0.1045
    endloop
  endfacet
  facet normal 0 0 0
    outer loop
      vertex 0.03802029828 -0.0324724024165 0.08675
      vertex 0.0404508497187 -0.0293892626146 0.1045
      vertex 0.0404508497187 -0.0293892626146 0.08675
    endloop
  endfacet
  facet normal 0 0 0
    outer loop
      vertex 0.03802029828 -0.0324724024165 0.1045
      vertex 0.03802029828 -0.0324724024165 0.12225
      vertex 0.0404508497187 -0.0293892626146 0.12225
    endloop
  endfacet
  facet normal 0 0 0
    outer loop
      vertex 0.03802029828 -0.0324724024165 0.1045
      vertex 0.0404508497187 -0.0293892626146 0.12225
      vertex 0.0404508497187 -0.0293892626146 0.1045
    endloop
  endfacet
  facet normal 0 0 0
    outer loop
      vertex 0.03802029828 -0.0324724024165 0.12225
      vertex 0.03802029828 -0.0324724024165 0.14
      vertex 0.0404508497187 -0.0293892626146 0.14
    endloop
  endfacet
  facet normal 0 0 0
    outer loop
      vertex 0.03802029828 -0.0324724024165 0.12225
      vertex 0.0404508497187 -0.0293892626146 0.14
      vertex 0.0404508497187 -0.0293892626146 0.12225
    endloop
  endfacet
  facet normal 0 0 0
    outer loop
      vertex 0.0404508497187 -0.0293892626146 -0.002
      vertex 0.0404508497187 -0.0293892626146 0.01575
      vertex 0.0426320082177 -0.0261249282358 0.01575
    endloop
  endfacet
  facet normal 0 0 0
    outer loop
      vertex 0.0404508497187 -0.0293892626146 -0.002
      vertex 0.0426320082177 -0.0261249282358 0.01575
      vertex 0.0426320082177 -0.0261249282358 -0.002
    endloop
  endfacet
  facet normal 0 0 0
    outer loop
      vertex 0.0404508497187 -0.0293892626146 0.01575
      vertex 0.0404508497187 -0.0293892626146 0.0335
      vertex 0.0426320082177 -0.0261249282358 0.0335
    endloop
  endfacet
  facet normal 0 0 0
    outer loop
      vertex 0.0404508497187 -0.0293892626146 0.01575
      vertex 0.0426320082177 -0.0261249282358 0.0335
      vertex 0.0426320082177 -0.0261249282358 0.01575
    endloop
  endfacet
  facet normal 0 0 0
    outer loop
      vertex 0.0404508497187 -0.0293892626146 0.0335
      vertex 0.0404508497187 -0.0293892626146 0.05125
      vertex 0.0426320082177 -0.0261249282358 0.05125
    endloop
  endfacet
  facet normal 0 0 0
    outer loop
      vertex 0.0404508497187 -0.0293892626146 0.0335
      vertex 0.0426320082177 -0.0261249282358 0.05125
      vertex 0.0426320082177 -0.0261249282358 0.0335
    endloop
  endfacet
  facet normal 0 0 0
    outer loop
      vertex 0.0404508497187 -0.0293892626146 0.05125
      vertex 0.0404508497187 -0.0293892626146 0.069
      vertex 0.0426320082177 -0.0261249282358 0.069
    endloop
  endfacet
  facet normal 0 0 0
    outer loop
      vertex 0.0404508497187 -0.0293892626146 0.05125
      vertex 0.0426320082177 -0.0261249282358 0.069
      vertex 0.0426320082177 -0.0261249282358 0.05125
    endloop
  endfacet
  facet normal 0 0 0
    outer loop
      vertex 0.0404508497187 -0.0293892626146 0.069
      vertex 0.0404508497187 -0.0293892626146 0.08675
      vertex 0.0426320082177 -0.0261249282358 0.08675
    endloop
  endfacet
  facet normal 0 0 0
    outer loop
      vertex 0.0404508497187 -0.0293892626146 0.069
      vertex 0.0426320082177 -0.0261249282358 0.08675
      vertex 0.0426320082177 -0.0261249282358 0.069
    endloop
  endfacet
  facet normal 0 0 0
    outer loop
      vertex 0.0404508497187 -0.0293892626146 0.08675
      vertex 0.0404508497187 -0.0293892626146 0.1045
      vertex 0.0426320082177 -0.0261249282358 0.1045
    endloop
  endfacet
  facet normal 0 0 0
    outer loop
      vertex 0.0404508497187 -0.0293892626146 0.08675
      vertex 0.0426320082177 -0.0261249282358 0.1045
      vertex 0.0426320082177 -0.0261249282358 0.08675
    endloop
  endfacet
  facet normal 0 0 0
    outer loop
      vertex 0.0404508497187 -0.0293892626146 0.1045
      vertex 0.0404508497187 -0.0293892626146 0.12225
      vertex 0.0426320082177 -0.0261249282358 0.12225
    endloop
  endfacet
  facet normal 0 0 0
    outer loop
      vertex 0.0404508497187 -0.0293892626146 0.1045
      vertex 0.0426320082177 -0.0261249282358 0.12225
      vertex 0.0426320082177 -0.0261249282358 0.1045
    endloop
  endfacet
  facet normal 0 0 0
    outer loop
      vertex 0.0404508497187 -0.0293892626146 0.12225
      vertex 0.0404508497187 -0.0293892626146 0.14
      vertex 0.0426320082177 -0.0261249282358 0.14
    endloop
  endfacet
  facet normal 0 0 0
    outer loop
      vertex 0.0404508497187 -0.0293892626146 0.12225
      vertex 0.0426320082177 -0.0261249282358 0.14
      vertex 0.0426320082177 -0.0261249282358 0.12225
    endloop
  endfacet
  facet normal 0 0 0
    outer loop
      vertex 0.0426320082177 -0.0261249282358 -0.002
      vertex 0.0426320082177 -0.0261249282358 0.01575
      vertex 0.0445503262094 -0.022699524987 0.01575
    endloop
  endfacet
  facet normal 0 0 0
    outer loop
      vertex 0.0426320082177 -0.0261249282358 -0.002
      vertex 0.0445503262094 -0.022699524987 0.01575
      vertex 0.0445503262094 -0.022699524987 -0.002
    endloop
  endfacet
  facet normal 0 0 0
    outer loop
      vertex 0.0426320082177 -0.0261249282358 0.01575
      vertex 0.0426320082177 -0.0261249282358 0.0335
      vertex 0.0445503262094 -0.022699524987 0.0335
    endloop
  endfacet
  facet normal 0 0 0
    outer loop
      vertex 0.0426320082177 -0.0261249282358 0.01575
      vertex 0.0445503262094 -0.022699524987 0.0335
      vertex 0.0445503262094 -0.022699524987 0.01575
    endloop
  endfacet
  facet normal 0 0 0
    outer loop
      vertex 0.0426320082177 -0.0261249282358 0.0335
      vertex 0.0426320082177 -0.0261249282358 0.05125
      vertex 0.0445503262094 -0.022699524987 0.05125
    endloop
  endfacet
  facet normal 0 0 0
    outer loop
      vertex 0.0426320082177 -0.0261249282358 0.0335
      vertex 0.0445503262094 -0.022699524987 0.05125
      vertex 0.0445503262094 -0.022699524987 0.0335
    endloop
  endfacet
  facet normal 0 0 0
    outer loop
      vertex 0.0426320082177 -0.0261249282358 0.05125
      vertex 0.0426320082177 -0.0261249282358 0.069
      vertex 0.0445503262094 -0.022699524987 0.069
    endloop
  endfacet
  facet normal 0 0 0
    outer loop
      vertex 0.0426320082177 -0.0261249282358 0.05125
      vertex 0.0445503262094 -0.022699524987 0.069
      vertex 0.0445503262094 -0.022699524987 0.05125
    endloop
  endfacet
  facet normal 0 0 0
    outer loop
      vertex 0.0426320082177 -0.0261249282358 0.069
      vertex 0.0426320082177 -0.0261249282358 0.08675
      vertex 0.0445503262094 -0.022699524987 0.08675
    endloop
  endfacet
  facet normal 0 0 0
    outer loop
      vertex 0.0426320082177 -0.0261249282358 0.069
      vertex 0.0445503262094 -0.022699524987 0.08675
      vertex 0.0445503262094 -0.022699524987 0.069
    endloop
  endfacet
  facet normal 0 0 0
    outer loop
      vertex 0.0426320082177 -0.0261249282358 0.08675
      vertex 0.0426320082177 -0.0261249282358 0.1045
      vertex 0.0445503262094 -0.022699524987 0.1045
    endloop
  endfacet
  facet normal 0 0 0
    outer loop
      vertex 0.0426320082177 -0.0261249282358 0.08675
      vertex 0.0445503262094 -0.022699524987 0.1045
      vertex 0.0445503262094 -0.022699524987 0.08675
    endloop
  endfacet
  facet normal 0 0 0
    outer loop
      vertex 0.0426320082177 -0.0261249282358 0.1045
      vertex 0.0426320082177 -0.0261249282358 0.12225
      vertex 0.0445503262094 -0.022699524987 0.12225
    endloop
  endfacet
  facet normal 0 0 0
    outer loop
      vertex 0.0426320082177 -0.0261249282358 0.1045
      vertex 0.0445503262094 -0.022699524987 0.12225
      vertex 0.0445503262094 -0.022699524987 0.1045
    endloop
  endfacet
  facet normal 0 0 0
    outer loop
      vertex 0.0426320082177 -0.0261249282358 0.12225
      vertex 0.0426320082177 -0.0261249282358 0.14
      vertex 0.0445503262094 -0.022699524987 0.14
    endloop
  endfacet
  facet normal 0 0 0
    outer loop
      vertex 0.0426320082177 -0.0261249282358 0.12225
      vertex 0.0445503262094 -0.022699524987 0.14
      vertex 0.0445503262094 -0.022699524987 0.12225
    endloop
  endfacet
  facet normal 0 0 0
    outer loop
      vertex 0.0445503262094 -0.022699524987 -0.002
      vertex 0.0445503262094 -0.022699524987 0.01575
      vertex 0.0461939766256 -0.0191341716183 0.01575
    endloop
  endfacet
  facet normal 0 0 0
    outer loop
      vertex 0.0445503262094 -0.022699524987 -0.002
      vertex 0.0461939766256 -0.0191341716183 0.01575
      vertex 0.0461939766256 -0.0191341716183 -0.002
    endloop
  endfacet
  facet normal 0 0 0
    outer loop
      vertex 0.0445503262094 -0.022699524987 0.01575
      vertex 0.0445503262094 -0.022699524987 0.0335
      vertex 0.0461939766256 -0.0191341716183 0.0335
    endloop
  endfacet
  facet normal 0 0 0
    outer loop
      vertex 0.0445503262094 -0.022699524987 0.01575
      vertex 0.0461939766256 -0.0191341716183 0.0335
      vertex 0.0461939766256 -0.0191341716183 0.01575
    endloop
  endfacet
  facet normal 0 0 0
    outer loop
      vertex 0.0445503262094 -0.022699524987 0.0335
      vertex 0.0445503262094 -0.022699524987 0.05125
      vertex 0.0461939766256 -0.0191341716183 0.05125
    endloop
  endfacet
  facet normal 0 0 0
    outer loop
      vertex 0.0445503262094 -0.022699524987 0.0335
      vertex 0.0461939766256 -0.0191341716183 0.05125
      vertex 0.0461939766256 -0.0191341716183 0.0335
    endloop
  endfacet
  facet normal 0 0 0
    outer loop
      vertex 0.0445503262094 -0.022699524987 0.05125
      vertex 0.0445503262094 -0.022699524987 0.069
      vertex 0.0461939766256 -0.0191341716183 0.069
    endloop
  endfacet
  facet normal 0 0 0
    outer loop
      vertex 0.0445503262094 -0.022699524987 0.05125
      vertex 0.0461939766256 -0.0191341716183 0.069
      vertex 0.0461939766256 -0.0191341716183 0.05125
    endloop
  endfacet
  facet normal 0 0 0
    outer loop
      vertex 0.0445503262094 -0.022699524987 0.069
      vertex 0.0445503262094 -0.022699524987 0.08675
      vertex 0.0461939766256 -0.0191341716183 0.08675
    endloop
  endfacet
  facet normal 0 0 0
    outer loop
      vertex 0.0445503262094 -0.022699524987 0.069
      vertex 0.0461939766256 -0.0191341716183 0.08675
      vertex 0.0461939766256 -0.0191341716183 0.069
    endloop
  endfacet
  facet normal 0 0 0
    outer loop
      vertex 0.0445503262094 -0.022699524987 0.08675
      vertex 0.0445503262094 -0.022699524987 0.1045
      vertex 0.0461939766256 -0.0191341716183 0.1045
    endloop
  endfacet
  facet normal 0 0 0
    outer loop
      vertex 0.0445503262094 -0.022699524987 0.08675
      vertex 0.0461939766256 -0.0191341716183 0.1045
      vertex 0.0461939766256 -0.0191341716183 0.08675
    endloop
  endfacet
  facet normal 0 0 0
    outer loop
      vertex 0.0445503262094 -0.022699524987 0.1045
      vertex 0.0445503262094 -0.022699524987 0.12225
      vertex 0.0461939766256 -0.0191341716183 0.12225
    endloop
  endfacet
  facet normal 0 0 0
    outer loop
      vertex 0.0445503262094 -0.022699524987 0.1045
      vertex 0.0461939766256 -0.0191341716183 0.12225
      vertex 0.0461939766256 -0.0191341716183 0.1045
    endloop
  endfacet
  facet normal 0 0 0
    outer loop
      vertex 0.0445503262094 -0.022699524987 0.12225
      vertex 0.0445503262094 -0.022699524987 0.14
      vertex 0.0461939766256 -0.0191341716183 0.14
    endloop
  endfacet
  facet normal 0 0 0
    outer loop
      vertex 0.0445503262094 -0.022699524987 0.12225
      vertex 0.0461939766256 -0.0191341716183 0.14
      vertex 0.0461939766256 -0.0191341716183 0.12225
    endloop
  endfacet
  facet normal 0 0 0
    outer loop
      vertex 0.0461939766256 -0.0191341716183 -0.002
      vertex 0.0461939766256 -0.0191341716183 0.01575
      vertex 0.0475528258148 -0.0154508497187 0.01575
    endloop
  endfacet
  facet normal 0 0 0
    outer loop
      vertex 0.0461939766256 -0.0191341716183 -0.002
      vertex 0.0475528258148 -0.0154508497187 0.01575
      vertex 0.0475528258148 -0.0154508497187 -0.002
    endloop
  endfacet
  facet normal 0 0 0
    outer loop
      vertex 0.0461939766256 -0.0191341716183 0.01575
      vertex 0.0461939766256 -0.0191341716183 0.0335
      vertex 0.0475528258148 -0.0154508497187 0.0335
    endloop
  endfacet
  facet normal 0 0 0
    outer loop
      vertex 0.0461939766256 -0.0191341716183 0.01575
      vertex 0.0475528258148 -0.0154508497187 0.0335
      vertex 0.0475528258148 -0.0154508497187 0.01575
    endloop
  endfacet
  facet normal 0 0 0
    outer loop
      vertex 0.0461939766256 -0.0191341716183 0.0335
      vertex 0.0461939766256 -0.0191341716183 0.05125
      vertex 0.0475528258148 -0.0154508497187 0.05125
    endloop
  endfacet
  facet normal 0 0 0
    outer loop
      vertex 0.0461939766256 -0.0191341716183 0.0335
      vertex 0.0475528258148 -0.0154508497187 0.05125
      vertex 0.0475528258148 -0.0154508497187 0.0335
    endloop
  endfacet
  facet normal 0 0 0
    outer loop
      vertex 0.0461939766256 -0.0191341716183 0.05125
      vertex 0.0461939766256 -0.0191341716183 0.069
      vertex 0.0475528258148 -0.0154508497187 0.069
    endloop
  endfacet
  facet normal 0 0 0
    outer loop
      vertex 0.0461939766256 -0.0191341716183 0.05125
      vertex 0.0475528258148 -0.0154508497187 0.069
      vertex 0.0475528258148 -0.0154508497187 0.05125
    endloop
  endfacet
  facet normal 0 0 0
    outer loop
      vertex 0.0461939766256 -0.0191341716183 0.069
      vertex 0.0461939766256 -0.0191341716183 0.08675
      vertex 0.0475528258148 -0.0154508497187 0.08675
    endloop
  endfacet
  facet normal 0 0 0
    outer loop
      vertex 0.0461939766256 -0.0191341716183 0.069
      vertex 0.0475528258148 -0.0154508497187 0.08675
      vertex 0.0475528258148 -0.0154508497187 0.069
    endloop
  endfacet
  facet normal 0 0 0
    outer loop
      vertex 0.0461939766256 -0.0191341716183 0.08675
      vertex 0.0461939766256 -0.0191341716183 0.1045
      vertex 0.0475528258148 -0.0154508497187 0.1045
    endloop
  endfacet
  facet normal 0 0 0
    outer loop
      vertex 0.0461939766256 -0.0191341716183 0.08675
      vertex 0.0475528258148 -0.0154508497187 0.1045
      vertex 0.0475528258148 -0.0154508497187 0.08675
    endloop
  endfacet
  facet normal 0 0 0
    outer loop
      vertex 0.0461939766256 -0.0191341716183 0.1045
      vertex 0.0461939766256 -0.0191341716183 0.12225
      vertex 0.0475528258148 -0.0154508497187 0.12225
    endloop
  endfacet
  facet normal 0 0 0
    outer loop
      vertex 0.0461939766256 -0.0191341716183 0.1045
      vertex 0.0475528258148 -0.0154508497187 0.12225
      vertex 0.0475528258148 -0.0154508497187 0.1045
    endloop
  endfacet
  facet normal 0 0 0
    outer loop
      vertex 0.0461939766256 -0.0191341716183 0.12225
      vertex 0.0461939766256 -0.0191341716183 0.14
      vertex 0.0475528258148 -0.0154508497187 0.14
    endloop
  endfacet
  facet normal 0 0 0
    outer loop
      vertex 0.0461939766256 -0.0191341716183 0.12225
      vertex 0.0475528258148 -0.0154508497187 0.14
      vertex 0.0475528258148 -0.0154508497187 0.12225
    endloop
  endfacet
  facet normal 0 0 0
    outer loop
      vertex 0.0475528258148 -0.0154508497187 -0.002
      vertex 0.0475528258148 -0.0154508497187 0.01575
      vertex 0.0486184960199 -0.0116722681928 0.01575
    endloop
  endfacet
  facet normal 0 0 0
    outer loop
      vertex 0.0475528258148 -0.0154508497187 -0.002
      vertex 0.0486184960199 -0.0116722681928 0.01575
      vertex 0.0486184960199 -0.0116722681928 -0.002
    endloop
  endfacet
  facet normal 0 0 0
    outer loop
      vertex 0.0475528258148 -0.0154508497187 0.01575
      vertex 0.0475528258148 -0.0154508497187 0.0335
      vertex 0.0486184960199 -0.0116722681928 0.0335
    endloop
  endfacet
  facet normal 0 0 0
    outer loop
      vertex 0.0475528258148 -0.0154508497187 0.01575
      vertex 0.0486184960199 -0.0116722681928 0.0335
      vertex 0.0486184960199 -0.0116722681928 0.01575
    endloop
  endfacet
  facet normal 0 0 0
    outer loop
      vertex 0.0475528258148 -0.0154508497187 0.0335
      vertex 0.0475528258148 -0.0154508497187 0.05125
      vertex 0.0486184960199 -0.0116722681928 0.05125
    endloop
  endfacet
  facet normal 0 0 0
    outer loop
      vertex 0.0475528258148 -0.0154508497187 0.0335
      vertex 0.0486184960199 -0.0116722681928 0.05125
      vertex 0.0486184960199 -0.0116722681928 0.0335
    endloop
  endfacet
  facet normal 0 0 0
    outer loop
      vertex 0.0475528258148 -0.0154508497187 0.05125
      vertex 0.0475528258148 -0.0154508497187 0.069
      vertex 0.0486184960199 -0.0116722681928 0.069
    endloop
  endfacet
  facet normal 0 0 0
    outer loop
      vertex 0.0475528258148 -0.0154508497187 0.05125
      vertex 0.0486184960199 -0.0116722681928 0.069
      vertex 0.0486184960199 -0.0116722681928 0.05125
    endloop
  endfacet
  facet normal 0 0 0
    outer loop
      vertex 0.0475528258148 -0.0154508497187 0.069
      vertex 0.0475528258148 -0.0154508497187 0.08675
      vertex 0.0486184960199 -0.0116722681928 0.08675
    endloop
  endfacet
  facet normal 0 0 0
    outer loop
      vertex 0.0475528258148 -0.0154508497187 0.069
      vertex 0.0486184960199 -0.0116722681928 0.08675
      vertex 0.0486184960199 -0.0116722681928 0.069
    endloop
  endfacet
  facet normal 0 0 0
    outer loop
      vertex 0.0475528258148 -0.0154508497187 0.08675
      vertex 0.0475528258148 -0.0154508497187 0.1045
      vertex 0.0486184960199 -0.0116722681928 0.1045
    endloop
  endfacet
  facet normal 0 0 0
    outer loop
      vertex 0.0475528258148 -0.0154508497187 0.08675
      vertex 0.0486184960199 -0.0116722681928 0.1045
      vertex 0.0486184960199 -0.0116722681928 0.08675
    endloop
  endfacet
  facet normal 0 0 0
    outer loop
      vertex 0.0475528258148 -0.0154508497187 0.1045
      vertex 0.0475528258148 -0.0154508497187 0.12225
      vertex 0.0486184960199 -0.0116722681928 0.12225
    endloop
  endfacet
  facet normal 0 0 0
    outer loop
      vertex 0.0475528258148 -0.0154508497187 0.1045
      vertex 0.0486184960199 -0.0116722681928 0.12225
      vertex 0.0486184960199 -0.0116722681928 0.1045
    endloop
  endfacet
  facet normal 0 0 0
    outer loop
      vertex 0.0475528258148 -0.0154508497187 0.12225
      vertex 0.0475528258148 -0.0154508497187 0.14
      vertex 0.0486184960199 -0.0116722681928 0.14
    endloop
  endfacet
  facet normal 0 0 0
    outer loop
      vertex 0.0475528258148 -0.0154508497187 0.12225
      vertex 0.0486184960199 -0.0116722681928 0.14
      vertex 0.0486184960199 -0.0116722681928 0.12225
    endloop
  endfacet
  facet normal 0 0 0
    outer loop
      vertex 0.0486184960199 -0.0116722681928 -0.002
      vertex 0.0486184960199 -0.0116722681928 0.01575
      vertex 0.0493844170298 -0.00782172325201 0.01575
    endloop
  endfacet
  facet normal 0 0 0
    outer loop
      vertex 0.0486184960199 -0.0116722681928 -0.002
      vertex 0.0493844170298 -0.00782172325201 0.01575
      vertex 0.0493844170298 -0.00782172325201 -0.002
    endloop
  endfacet
  facet normal 0 0 0
    outer loop
      vertex 0.0486184960199 -0.0116722681928 0.01575
      vertex 0.0486184960199 -0.0116722681928 0.0335
      vertex 0.0493844170298 -0.00782172325201 0.0335
    endloop
  endfacet
  facet normal 0 0 0
    outer loop
      vertex 0.0486184960199 -0.0116722681928 0.01575
      vertex 0.0493844170298 -0.00782172325201 0.0335
      vertex 0.0493844170298 -0.00782172325201 0.01575
    endloop
  endfacet
  facet normal 0 0 0
    outer loop
      vertex 0.0486184960199 -0.0116722681928 0.0335
      vertex 0.0486184960199 -0.0116722681928 0.05125
      vertex 0.0493844170298 -0.00782172325201 0.05125
    endloop
  endfacet
  facet normal 0 0 0
    outer loop
      vertex 0.0486184960199 -0.0116722681928 0.0335
      vertex 0.0493844170298 -0.00782172325201 0.05125
      vertex 0.0493844170298 -0.00782172325201 0.0335
    endloop
  endfacet
  facet normal 0 0 0
    outer loop
      vertex 0.0486184960199 -0.0116722681928 0.05125
      vertex 0.0486184960199 -0.0116722681928 0.069
      vertex 0.0493844170298 -0.00782172325201 0.069
    endloop
  endfacet
  facet normal 0 0 0
    outer loop
      vertex 0.0486184960199 -0.0116722681928 0.05125
      vertex 0.0493844170298 -0.00782172325201 0.069
      vertex 0.0493844170298 -0.00782172325201 0.05125
    endloop
  endfacet
  facet normal 0 0 0
    outer loop
      vertex 0.0486184960199 -0.0116722681928 0.069
      vertex 0.0486184960199 -0.0116722681928 0.08675
      vertex 0.0493844170298 -0.00782172325201 0.08675
    endloop
  endfacet
  facet normal 0 0 0
    outer loop
      vertex 0.0486184960199 -0.0116722681928 0.069
      vertex 0.0493844170298 -0.00782172325201 0.08675
      vertex 0.0493844170298 -0.00782172325201 0.069
    endloop
  endfacet
  facet normal 0 0 0
    outer loop
      vertex 0.0486184960199 -0.0116722681928 0.08675
      vertex 0.0486184960199 -0.0116722681928 0.1045
      vertex 0.0493844170298 -0.00782172325201 0.1045
    endloop
  endfacet
  facet normal 0 0 0
    outer loop
      vertex 0.0486184960199 -0.0116722681928 0.08675
      vertex 0.0493844170298 -0.00782172325201 0.1045
      vertex 0.0493844170298 -0.00782172325201 0.08675
    endloop
  endfacet
  facet normal 0 0 0
    outer loop
      vertex 0.0486184960199 -0.0116722681928 0.1045
      vertex 0.0486184960199 -0.0116722681928 0.12225
      vertex 0.0493844170298 -0.00782172325201 0.12225
    endloop
  endfacet
  facet normal 0 0 0
    outer loop
      vertex 0.0486184960199 -0.0116722681928 0.1045
      vertex 0.0493844170298 -0.00782172325201 0.12225
      vertex 0.0493844170298 -0.00782172325201 0.1045
    endloop
  endfacet
  facet normal 0 0 0
    outer loop
      vertex 0.0486184960199 -0.0116722681928 0.12225
      vertex 0.0486184960199 -0.0116722681928 0.14
      vertex 0.0493844170298 -0.00782172325201 0.14
    endloop
  endfacet
  facet normal 0 0 0
    outer loop
      vertex 0.0486184960199 -0.0116722681928 0.12225
      vertex 0.0493844170298 -0.00782172325201 0.14
      vertex 0.0493844170298 -0.00782172325201 0.12225
    endloop
  endfacet
  facet normal 0 0 0
    outer loop
      vertex 0.0493844170298 -0.00782172325201 -0.002
      vertex 0.0493844170298 -0.00782172325201 0.01575
      vertex 0.0498458666867 -0.00392295478639 0.01575
    endloop
  endfacet
  facet normal 0 0 0
    outer loop
      vertex 0.0493844170298 -0.00782172325201 -0.002
      vertex 0.0498458666867 -0.00392295478639 0.01575
      vertex 0.0498458666867 -0.00392295478639 -0.002
    endloop
  endfacet
  facet normal 0 0 0
    outer loop
      vertex 0.0493844170298 -0.00782172325201 0.01575
      vertex 0.0493844170298 -0.00782172325201 0.0335
      vertex 0.0498458666867 -0.00392295478639 0.0335
    endloop
  endfacet
  facet normal 0 0 0
    outer loop
      vertex 0.0493844170298 -0.00782172325201 0.01575
      vertex 0.0498458666867 -0.00392295478639 0.0335
      vertex 0.0498458666867 -0.00392295478639 0.01575
    endloop
  endfacet
  facet normal 0 0 0
    outer loop
      vertex 0.0493844170298 -0.00782172325201 0.0335
      vertex 0.0493844170298 -0.00782172325201 0.05125
      vertex 0.0498458666867 -0.00392295478639 0.05125
    endloop
  endfacet
  facet normal 0 0 0
    outer loop
      vertex 0.0493844170298 -0.00782172325201 0.0335
      vertex 0.0498458666867 -0.00392295478639 0.05125
      vertex 0.0498458666867 -0.00392295478639 0.0335
    endloop
  endfacet
  facet normal 0 0 0
    outer loop
      vertex 0.0493844170298 -0.00782172325201 0.05125
      vertex 0.0493844170298 -0.00782172325201 0.069
      vertex 0.0498458666867 -0.00392295478639 0.069
    endloop
  endfacet
  facet normal 0 0 0
    outer loop
      vertex 0.0493844170298 -0.00782172325201 0.05125
      vertex 0.0498458666867 -0.00392295478639 0.069
      vertex 0.0498458666867 -0.00392295478639 0.05125
    endloop
  endfacet
  facet normal 0 0 0
    outer loop
      vertex 0.0493844170298 -0.00782172325201 0.069
      vertex 0.0493844170298 -0.00782172325201 0.08675
      vertex 0.0498458666867 -0.00392295478639 0.08675
    endloop
  endfacet
  facet normal 0 0 0
    outer loop
      vertex 0.0493844170298 -0.00782172325201 0.069
      vertex 0.0498458666867 -0.00392295478639 0.08675
      vertex 0.0498458666867 -0.00392295478639 0.069
    endloop
  endfacet
  facet normal 0 0 0
    outer loop
      vertex 0.0493844170298 -0.00782172325201 0.08675
      vertex 0.0493844170298 -0.00782172325201 0.1045
      vertex 0.0498458666867 -0.00392295478639 0.1045
    endloop
  endfacet
  facet normal 0 0 0
    outer loop
      vertex 0.0493844170298 -0.00782172325201 0.08675
      vertex 0.0498458666867 -0.00392295478639 0.1045
      vertex 0.0498458666867 -0.00392295478639 0.08675
    endloop
  endfacet
  facet normal 0 0 0
    outer loop
      vertex 0.0493844170298 -0.00782172325201 0.1045
      vertex 0.0493844170298 -0.00782172325201 0.12225
      vertex 0.0498458666867 -0.00392295478639 0.12225
    endloop
  endfacet
  facet normal 0 0 0
    outer loop
      vertex 0.0493844170298 -0.00782172325201 0.1045
      vertex 0.0498458666867 -0.00392295478639 0.12225
      vertex 0.0498458666867 -0.00392295478639 0.1045
    endloop
  endfacet
  facet normal 0 0 0
    outer loop
      vertex 0.0493844170298 -0.00782172325201 0.12225
      vertex 0.0493844170298 -0.00782172325201 0.14
      vertex 0.0498458666867 -0.00392295478639 0.14
    endloop
  endfacet
  facet normal 0 0 0
    outer loop
      vertex 0.0493844170298 -0.00782172325201 0.12225
      vertex 0.0498458666867 -0.00392295478639 0.14
      vertex 0.0498458666867 -0.00392295478639 0.12225
    endloop
  endfacet
  facet normal 0 0 0
    outer loop
      vertex 0.0498458666867 -0.00392295478639 -0.002
      vertex 0.0498458666867 -0.00392295478639 0.01575
      vertex 0.05 -1.22464679915e-17 0.01575
    endloop
  endfacet
  facet normal 0 0 0
    outer loop
      vertex 0.0498458666867 -0.00392295478639 -0.002
      vertex 0.05 -1.22464679915e-17 0.01575
      vertex 0.05 -1.22464679915e-17 -0.002
    endloop
  endfacet
  facet normal 0 0 0
    outer loop
      vertex 0.0498458666867 -0.00392295478639 0.01575
      vertex 0.0498458666867 -0.00392295478639 0.0335
      vertex 0.05 -1.22464679915e-17 0.0335
    endloop
  endfacet
  facet normal 0 0 0
    outer loop
      vertex 0.0498458666867 -0.00392295478639 0.01575
      vertex 0.05 -1.22464679915e-17 0.0335
      vertex 0.05 -1.22464679915e-17 0.01575
    endloop
  endfacet
  facet normal 0 0 0
    outer loop
      vertex 0.0498458666867 -0.00392295478639 0.0335
      vertex 0.0498458666867 -0.00392295478639 0.05125
      vertex 0.05 -1.22464679915e-17 0.05125
    endloop
  endfacet
  facet normal 0 0 0
    outer loop
      vertex 0.0498458666867 -0.00392295478639 0.0335
      vertex 0.05 -1.22464679915e-17 0.05125
      vertex 0.05 -1.22464679915e-17 0.0335
    endloop
  endfacet
  facet normal 0 0 0
    outer loop
      vertex 0.0498458666867 -0.00392295478639 0.05125
      vertex 0.0498458666867 -0.00392295478639 0.069
      vertex 0.05 -1.22464679915e-17 0.069
    endloop
  endfacet
  facet normal 0 0 0
    outer loop
      vertex 0.0498458666867 -0.00392295478639 0.05125
      vertex 0.05 -1.22464679915e-17 0.069
      vertex 0.05 -1.22464679915e-17 0.05125
    endloop
  endfacet
  facet normal 0 0 0
    outer loop
      vertex 0.0498458666867 -0.00392295478639 0.069
      vertex 0.0498458666867 -0.00392295478639 0.08675
      vertex 0.05 -1.22464679915e-17 0.08675
    endloop
  endfacet
  facet normal 0 0 0
    outer loop
      vertex 0.0498458666867 -0.00392295478639 0.069
      vertex 0.05 -1.22464679915e-17 0.08675
      vertex 0.05 -1.22464679915e-17 0.069
    endloop
  endfacet
  facet normal 0 0 0
    outer loop
      vertex 0.0498458666867 -0.00392295478639 0.08675
      vertex 0.0498458666867 -0.00392295478639 0.1045
      vertex 0.05 -1.22464679915e-17 0.1045
    endloop
  endfacet
  facet normal 0 0 0
    outer loop
      vertex 0.0498458666867 -0.00392295478639 0.08675
      vertex 0.05 -1.22464679915e-17 0.1045
      vertex 0.05 -1.22464679915e-17 0.08675
    endloop
  endfacet
  facet normal 0 0 0
    outer loop
      vertex 0.0498458666867 -0.00392295478639 0.1045
      vertex 0.0498458666867 -0.00392295478639 0.12225
      vertex 0.05 -1.22464679915e-17 0.12225
    endloop
  endfacet
  facet normal 0 0 0
    outer loop
      vertex 0.0498458666867 -0.00392295478639 0.1045
      vertex 0.05 -1.22464679915e-17 0.12225
      vertex 0.05 -1.22464679915e-17 0.1045
    endloop
  endfacet
  facet normal 0 0 0
    outer loop
      vertex 0.0498458666867 -0.00392295478639 0.12225
      vertex 0.0498458666867 -0.00392295478639 0.14
      vertex 0.05 -1.22464679915e-17 0.14
    endloop
  endfacet
  facet normal 0 0 0
    outer loop
      vertex 0.0498458666867 -0.00392295478639 0.12225
      vertex 0.05 -1.22464679915e-17 0.14
      vertex 0.05 -1.22464679915e-17 0.12225
    endloop
  endfacet
endsolid liftcylinder
