step,x1,y1,z1,vx1,vy1,vz1,omegax1,omegay1,omegaz1
0,0,0,0.10000000000000001,0,0,0,0,0,0
200,0,0,0.099999803800000703,0,0,-0.0019619999999999881,0,0,0
400,0,0,0.099999215200000019,0,0,-0.0039239999999999605,0,0,0
600,0,0,0.099998234200000702,0,0,-0.0058860000000001047,0,0,0
800,0,0,0.099996860800000031,0,0,-0.0078480000000002419,0,0,0
1000,0,0,0.0999950950000007,0,0,-0.0098100000000000392,0,0,0
1200,0,0,0.099992936800000043,0,0,-0.011771999999999836,0,0,0
1400,0,0,0.099990386200000697,0,0,-0.013733999999999634,0,0,0
1600,0,0,0.099987443200000053,0,0,-0.015695999999999433,0,0,0
1800,0,0,0.099984107800000693,0,0,-0.01765799999999923,0,0,0
2000,0,0,0.099980380000000063,0,0,-0.019619999999999027,0,0,0
2200,0,0,0.099976259800000689,0,0,-0.021581999999998824,0,0,0
2400,0,0,0.099971747200000072,0,0,-0.023543999999998622,0,0,0
2600,0,0,0.099966842200000683,0,0,-0.025505999999998419,0,0,0
2800,0,0,0.099961544800000079,0,0,-0.027467999999998216,0,0,0
3000,0,0,0.099955855000000676,0,0,-0.029429999999998013,0,0,0
3200,0,0,0.099949772800000086,0,0,-0.031391999999997811,0,0,0
3400,0,0,0.099943298200000683,0,0,-0.033353999999997608,0,0,0
3600,0,0,0.099936431200000106,0,0,-0.035315999999997405,0,0,0
3800,0,0,0.099929171800000688,0,0,-0.037277999999997202,0,0,0
4000,0,0,0.099921520000000125,0,0,-0.039239999999997,0,0,0
4200,0,0,0.099913475800000692,0,0,-0.041201999999996797,0,0,0
4400,0,0,0.099905039200000142,0,0,-0.043163999999996594,0,0,0
4600,0,0,0.099896210200000696,0,0,-0.045125999999996391,0,0,0
4800,0,0,0.099886988800000159,0,0,-0.047087999999996188,0,0,0
5000,0,0,0.099877375000000698,0,0,-0.049049999999995986,0,0,0
5200,0,0,0.099867368800000175,0,0,-0.051011999999995783,0,0,0
5400,0,0,0.0998569702000007,0,0,-0.05297399999999558,0,0,0
5600,0,0,0.09984617920000019,0,0,-0.054935999999995377,0,0,0
5800,0,0,0.0998349958000007,0,0,-0.056897999999995175,0,0,0
6000,0,0,0.099823420000000204,0,0,-0.058859999999994972,0,0,0
6200,0,0,0.0998114518000007,0,0,-0.060821999999994769,0,0,0
6400,0,0,0.099799091200000217,0,0,-0.062783999999994566,0,0,0
6600,0,0,0.099786338200000699,0,0,-0.064745999999994364,0,0,0
6800,0,0,0.099773192800000229,0,0,-0.066707999999994161,0,0,0
7000,0,0,0.099759655000000697,0,0,-0.068669999999993958,0,0,0
7200,0,0,0.099745724800000241,0,0,-0.070631999999993755,0,0,0
7400,0,0,0.099731402200000693,0,0,-0.072593999999993553,0,0,0
7600,0,0,0.099716687200000251,0,0,-0.07455599999999335,0,0,0
7800,0,0,0.099701579800000689,0,0,-0.076517999999993147,0,0,0
8000,0,0,0.09968608000000026,0,0,-0.078479999999992944,0,0,0
8200,0,0,0.099670187800000684,0,0,-0.080441999999992742,0,0,0
8400,0,0,0.099653903200000268,0,0,-0.082403999999992539,0,0,0
8600,0,0,0.099637226200000678,0,0,-0.084365999999992336,0,0,0
8800,0,0,0.099620156800000276,0,0,-0.086327999999992133,0,0,0
9000,0,0,0.099602695000000685,0,0,-0.08828999999999193,0,0,0
9200,0,0,0.099584840800000296,0,0,-0.090251999999991728,0,0,0
9400,0,0,0.099566594200000691,0,0,-0.092213999999991525,0,0,0
9600,0,0,0.099547955200000315,0,0,-0.094175999999991322,0,0,0
9800,0,0,0.099528923800000696,0,0,-0.096137999999991119,0,0,0
10000,0,0,0.099509500000000334,0,0,-0.098099999999990917,0,0,0
10200,0,0,0.0994896838000007,0,0,-0.10006199999999071,0,0,0
10400,0,0,0.099469475200000351,0,0,-0.10202399999999051,0,0,0
10600,0,0,0.099448874200000703,0,0,-0.10398599999999031,0,0,0
10800,0,0,0.099427880800000368,0,0,-0.10594799999999011,0,0,0
11000,0,0,0.099406495000000705,0,0,-0.1079099999999899,0,0,0
11200,0,0,0.099384716800000383,0,0,-0.1098719999999897,0,0,0
11400,0,0,0.099362546200000706,0,0,-0.1118339999999895,0,0,0
11600,0,0,0.099339983200000398,0,0,-0.11379599999998929,0,0,0
11800,0,0,0.099317027800000707,0,0,-0.11575799999998909,0,0,0
12000,0,0,0.099293680000000412,0,0,-0.11771999999998889,0,0,0
12200,0,0,0.099269939800000706,0,0,-0.11968199999998869,0,0,0
12400,0,0,0.099245807200000424,0,0,-0.12164399999998848,0,0,0
12600,0,0,0.099221282200000704,0,0,-0.12360599999998828,0,0,0
12800,0,0,0.099196364800000436,0,0,-0.12556799999998808,0,0,0
13000,0,0,0.099171055000000702,0,0,-0.12752999999998788,0,0,0
13200,0,0,0.099145352800000447,0,0,-0.12949199999998767,0,0,0
13400,0,0,0.099119258200000698,0,0,-0.13145399999998747,0,0,0
13600,0,0,0.099092771200000457,0,0,-0.13341599999998727,0,0,0
13800,0,0,0.099065891800000694,0,0,-0.13537799999998706,0,0,0
14000,0,0,0.099038620000000466,0,0,-0.13733999999998686,0,0,0
14200,0,0,0.099010955800000688,0,0,-0.13930199999998666,0,0,0
14400,0,0,0.098982899200000474,0,0,-0.14126399999998646,0,0,0
14600,0,0,0.098954450200000696,0,0,-0.14322599999998625,0,0,0
14800,0,0,0.098925608800000495,0,0,-0.14518799999998605,0,0,0
15000,0,0,0.098896375000000702,0,0,-0.14714999999998585,0,0,0
15200,0,0,0.098866748800000515,0,0,-0.14911199999998564,0,0,0
15400,0,0,0.098836730200000708,0,0,-0.15107399999998544,0,0,0
15600,0,0,0.098806319200000534,0,0,-0.15303599999998524,0,0,0
15800,0,0,0.098775515800000713,0,0,-0.15499799999998504,0,0,0
16000,0,0,0.098744320000000552,0,0,-0.15695999999998483,0,0,0
16200,0,0,0.098712731800000716,0,0,-0.15892199999998463,0,0,0
16400,0,0,0.098680751200000569,0,0,-0.16088399999998443,0,0,0
16600,0,0,0.098648378200000719,0,0,-0.16284599999998423,0,0,0
16800,0,0,0.098615612800000585,0,0,-0.16480799999998402,0,0,0
17000,0,0,0.098582455000000721,0,0,-0.16676999999998382,0,0,0
17200,0,0,0.0985489048000006,0,0,-0.16873199999998362,0,0,0
17400,0,0,0.098514962200000722,0,0,-0.17069399999998341,0,0,0
17600,0,0,0.098480627200000614,0,0,-0.17265599999998321,0,0,0
17800,0,0,0.098445899800000722,0,0,-0.17461799999998301,0,0,0
18000,0,0,0.098410780000000628,0,0,-0.17657999999998281,0,0,0
18200,0,0,0.098375267800000721,0,0,-0.1785419999999826,0,0,0
18400,0,0,0.09833936320000064,0,0,-0.1805039999999824,0,0,0
18600,0,0,0.098303066200000719,0,0,-0.1824659999999822,0,0,0
18800,0,0,0.098266376800000652,0,0,-0.184427999999982,0,0,0
19000,0,0,0.098229295000000716,0,0,-0.18638999999998179,0,0,0
19200,0,0,0.098191820800000662,0,0,-0.18835199999998159,0,0,0
19400,0,0,0.098153954200000712,0,0,-0.19031399999998139,0,0,0
19600,0,0,0.098115695200000672,0,0,-0.19227599999998118,0,0,0
19800,0,0,0.098077043800000707,0,0,-0.19423799999998098,0,0,0
20000,0,0,0.09803800000000068,0,0,-0.19619999999998078,0,0,0
20200,0,0,0.097998563800000715,0,0,-0.19816199999998058,0,0,0
20400,0,0,0.097958735200000702,0,0,-0.20012399999998037,0,0,0
20600,0,0,0.097918514200000722,0,0,-0.20208599999998017,0,0,0
20800,0,0,0.097877900800000722,0,0,-0.20404799999997997,0,0,0
21000,0,0,0.097836895000000729,0,0,-0.20600999999997976,0,0,0
21200,0,0,0.097795496800000742,0,0,-0.20797199999997956,0,0,0
21400,0,0,0.097753706200000734,0,0,-0.20993399999997936,0,0,0
21600,0,0,0.097711523200000761,0,0,-0.21189599999997916,0,0,0
21800,0,0,0.097668947800000738,0,0,-0.21385799999997895,0,0,0
22000,0,0,0.097625980000000778,0,0,-0.21581999999997875,0,0,0
22200,0,0,0.097582619800000742,0,0,-0.21778199999997855,0,0,0
22400,0,0,0.097538867200000795,0,0,-0.21974399999997835,0,0,0
22600,0,0,0.097494722200000744,0,0,-0.22170599999997814,0,0,0
22800,0,0,0.097450184800000811,0,0,-0.22366799999997794,0,0,0
23000,0,0,0.097405255000000746,0,0,-0.22562999999997774,0,0,0
23200,0,0,0.097359932800000826,0,0,-0.22759199999997753,0,0,0
23400,0,0,0.097314218200000746,0,0,-0.22955399999997733,0,0,0
23600,0,0,0.09726811120000084,0,0,-0.23151599999997713,0,0,0
23800,0,0,0.097221611800000746,0,0,-0.23347799999997693,0,0,0
24000,0,0,0.097174720000000853,0,0,-0.23543999999997672,0,0,0
24200,0,0,0.097127435800000744,0,0,-0.23740199999997652,0,0,0
24400,0,0,0.097079759200000865,0,0,-0.23936399999997632,0,0,0
24600,0,0,0.097031690200000742,0,0,-0.24132599999997612,0,0,0
24800,0,0,0.096983228800000876,0,0,-0.24328799999997591,0,0,0
25000,0,0,0.096934375000000739,0,0,-0.24524999999997571,0,0,0
25200,0,0,0.096885128800000886,0,0,-0.24721199999997551,0,0,0
25400,0,0,0.096835490200000734,0,0,-0.2491739999999753,0,0,0
25600,0,0,0.096785459200000895,0,0,-0.2511359999999751,0,0,0
25800,0,0,0.096735035800000729,0,0,-0.2530979999999749,0,0,0
26000,0,0,0.096684220000000903,0,0,-0.2550599999999747,0,0,0
26200,0,0,0.096633011800000737,0,0,-0.25702199999997449,0,0,0
26400,0,0,0.096581411200000924,0,0,-0.25898399999997429,0,0,0
26600,0,0,0.096529418200000744,0,0,-0.26094599999997409,0,0,0
26800,0,0,0.096477032800000945,0,0,-0.26290799999997388,0,0,0
27000,0,0,0.09642425500000075,0,0,-0.26486999999997368,0,0,0
27200,0,0,0.096371084800000964,0,0,-0.26683199999997348,0,0,0
27400,0,0,0.096317522200000755,0,0,-0.26879399999997328,0,0,0
27600,0,0,0.096263567200000982,0,0,-0.27075599999997307,0,0,0
27800,0,0,0.096209219800000759,0,0,-0.27271799999997287,0,0,0
28000,0,0,0.096154480000001,0,0,-0.27467999999997267,0,0,0
28200,0,0,0.096099347800000762,0,0,-0.27664199999997247,0,0,0
28400,0,0,0.096043823200001016,0,0,-0.27860399999997226,0,0,0
28600,0,0,0.095987906200000764,0,0,-0.28056599999997206,0,0,0
28800,0,0,0.095931596800001032,0,0,-0.28252799999997186,0,0,0
29000,0,0,0.095874895000000765,0,0,-0.28448999999997165,0,0,0
29200,0,0,0.095817800800001046,0,0,-0.28645199999997145,0,0,0
29400,0,0,0.095760314200000765,0,0,-0.28841399999997125,0,0,0
29600,0,0,0.09570243520000106,0,0,-0.29037599999997105,0,0,0
29800,0,0,0.095644163800000764,0,0,-0.29233799999997084,0,0,0
30000,0,0,0.095585500000001072,0,0,-0.29429999999997064,0,0,0
30200,0,0,0.095526443800000763,0,0,-0.29626199999997044,0,0,0
30400,0,0,0.095466995200001084,0,0,-0.29822399999997024,0,0,0
30600,0,0,0.09540715420000076,0,0,-0.30018599999997003,0,0,0
30800,0,0,0.095346920800001095,0,0,-0.30214799999996983,0,0,0
31000,0,0,0.095286295000000756,0,0,-0.30410999999996963,0,0,0
31200,0,0,0.095225276800001105,0,0,-0.30607199999996942,0,0,0
31400,0,0,0.095163866200000752,0,0,-0.30803399999996922,0,0,0
31600,0,0,0.095102063200001113,0,0,-0.30999599999996902,0,0,0
31800,0,0,0.09503986780000076,0,0,-0.31195799999996882,0,0,0
32000,0,0,0.094977280000001135,0,0,-0.31391999999996861,0,0,0
32200,0,0,0.094914299800000768,0,0,-0.31588199999996841,0,0,0
32400,0,0,0.094850927200001156,0,0,-0.31784399999996821,0,0,0
32600,0,0,0.094787162200000774,0,0,-0.319805999999968,0,0,0
32800,0,0,0.094723004800001176,0,0,-0.3217679999999678,0,0,0
33000,0,0,0.09465845500000078,0,0,-0.3237299999999676,0,0,0
33200,0,0,0.094593512800001195,0,0,-0.3256919999999674,0,0,0
33400,0,0,0.094528178200000784,0,0,-0.32765399999996719,0,0,0
33600,0,0,0.094462451200001213,0,0,-0.32961599999996699,0,0,0
33800,0,0,0.094396331800000788,0,0,-0.33157799999996679,0,0,0
34000,0,0,0.09432982000000123,0,0,-0.33353999999996659,0,0,0
34200,0,0,0.094262915800000791,0,0,-0.33550199999996638,0,0,0
34400,0,0,0.094195619200001246,0,0,-0.33746399999996618,0,0,0
34600,0,0,0.094127930200000792,0,0,-0.33942599999996598,0,0,0
34800,0,0,0.094059848800001261,0,0,-0.34138799999996577,0,0,0
35000,0,0,0.093991375000000793,0,0,-0.34334999999996557,0,0,0
35200,0,0,0.093922508800001275,0,0,-0.34531199999996537,0,0,0
35400,0,0,0.093853250200000793,0,0,-0.34727399999996517,0,0,0
35600,0,0,0.093783599200001289,0,0,-0.34923599999996496,0,0,0
35800,0,0,0.093713555800000792,0,0,-0.35119799999996476,0,0,0
36000,0,0,0.093643120000001301,0,0,-0.35315999999996456,0,0,0
36200,0,0,0.09357229180000079,0,0,-0.35512199999996436,0,0,0
36400,0,0,0.093501071200001312,0,0,-0.35708399999996415,0,0,0
36600,0,0,0.093429458200000787,0,0,-0.35904599999996395,0,0,0
36800,0,0,0.093357452800001323,0,0,-0.36100799999996375,0,0,0
37000,0,0,0.093285055000000783,0,0,-0.36296999999996354,0,0,0
37200,0,0,0.093212264800001332,0,0,-0.36493199999996334,0,0,0
37400,0,0,0.093139082200000792,0,0,-0.36689399999996314,0,0,0
37600,0,0,0.093065507200001354,0,0,-0.36885599999996294,0,0,0
37800,0,0,0.0929915398000008,0,0,-0.37081799999996273,0,0,0
38000,0,0,0.092917180000001376,0,0,-0.37277999999996253,0,0,0
38200,0,0,0.092842427800000807,0,0,-0.37474199999996233,0,0,0
38400,0,0,0.092767283200001396,0,0,-0.37670399999996212,0,0,0
38600,0,0,0.092691746200000813,0,0,-0.37866599999996192,0,0,0
38800,0,0,0.092615816800001416,0,0,-0.38062799999996172,0,0,0
39000,0,0,0.092539495000000818,0,0,-0.38258999999996152,0,0,0
39200,0,0,0.092462780800001435,0,0,-0.38455199999996131,0,0,0
39400,0,0,0.092385674200000822,0,0,-0.38651399999996111,0,0,0
39600,0,0,0.092308175200001452,0,0,-0.38847599999996091,0,0,0
39800,0,0,0.092230283800000826,0,0,-0.39043799999996071,0,0,0
40000,0,0,0.092152000000001469,0,0,-0.3923999999999605,0,0,0
40200,0,0,0.092073323800000828,0,0,-0.3943619999999603,0,0,0
40400,0,0,0.091994255200001485,0,0,-0.3963239999999601,0,0,0
40600,0,0,0.091914794200000829,0,0,-0.39828599999995989,0,0,0
40800,0,0,0.091834940800001499,0,0,-0.40024799999995969,0,0,0
41000,0,0,0.09175469500000083,0,0,-0.40220999999995949,0,0,0
41200,0,0,0.091674056800001513,0,0,-0.40417199999995929,0,0,0
41400,0,0,0.091593026200000829,0,0,-0.40613399999995908,0,0,0
41600,0,0,0.091511603200001526,0,0,-0.40809599999995888,0,0,0
41800,0,0,0.091429787800000842,0,0,-0.41005799999995868,0,0,0
42000,0,0,0.091347580000001538,0,0,-0.41201999999995848,0,0,0
42200,0,0,0.091264979800000867,0,0,-0.41398199999995827,0,0,0
42400,0,0,0.091181987200001549,0,0,-0.41594399999995807,0,0,0
42600,0,0,0.091098602200000892,0,0,-0.41790599999995787,0,0,0
42800,0,0,0.091014824800001559,0,0,-0.41986799999995766,0,0,0
43000,0,0,0.090930655000000915,0,0,-0.42182999999995746,0,0,0
43200,0,0,0.090846092800001582,0,0,-0.42379199999995726,0,0,0
43400,0,0,0.090761138200000951,0,0,-0.42575399999995706,0,0,0
43600,0,0,0.090675791200001604,0,0,-0.42771599999995685,0,0,0
43800,0,0,0.090590051800000987,0,0,-0.42967799999995665,0,0,0
44000,0,0,0.090503920000001625,0,0,-0.43163999999995645,0,0,0
44200,0,0,0.090417395800001021,0,0,-0.43360199999995624,0,0,0
44400,0,0,0.090330479200001645,0,0,-0.43556399999995604,0,0,0
44600,0,0,0.090243170200001055,0,0,-0.43752599999995584,0,0,0
44800,0,0,0.090155468800001665,0,0,-0.43948799999995564,0,0,0
45000,0,0,0.090067375000001088,0,0,-0.44144999999995543,0,0,0
45200,0,0,0.089978888800001683,0,0,-0.44341199999995523,0,0,0
45400,0,0,0.089890010200001119,0,0,-0.44537399999995503,0,0,0
45600,0,0,0.0898007392000017,0,0,-0.44733599999995483,0,0,0
45800,0,0,0.08971107580000115,0,0,-0.44929799999995462,0,0,0
46000,0,0,0.089621020000001717,0,0,-0.45125999999995442,0,0,0
46200,0,0,0.08953057180000118,0,0,-0.45322199999995422,0,0,0
46400,0,0,0.089439731200001732,0,0,-0.45518399999995401,0,0,0
46600,0,0,0.089348498200001208,0,0,-0.45714599999995381,0,0,0
46800,0,0,0.089256872800001746,0,0,-0.45910799999995361,0,0,0
47000,0,0,0.089164855000001236,0,0,-0.46106999999995341,0,0,0
47200,0,0,0.08907244480000176,0,0,-0.4630319999999532,0,0,0
47400,0,0,0.088979642200001263,0,0,-0.464993999999953,0,0,0
47600,0,0,0.088886447200001772,0,0,-0.4669559999999528,0,0,0
47800,0,0,0.088792859800001289,0,0,-0.46891799999995259,0,0,0
48000,0,0,0.088698880000001784,0,0,-0.47087999999995239,0,0,0
48200,0,0,0.088604507800001314,0,0,-0.47284199999995219,0,0,0
48400,0,0,0.088509743200001795,0,0,-0.47480399999995199,0,0,0
48600,0,0,0.088414586200001338,0,0,-0.47676599999995178,0,0,0
48800,0,0,0.088319036800001818,0,0,-0.47872799999995158,0,0,0
49000,0,0,0.088223095000001375,0,0,-0.48068999999995138,0,0,0
49200,0,0,0.088126760800001841,0,0,-0.48265199999995118,0,0,0
49400,0,0,0.088030034200001411,0,0,-0.48461399999995097,0,0,0
49600,0,0,0.087932915200001863,0,0,-0.48657599999995077,0,0,0
49800,0,0,0.087835403800001446,0,0,-0.48853799999995057,0,0,0
50000,0,0,0.087737500000001883,0,0,-0.49049999999995036,0,0,0
50200,0,0,0.087639203800001481,0,0,-0.49246199999995016,0,0,0
50400,0,0,0.087540515200001903,0,0,-0.49442399999994996,0,0,0
50600,0,0,0.087441434200001514,0,0,-0.49638599999994976,0,0,0
50800,0,0,0.087341960800001922,0,0,-0.49834799999994955,0,0,0
51000,0,0,0.087242095000001546,0,0,-0.50030999999995285,0,0,0
51200,0,0,0.08714183680000194,0,0,-0.50227199999997485,0,0,0
51400,0,0,0.087041186200001577,0,0,-0.50423399999999685,0,0,0
51600,0,0,0.086940143200001929,0,0,-0.50619600000001885,0,0,0
51800,0,0,0.08683870780000158,0,0,-0.50815800000004085,0,0,0
52000,0,0,0.086736880000001904,0,0,-0.51012000000006286,0,0,0
52200,0,0,0.086634659800001568,0,0,-0.51208200000008486,0,0,0
52400,0,0,0.086532047200001863,0,0,-0.51404400000010686,0,0,0
52600,0,0,0.086429042200001541,0,0,-0.51600600000012886,0,0,0
52800,0,0,0.086325644800001808,0,0,-0.51796800000015086,0,0,0
53000,0,0,0.086221855000001499,0,0,-0.51993000000017286,0,0,0
53200,0,0,0.086117672800001738,0,0,-0.52189200000019487,0,0,0
53400,0,0,0.086013098200001442,0,0,-0.52385400000021687,0,0,0
53600,0,0,0.085908131200001639,0,0,-0.52581600000023887,0,0,0
53800,0,0,0.085802771800001357,0,0,-0.52777800000026087,0,0,0
54000,0,0,0.085697020000001525,0,0,-0.52974000000028287,0,0,0
54200,0,0,0.085590875800001257,0,0,-0.53170200000030488,0,0,0
54400,0,0,0.085484339200001397,0,0,-0.53366400000032688,0,0,0
54600,0,0,0.085377410200001141,0,0,-0.53562600000034888,0,0,0
54800,0,0,0.085270088800001254,0,0,-0.53758800000037088,0,0,0
55000,0,0,0.085162375000001012,0,0,-0.53955000000039288,0,0,0
55200,0,0,0.085054268800001082,0,0,-0.54151200000041488,0,0,0
55400,0,0,0.084945770200000853,0,0,-0.54347400000043689,0,0,0
55600,0,0,0.084836879200000895,0,0,-0.54543600000045889,0,0,0
55800,0,0,0.08472759580000068,0,0,-0.54739800000048089,0,0,0
56000,0,0,0.084617920000000693,0,0,-0.54936000000050289,0,0,0
56200,0,0,0.084507851800000491,0,0,-0.55132200000052489,0,0,0
56400,0,0,0.084397391200000477,0,0,-0.55328400000054689,0,0,0
56600,0,0,0.084286538200000288,0,0,-0.5552460000005689,0,0,0
56800,0,0,0.084175292800000245,0,0,-0.5572080000005909,0,0,0
57000,0,0,0.08406365500000007,0,0,-0.5591700000006129,0,0,0
57200,0,0,0.083951624799999985,0,0,-0.5611320000006349,0,0,0
57400,0,0,0.083839202199999824,0,0,-0.5630940000006569,0,0,0
57600,0,0,0.083726387199999711,0,0,-0.5650560000006789,0,0,0
57800,0,0,0.083613179799999562,0,0,-0.56701800000070091,0,0,0
58000,0,0,0.083499579999999421,0,0,-0.56898000000072291,0,0,0
58200,0,0,0.083385587799999286,0,0,-0.57094200000074491,0,0,0
58400,0,0,0.083271203199999116,0,0,-0.57290400000076691,0,0,0
58600,0,0,0.083156426199998995,0,0,-0.57486600000078891,0,0,0
58800,0,0,0.083041256799998783,0,0,-0.57682800000081091,0,0,0
59000,0,0,0.082925694999998675,0,0,-0.57879000000083292,0,0,0
59200,0,0,0.082809740799998435,0,0,-0.58075200000085492,0,0,0
59400,0,0,0.082693394199998341,0,0,-0.58271400000087692,0,0,0
59600,0,0,0.082576655199998072,0,0,-0.58467600000089892,0,0,0
59800,0,0,0.082459523799997991,0,0,-0.58663800000092092,0,0,0
60000,0,0,0.082341999999997695,0,0,-0.58860000000094292,0,0,0
60200,0,0,0.082224083799997627,0,0,-0.59056200000096493,0,0,0
60400,0,0,0.082105775199997302,0,0,-0.59252400000098693,0,0,0
60600,0,0,0.081987074199997248,0,0,-0.59448600000100893,0,0,0
60800,0,0,0.081867980799996881,0,0,-0.59644800000103093,0,0,0
61000,0,0,0.08174849499999684,0,0,-0.59841000000105293,0,0,0
61200,0,0,0.081628616799996445,0,0,-0.60037200000107493,0,0,0
61400,0,0,0.081508346199996418,0,0,-0.60233400000109694,0,0,0
61600,0,0,0.081387683199995994,0,0,-0.60429600000111894,0,0,0
61800,0,0,0.08126662779999598,0,0,-0.60625800000114094,0,0,0
62000,0,0,0.081145179999995529,0,0,-0.60822000000116294,0,0,0
62200,0,0,0.081023339799995528,0,0,-0.61018200000118494,0,0,0
62400,0,0,0.080901107199995034,0,0,-0.61214400000120694,0,0,0
62600,0,0,0.080778482199995047,0,0,-0.61410600000122895,0,0,0
62800,0,0,0.080655464799994525,0,0,-0.61606800000125095,0,0,0
63000,0,0,0.080532054999994551,0,0,-0.61803000000127295,0,0,0
63200,0,0,0.080408252799994001,0,0,-0.61999200000129495,0,0,0
63400,0,0,0.080284058199994041,0,0,-0.62195400000131695,0,0,0
63600,0,0,0.080159471199993462,0,0,-0.62391600000133896,0,0,0
63800,0,0,0.080034491799993515,0,0,-0.62587800000136096,0,0,0
64000,0,0,0.079909119999992895,0,0,-0.62784000000138296,0,0,0
64200,0,0,0.079783355799992961,0,0,-0.62980200000140496,0,0,0
64400,0,0,0.079657199199992312,0,0,-0.63176400000142696,0,0,0
64600,0,0,0.079530650199992392,0,0,-0.63372600000144896,0,0,0
64800,0,0,0.079403708799991715,0,0,-0.63568800000147097,0,0,0
65000,0,0,0.079276374999991808,0,0,-0.63765000000149297,0,0,0
65200,0,0,0.079148648799991103,0,0,-0.63961200000151497,0,0,0
65400,0,0,0.07902053019999121,0,0,-0.64157400000153697,0,0,0
65600,0,0,0.078892019199990476,0,0,-0.64353600000155897,0,0,0
65800,0,0,0.078763115799990596,0,0,-0.64549800000158097,0,0,0
66000,0,0,0.078633819999989821,0,0,-0.64746000000160298,0,0,0
66200,0,0,0.078504131799989954,0,0,-0.64942200000162498,0,0,0
66400,0,0,0.07837405119998915,0,0,-0.65138400000164698,0,0,0
66600,0,0,0.078243578199989297,0,0,-0.65334600000166898,0,0,0
66800,0,0,0.078112712799988465,0,0,-0.65530800000169098,0,0,0
67000,0,0,0.077981454999988625,0,0,-0.65727000000171298,0,0,0
67200,0,0,0.077849804799987765,0,0,-0.65923200000173499,0,0,0
67400,0,0,0.077717762199987939,0,0,-0.66119400000175699,0,0,0
67600,0,0,0.077585327199987036,0,0,-0.66315600000177899,0,0,0
67800,0,0,0.077452499799987223,0,0,-0.66511800000180099,0,0,0
68000,0,0,0.077319279999986293,0,0,-0.66708000000182299,0,0,0
68200,0,0,0.077185667799986493,0,0,-0.66904200000184499,0,0,0
68400,0,0,0.077051663199985534,0,0,-0.671004000001867,0,0,0
68600,0,0,0.076917266199985748,0,0,-0.672966000001889,0,0,0
68800,0,0,0.076782476799984761,0,0,-0.674928000001911,0,0,0
69000,0,0,0.076647294999984988,0,0,-0.676890000001933,0,0,0
69200,0,0,0.076511720799983973,0,0,-0.678852000001955,0,0,0
69400,0,0,0.076375754199984214,0,0,-0.680814000001977,0,0,0
69600,0,0,0.076239395199983157,0,0,-0.68277600000199901,0,0,0
69800,0,0,0.07610264379998341,0,0,-0.68473800000202101,0,0,0
70000,0,0,0.075965499999982325,0,0,-0.68670000000204301,0,0,0
70200,0,0,0.075827963799982592,0,0,-0.68866200000206501,0,0,0
70400,0,0,0.075690035199981479,0,0,-0.69062400000208701,0,0,0
70600,0,0,0.075551714199981759,0,0,-0.69258600000210901,0,0,0
70800,0,0,0.075413000799980659,0,0,-0.69454800000213102,0,0,0
71000,0,0,0.075273894999980911,0,0,-0.69651000000215302,0,0,0
71200,0,0,0.075134396799979825,0,0,-0.69847200000217502,0,0,0
71400,0,0,0.074994506199980035,0,0,-0.70043400000219702,0,0,0
71600,0,0,0.074854223199978961,0,0,-0.70239600000221902,0,0,0
71800,0,0,0.074713547799979144,0,0,-0.70435800000224102,0,0,0
72000,0,0,0.074572479999978084,0,0,-0.70632000000226303,0,0,0
72200,0,0,0.074431019799978237,0,0,-0.70828200000228503,0,0,0
72400,0,0,0.074289167199977191,0,0,-0.71024400000230703,0,0,0
72600,0,0,0.074146922199977316,0,0,-0.71220600000232903,0,0,0
72800,0,0,0.074004284799976283,0,0,-0.71416800000235103,0,0,0
73000,0,0,0.073861254999976381,0,0,-0.71613000000237303,0,0,0
73200,0,0,0.073717832799975361,0,0,-0.71809200000239504,0,0,0
73400,0,0,0.073574018199975416,0,0,-0.72005400000241704,0,0,0
73600,0,0,0.07342981119997441,0,0,-0.72201600000243904,0,0,0
73800,0,0,0.073285211799974437,0,0,-0.72397800000246104,0,0,0
74000,0,0,0.073140219999973444,0,0,-0.72594000000248304,0,0,0
74200,0,0,0.072994835799973443,0,0,-0.72790200000250505,0,0,0
74400,0,0,0.072849059199972463,0,0,-0.72986400000252705,0,0,0
74600,0,0,0.072702890199972434,0,0,-0.73182600000254905,0,0,0
74800,0,0,0.072556328799971467,0,0,-0.73378800000257105,0,0,0
75000,0,0,0.072409374999971396,0,0,-0.73575000000259305,0,0,0
75200,0,0,0.072262028799970443,0,0,-0.73771200000261505,0,0,0
75400,0,0,0.072114290199970343,0,0,-0.73967400000263706,0,0,0
75600,0,0,0.071966159199969404,0,0,-0.74163600000265906,0,0,0
75800,0,0,0.071817635799969276,0,0,-0.74359800000268106,0,0,0
76000,0,0,0.07166871999996835,0,0,-0.74556000000270306,0,0,0
76200,0,0,0.071519411799968194,0,0,-0.74752200000272506,0,0,0
76400,0,0,0.071369711199967281,0,0,-0.74948400000274706,0,0,0
76600,0,0,0.071219618199967083,0,0,-0.75144600000276907,0,0,0
76800,0,0,0.071069132799966184,0,0,-0.75340800000279107,0,0,0
77000,0,0,0.070918254999965957,0,0,-0.75537000000281307,0,0,0
77200,0,0,0.070766984799965071,0,0,-0.75733200000283507,0,0,0
77400,0,0,0.070615322199964817,0,0,-0.75929400000285707,0,0,0
77600,0,0,0.070463267199963944,0,0,-0.76125600000287907,0,0,0
77800,0,0,0.070310819799963661,0,0,-0.76321800000290108,0,0,0
78000,0,0,0.070157979999962802,0,0,-0.76518000000292308,0,0,0
78200,0,0,0.070004747799962491,0,0,-0.76714200000294508,0,0,0
78400,0,0,0.069851123199961646,0,0,-0.76910400000296708,0,0,0
78600,0,0,0.069697106199961292,0,0,-0.77106600000298908,0,0,0
78800,0,0,0.06954269679996046,0,0,-0.77302800000301108,0,0,0
79000,0,0,0.069387894999960079,0,0,-0.77499000000303309,0,0,0
79200,0,0,0.06923270079995926,0,0,-0.77695200000305509,0,0,0
79400,0,0,0.06907711419995885,0,0,-0.77891400000307709,0,0,0
79600,0,0,0.068921135199958045,0,0,-0.78087600000309909,0,0,0
79800,0,0,0.068764763799957607,0,0,-0.78283800000312109,0,0,0
80000,0,0,0.068607999999956815,0,0,-0.78480000000314309,0,0,0
80200,0,0,0.068450843799956335,0,0,-0.7867620000031651,0,0,0
80400,0,0,0.068293295199955556,0,0,-0.7887240000031871,0,0,0
80600,0,0,0.068135354199955048,0,0,-0.7906860000032091,0,0,0
80800,0,0,0.067977020799954282,0,0,-0.7926480000032311,0,0,0
81000,0,0,0.067818294999953746,0,0,-0.7946100000032531,0,0,0
81200,0,0,0.067659176799952994,0,0,-0.7965720000032751,0,0,0
81400,0,0,0.067499666199952429,0,0,-0.79853400000329711,0,0,0
81600,0,0,0.067339763199951691,0,0,-0.80049600000331911,0,0,0
81800,0,0,0.067179467799951098,0,0,-0.80245800000334111,0,0,0
82000,0,0,0.067018779999950373,0,0,-0.80442000000336311,0,0,0
82200,0,0,0.066857699799949738,0,0,-0.80638200000338511,0,0,0
82400,0,0,0.066696227199949026,0,0,-0.80834400000340711,0,0,0
82600,0,0,0.066534362199948363,0,0,-0.81030600000342912,0,0,0
82800,0,0,0.066372104799947665,0,0,-0.81226800000345112,0,0,0
83000,0,0,0.066209454999946973,0,0,-0.81423000000347312,0,0,0
83200,0,0,0.066046412799946289,0,0,-0.81619200000349512,0,0,0
83400,0,0,0.065882978199945569,0,0,-0.81815400000351712,0,0,0
83600,0,0,0.065719151199944897,0,0,-0.82011600000353913,0,0,0
83800,0,0,0.065554931799944136,0,0,-0.82207800000356113,0,0,0
84000,0,0,0.065390319999943478,0,0,-0.82404000000358313,0,0,0
84200,0,0,0.065225315799942687,0,0,-0.82600200000360513,0,0,0
84400,0,0,0.065059919199942043,0,0,-0.82796400000362713,0,0,0
84600,0,0,0.064894130199941225,0,0,-0.82992600000364913,0,0,0
84800,0,0,0.064727948799940593,0,0,-0.83188800000367114,0,0,0
85000,0,0,0.064561374999939747,0,0,-0.83385000000369314,0,0,0
85200,0,0,0.064394408799939129,0,0,-0.83581200000371514,0,0,0
85400,0,0,0.064227050199938254,0,0,-0.83777400000373714,0,0,0
85600,0,0,0.06405929919993765,0,0,-0.83973600000375914,0,0,0
85800,0,0,0.063891155799936733,0,0,-0.84169800000378114,0,0,0
86000,0,0,0.063722619999936142,0,0,-0.84366000000380315,0,0,0
86200,0,0,0.063553691799935197,0,0,-0.84562200000382515,0,0,0
86400,0,0,0.063384371199934619,0,0,-0.84758400000384715,0,0,0
86600,0,0,0.063214658199933646,0,0,-0.84954600000386915,0,0,0
86800,0,0,0.063044552799933082,0,0,-0.85150800000389115,0,0,0
87000,0,0,0.06287405499993208,0,0,-0.85347000000391315,0,0,0
87200,0,0,0.062703164799931529,0,0,-0.85543200000393516,0,0,0
87400,0,0,0.062531882199930486,0,0,-0.85739400000395716,0,0,0
87600,0,0,0.062360207199929948,0,0,-0.85935600000397916,0,0,0
87800,0,0,0.062188139799929154,0,0,-0.86131800000400116,0,0,0
88000,0,0,0.062015679999928353,0,0,-0.86328000000402316,0,0,0
88200,0,0,0.061842827799927551,0,0,-0.86524200000404516,0,0,0
88400,0,0,0.061669583199926742,0,0,-0.86720400000406717,0,0,0
88600,0,0,0.061495946199925933,0,0,-0.86916600000408917,0,0,0
88800,0,0,0.061321916799925116,0,0,-0.87112800000411117,0,0,0
89000,0,0,0.061147494999924293,0,0,-0.87309000000413317,0,0,0
89200,0,0,0.060972680799923469,0,0,-0.87505200000415517,0,0,0
89400,0,0,0.060797474199922638,0,0,-0.87701400000417717,0,0,0
89600,0,0,0.0606218751999218,0,0,-0.87897600000419918,0,0,0
89800,0,0,0.060445883799920962,0,0,-0.88093800000422118,0,0,0
90000,0,0,0.060269499999920116,0,0,-0.88290000000424318,0,0,0
90200,0,0,0.06009272379991927,0,0,-0.88486200000426518,0,0,0
90400,0,0,0.059915555199918417,0,0,-0.88682400000428718,0,0,0
90600,0,0,0.059737994199917557,0,0,-0.88878600000430918,0,0,0
90800,0,0,0.059560040799916697,0,0,-0.89074800000433119,0,0,0
91000,0,0,0.059381694999915829,0,0,-0.89271000000435319,0,0,0
91200,0,0,0.059202956799914962,0,0,-0.89467200000437519,0,0,0
91400,0,0,0.059023826199914087,0,0,-0.89663400000439719,0,0,0
91600,0,0,0.058844303199913205,0,0,-0.89859600000441919,0,0,0
91800,0,0,0.058664387799912322,0,0,-0.90055800000444119,0,0,0
92000,0,0,0.058484079999911433,0,0,-0.9025200000044632,0,0,0
92200,0,0,0.058303379799910536,0,0,-0.9044820000044852,0,0,0
92400,0,0,0.058122287199909639,0,0,-0.9064440000045072,0,0,0
92600,0,0,0.057940802199908735,0,0,-0.9084060000045292,0,0,0
92800,0,0,0.057758924799907831,0,0,-0.9103680000045512,0,0,0
93000,0,0,0.057576654999906919,0,0,-0.9123300000045732,0,0,0
93200,0,0,0.057393992799906,0,0,-0.91429200000459521,0,0,0
93400,0,0,0.057210938199905081,0,0,-0.91625400000461721,0,0,0
93600,0,0,0.057027491199904155,0,0,-0.91821600000463921,0,0,0
93800,0,0,0.056843651799903229,0,0,-0.92017800000466121,0,0,0
94000,0,0,0.056659419999902295,0,0,-0.92214000000468321,0,0,0
94200,0,0,0.056474795799901355,0,0,-0.92410200000470522,0,0,0
94400,0,0,0.056289779199900414,0,0,-0.92606400000472722,0,0,0
94600,0,0,0.056104370199899466,0,0,-0.92802600000474922,0,0,0
94800,0,0,0.055918568799898517,0,0,-0.92998800000477122,0,0,0
95000,0,0,0.055732374999897562,0,0,-0.93195000000479322,0,0,0
95200,0,0,0.055545788799896599,0,0,-0.93391200000481522,0,0,0
95400,0,0,0.055358810199895636,0,0,-0.93587400000483723,0,0,0
95600,0,0,0.055171439199894666,0,0,-0.93783600000485923,0,0,0
95800,0,0,0.054983675799893689,0,0,-0.93979800000488123,0,0,0
96000,0,0,0.054795519999892711,0,0,-0.94176000000490323,0,0,0
96200,0,0,0.054606971799891726,0,0,-0.94372200000492523,0,0,0
96400,0,0,0.054418031199890742,0,0,-0.94568400000494723,0,0,0
96600,0,0,0.054228698199889749,0,0,-0.94764600000496924,0,0,0
96800,0,0,0.05403897279988875,0,0,-0.94960800000499124,0,0,0
97000,0,0,0.053848854999887751,0,0,-0.95157000000501324,0,0,0
97200,0,0,0.053658344799886744,0,0,-0.95353200000503524,0,0,0
97400,0,0,0.053467442199885737,0,0,-0.95549400000505724,0,0,0
97600,0,0,0.053276147199884723,0,0,-0.95745600000507924,0,0,0
97800,0,0,0.053084459799883701,0,0,-0.95941800000510125,0,0,0
98000,0,0,0.05289237999988268,0,0,-0.96138000000512325,0,0,0
98200,0,0,0.052699907799881651,0,0,-0.96334200000514525,0,0,0
98400,0,0,0.052507043199880615,0,0,-0.96530400000516725,0,0,0
98600,0,0,0.052313786199879579,0,0,-0.96726600000518925,0,0,0
98800,0,0,0.052120136799878536,0,0,-0.96922800000521125,0,0,0
99000,0,0,0.051926094999877492,0,0,-0.97119000000523326,0,0,0
99200,0,0,0.051731660799876442,0,0,-0.97315200000525526,0,0,0
99400,0,0,0.051536834199875384,0,0,-0.97511400000527726,0,0,0
99600,0,0,0.051341615199874326,0,0,-0.97707600000529926,0,0,0
99800,0,0,0.05114600379987326,0,0,-0.97903800000532126,0,0,0
100000,0,0,0.050949999999872195,0,0,-0.98100000000534326,0,0,0
100200,0,0,0.050753603799871122,0,0,-0.98296200000536527,0,0,0
100400,0,0,0.050556815199870042,0,0,-0.98492400000538727,0,0,0
100600,0,0,0.050359634199868962,0,0,-0.98688600000540927,0,0,0
100800,0,0,0.050162060799867875,0,0,-0.98884800000543127,0,0,0
101000,0,0,0.049964094999866787,0,0,-0.99081000000545327,0,0,0
101200,0,0,0.049765736799865692,0,0,-0.99277200000547527,0,0,0
101400,0,0,0.049566986199864591,0,0,-0.99473400000549728,0,0,0
101600,0,0,0.049367843199863488,0,0,-0.99669600000551928,0,0,0
101800,0,0,0.049168307799862379,0,0,-0.99865800000554128,0,0,0
102000,0,0,0.04896837999986127,0,0,-1.0006200000055492,0,0,0
102200,0,0,0.04876805979986016,0,0,-1.0025820000055268,0,0,0
102400,0,0,0.048567347199859057,0,0,-1.0045440000055044,0,0,0
102600,0,0,0.04836624219985796,0,0,-1.006506000005482,0,0,0
102800,0,0,0.048164744799856864,0,0,-1.0084680000054596,0,0,0
103000,0,0,0.047962854999855774,0,0,-1.0104300000054371,0,0,0
103200,0,0,0.047760572799854691,0,0,-1.0123920000054147,0,0,0
103400,0,0,0.047557898199853607,0,0,-1.0143540000053923,0,0,0
103600,0,0,0.04735483119985253,0,0,-1.0163160000053699,0,0,0
103800,0,0,0.04715137179985146,0,0,-1.0182780000053475,0,0,0
104000,0,0,0.04694751999985039,0,0,-1.0202400000053251,0,0,0
104200,0,0,0.046743275799849326,0,0,-1.0222020000053027,0,0,0
104400,0,0,0.04653863919984827,0,0,-1.0241640000052803,0,0,0
104600,0,0,0.046333610199847212,0,0,-1.0261260000052579,0,0,0
104800,0,0,0.046128188799846162,0,0,-1.0280880000052355,0,0,0
105000,0,0,0.045922374999845118,0,0,-1.0300500000052131,0,0,0
105200,0,0,0.045716168799844074,0,0,-1.0320120000051907,0,0,0
105400,0,0,0.045509570199843037,0,0,-1.0339740000051683,0,0,0
105600,0,0,0.045302579199842007,0,0,-1.0359360000051459,0,0,0
105800,0,0,0.045095195799840976,0,0,-1.0378980000051234,0,0,0
106000,0,0,0.044887419999839952,0,0,-1.039860000005101,0,0,0
106200,0,0,0.044679251799838934,0,0,-1.0418220000050786,0,0,0
106400,0,0,0.044470691199837917,0,0,-1.0437840000050562,0,0,0
106600,0,0,0.044261738199836906,0,0,-1.0457460000050338,0,0,0
106800,0,0,0.044052392799835902,0,0,-1.0477080000050114,0,0,0
107000,0,0,0.043842654999834904,0,0,-1.049670000004989,0,0,0
107200,0,0,0.043632524799833906,0,0,-1.0516320000049666,0,0,0
107400,0,0,0.043422002199832915,0,0,-1.0535940000049442,0,0,0
107600,0,0,0.043211087199831931,0,0,-1.0555560000049218,0,0,0
107800,0,0,0.042999779799830946,0,0,-1.0575180000048994,0,0,0
108000,0,0,0.042788079999829969,0,0,-1.059480000004877,0,0,0
108200,0,0,0.042575987799828997,0,0,-1.0614420000048546,0,0,0
108400,0,0,0.042363503199828026,0,0,-1.0634040000048322,0,0,0
108600,0,0,0.042150626199827061,0,0,-1.0653660000048097,0,0,0
108800,0,0,0.041937356799826103,0,0,-1.0673280000047873,0,0,0
109000,0,0,0.041723694999825145,0,0,-1.0692900000047649,0,0,0
109200,0,0,0.041509640799824193,0,0,-1.0712520000047425,0,0,0
109400,0,0,0.041295194199823249,0,0,-1.0732140000047201,0,0,0
109600,0,0,0.041080355199822303,0,0,-1.0751760000046977,0,0,0
109800,0,0,0.040865123799821365,0,0,-1.0771380000046753,0,0,0
110000,0,0,0.040649499999820433,0,0,-1.0791000000046529,0,0,0
110200,0,0,0.040433483799819502,0,0,-1.0810620000046305,0,0,0
110400,0,0,0.040217075199818576,0,0,-1.0830240000046081,0,0,0
110600,0,0,0.040000274199817658,0,0,-1.0849860000045857,0,0,0
110800,0,0,0.039783080799816739,0,0,-1.0869480000045633,0,0,0
111000,0,0,0.039565494999815827,0,0,-1.0889100000045409,0,0,0
111200,0,0,0.039347516799814922,0,0,-1.0908720000045184,0,0,0
111400,0,0,0.039129146199814016,0,0,-1.092834000004496,0,0,0
111600,0,0,0.038910383199813117,0,0,-1.0947960000044736,0,0,0
111800,0,0,0.038691227799812225,0,0,-1.0967580000044512,0,0,0
112000,0,0,0.03847167999981134,0,0,-1.0987200000044288,0,0,0
112200,0,0,0.038251739799810454,0,0,-1.1006820000044064,0,0,0
112400,0,0,0.038031407199809575,0,0,-1.102644000004384,0,0,0
112600,0,0,0.037810682199808703,0,0,-1.1046060000043616,0,0,0
112800,0,0,0.03758956479980783,0,0,-1.1065680000043392,0,0,0
113000,0,0,0.037368054999806964,0,0,-1.1085300000043168,0,0,0
113200,0,0,0.037146152799806105,0,0,-1.1104920000042944,0,0,0
113400,0,0,0.036923858199805246,0,0,-1.112454000004272,0,0,0
113600,0,0,0.036701171199804393,0,0,-1.1144160000042496,0,0,0
113800,0,0,0.036478091799803547,0,0,-1.1163780000042272,0,0,0
114000,0,0,0.036254619999802701,0,0,-1.1183400000042047,0,0,0
114200,0,0,0.036030755799801861,0,0,-1.1203020000041823,0,0,0
114400,0,0,0.035806499199801028,0,0,-1.1222640000041599,0,0,0
114600,0,0,0.035581850199800195,0,0,-1.1242260000041375,0,0,0
114800,0,0,0.035356808799799369,0,0,-1.1261880000041151,0,0,0
115000,0,0,0.035131374999798549,0,0,-1.1281500000040927,0,0,0
115200,0,0,0.03490554879979773,0,0,-1.1301120000040703,0,0,0
115400,0,0,0.034679330199796916,0,0,-1.1320740000040479,0,0,0
115600,0,0,0.03445271919979611,0,0,-1.1340360000040255,0,0,0
115800,0,0,0.034225715799795303,0,0,-1.1359980000040031,0,0,0
116000,0,0,0.033998319999794503,0,0,-1.1379600000039807,0,0,0
116200,0,0,0.03377053179979371,0,0,-1.1399220000039583,0,0,0
116400,0,0,0.033542351199792916,0,0,-1.1418840000039359,0,0,0
116600,0,0,0.03331377819979213,0,0,-1.1438460000039135,0,0,0
116800,0,0,0.033084812799791349,0,0,-1.145808000003891,0,0,0
117000,0,0,0.032855454999790576,0,0,-1.1477700000038686,0,0,0
117200,0,0,0.032625704799789802,0,0,-1.1497320000038462,0,0,0
117400,0,0,0.032395562199789035,0,0,-1.1516940000038238,0,0,0
117600,0,0,0.032165027199788275,0,0,-1.1536560000038014,0,0,0
117800,0,0,0.031934099799787515,0,0,-1.155618000003779,0,0,0
118000,0,0,0.031702779999786761,0,0,-1.1575800000037566,0,0,0
118200,0,0,0.031471067799786014,0,0,-1.1595420000037342,0,0,0
118400,0,0,0.031238963199785232,0,0,-1.1615040000037118,0,0,0
118600,0,0,0.031006466199784491,0,0,-1.1634660000036894,0,0,0
118800,0,0,0.030773576799783757,0,0,-1.165428000003667,0,0,0
119000,0,0,0.030540294999783026,0,0,-1.1673900000036446,0,0,0
119200,0,0,0.030306620799782299,0,0,-1.1693520000036222,0,0,0
119400,0,0,0.030072554199781578,0,0,-1.1713140000035998,0,0,0
119600,0,0,0.029838095199780861,0,0,-1.1732760000035773,0,0,0
119800,0,0,0.029603243799780146,0,0,-1.1752380000035549,0,0,0
120000,0,0,0.029367999999779439,0,0,-1.1772000000035325,0,0,0
120200,0,0,0.029132363799778734,0,0,-1.1791620000035101,0,0,0
120400,0,0,0.028896335199778033,0,0,-1.1811240000034877,0,0,0
120600,0,0,0.028659914199777339,0,0,-1.1830860000034653,0,0,0
120800,0,0,0.028423100799776651,0,0,-1.1850480000034429,0,0,0
121000,0,0,0.028185894999775963,0,0,-1.1870100000034205,0,0,0
121200,0,0,0.027948296799775282,0,0,-1.1889720000033981,0,0,0
121400,0,0,0.027710306199774607,0,0,-1.1909340000033757,0,0,0
121600,0,0,0.027471923199773932,0,0,-1.1928960000033533,0,0,0
121800,0,0,0.027233147799773264,0,0,-1.1948580000033309,0,0,0
122000,0,0,0.026993979999772603,0,0,-1.1968200000033085,0,0,0
122200,0,0,0.026754419799771941,0,0,-1.1987820000032861,0,0,0
122400,0,0,0.026514467199771286,0,0,-1.2007440000032636,0,0,0
122600,0,0,0.026274122199770638,0,0,-1.2027060000032412,0,0,0
122800,0,0,0.02603338479976999,0,0,-1.2046680000032188,0,0,0
123000,0,0,0.025792254999769348,0,0,-1.2066300000031964,0,0,0
123200,0,0,0.025550732799768713,0,0,-1.208592000003174,0,0,0
123400,0,0,0.025308818199768077,0,0,-1.2105540000031516,0,0,0
123600,0,0,0.025066511199767449,0,0,-1.2125160000031292,0,0,0
123800,0,0,0.024823811799766827,0,0,-1.2144780000031068,0,0,0
124000,0,0,0.024580719999766208,0,0,-1.2164400000030844,0,0,0
124200,0,0,0.024337235799765593,0,0,-1.218402000003062,0,0,0
124400,0,0,0.024093359199764984,0,0,-1.2203640000030396,0,0,0
124600,0,0,0.023849090199764379,0,0,-1.2223260000030172,0,0,0
124800,0,0,0.023604428799763776,0,0,-1.2242880000029948,0,0,0
125000,0,0,0.023359374999763181,0,0,-1.2262500000029724,0,0,0
125200,0,0,0.023113928799762588,0,0,-1.2282120000029499,0,0,0
125400,0,0,0.022868090199761999,0,0,-1.2301740000029275,0,0,0
125600,0,0,0.022621859199761417,0,0,-1.2321360000029051,0,0,0
125800,0,0,0.022375235799760838,0,0,-1.2340980000028827,0,0,0
126000,0,0,0.022128219999760262,0,0,-1.2360600000028603,0,0,0
126200,0,0,0.021880811799759693,0,0,-1.2380220000028379,0,0,0
126400,0,0,0.02163301119975913,0,0,-1.2399840000028155,0,0,0
126600,0,0,0.021384818199758567,0,0,-1.2419460000027931,0,0,0
126800,0,0,0.021136232799758011,0,0,-1.2439080000027707,0,0,0
127000,0,0,0.020887254999757462,0,0,-1.2458700000027483,0,0,0
127200,0,0,0.020637884799756912,0,0,-1.2478320000027259,0,0,0
127400,0,0,0.020388122199756369,0,0,-1.2497940000027035,0,0,0
127600,0,0,0.020137967199755833,0,0,-1.2517560000026811,0,0,0
127800,0,0,0.019887419799755297,0,0,-1.2537180000026587,0,0,0
128000,0,0,0.019636479999754767,0,0,-1.2556800000026362,0,0,0
128200,0,0,0.019385147799754244,0,0,-1.2576420000026138,0,0,0
128400,0,0,0.019133423199753721,0,0,-1.2596040000025914,0,0,0
128600,0,0,0.018881306199753204,0,0,-1.261566000002569,0,0,0
128800,0,0,0.018628796799752694,0,0,-1.2635280000025466,0,0,0
129000,0,0,0.018375894999752188,0,0,-1.2654900000025242,0,0,0
129200,0,0,0.018122600799751684,0,0,-1.2674520000025018,0,0,0
129400,0,0,0.017868914199751187,0,0,-1.2694140000024794,0,0,0
129600,0,0,0.017614835199750694,0,0,-1.271376000002457,0,0,0
129800,0,0,0.017360363799750204,0,0,-1.2733380000024346,0,0,0
130000,0,0,0.01710549999974972,0,0,-1.2753000000024122,0,0,0
130200,0,0,0.01685024379974924,0,0,-1.2772620000023898,0,0,0
130400,0,0,0.016594595199748763,0,0,-1.2792240000023674,0,0,0
130600,0,0,0.016338554199748292,0,0,-1.2811860000023449,0,0,0
130800,0,0,0.016082120799747825,0,0,-1.2831480000023225,0,0,0
131000,0,0,0.015825294999747361,0,0,-1.2851100000023001,0,0,0
131200,0,0,0.015568076799746871,0,0,-1.2870720000022777,0,0,0
131400,0,0,0.015310466199746419,0,0,-1.2890340000022553,0,0,0
131600,0,0,0.015052463199745968,0,0,-1.2909960000022329,0,0,0
131800,0,0,0.014794067799745524,0,0,-1.2929580000022105,0,0,0
132000,0,0,0.014535279999745087,0,0,-1.2949200000021881,0,0,0
132200,0,0,0.014276099799744649,0,0,-1.2968820000021657,0,0,0
132400,0,0,0.014016527199744219,0,0,-1.2988440000021433,0,0,0
132600,0,0,0.013756562199743794,0,0,-1.3008060000021209,0,0,0
132800,0,0,0.01349620479974337,0,0,-1.3027680000020985,0,0,0
133000,0,0,0.013235454999742952,0,0,-1.3047300000020761,0,0,0
133200,0,0,0.012974312799742541,0,0,-1.3066920000020537,0,0,0
133400,0,0,0.012712778199742132,0,0,-1.3086540000020312,0,0,0
133600,0,0,0.012450851199741727,0,0,-1.3106160000020088,0,0,0
133800,0,0,0.012188531799741329,0,0,-1.3125780000019864,0,0,0
134000,0,0,0.011925819999740933,0,0,-1.314540000001964,0,0,0
134200,0,0,0.011662715799740542,0,0,-1.3165020000019416,0,0,0
134400,0,0,0.011399219199740157,0,0,-1.3184640000019192,0,0,0
134600,0,0,0.011135330199739776,0,0,-1.3204260000018968,0,0,0
134800,0,0,0.010871048799739397,0,0,-1.3223880000018744,0,0,0
135000,0,0,0.010606374999739026,0,0,-1.324350000001852,0,0,0
135200,0,0,0.010341308799738658,0,0,-1.3263120000018296,0,0,0
135400,0,0,0.010075850199738293,0,0,-1.3282740000018072,0,0,0
135600,0,0,0.0098099991997379343,0,0,-1.3302360000017848,0,0,0
135800,0,0,0.009543755799737581,0,0,-1.3321980000017624,0,0,0
136000,0,0,0.0092771199997372291,0,0,-1.33416000000174,0,0,0
136200,0,0,0.0090100917997368839,0,0,-1.3361220000017175,0,0,0
136400,0,0,0.0087426711997365437,0,0,-1.3380840000016951,0,0,0
136600,0,0,0.008474858199736205,0,0,-1.3400460000016727,0,0,0
136800,0,0,0.0082066527997358731,0,0,-1.3420080000016503,0,0,0
137000,0,0,0.0079380549997355478,0,0,-1.3439700000016279,0,0,0
137200,0,0,0.0076690647997352214,0,0,-1.3459320000016055,0,0,0
137400,0,0,0.0073996821997349017,0,0,-1.3478940000015831,0,0,0
137600,0,0,0.0071299071997345861,0,0,-1.3498560000015607,0,0,0
137800,0,0,0.0068597397997342772,0,0,-1.3518180000015383,0,0,0
138000,0,0,0.0065891799997339715,0,0,-1.3537800000015159,0,0,0
138200,0,0,0.0063182277997336691,0,0,-1.3557420000014935,0,0,0
138400,0,0,0.0060468831997333734,0,0,-1.3577040000014711,0,0,0
138600,0,0,0.0057751461997330817,0,0,-1.3596660000014487,0,0,0
138800,0,0,0.0055030167997327925,0,0,-1.3616280000014263,0,0,0
139000,0,0,0.0052304949997325099,0,0,-1.3635900000014038,0,0,0
139200,0,0,0.0049576494188446982,0,0,-1.3601105267616305,0,0,0
139400,0,0,0.0047023706192303328,0,0,-1.1253545484237639,0,0,0
139600,0,0,0.0045361461404554862,0,0,-0.47567405489140968,0,0,0
139800,0,0,0.0045253486113934621,0,0,0.36611705893659618,0,0,0
140000,0,0,0.0046684253597287081,0,0,1.0028144738508358,0,0,0
140200,0,0,0.0048981422268069164,0,0,1.227747626282206,0,0,0
140400,0,0,0.0051438809345916575,0,0,1.2270639414392783,0,0,0
140600,0,0,0.0053890975228795164,0,0,1.2251019414393007,0,0,0
140800,0,0,0.0056339217111673794,0,0,1.2231399414393231,0,0,0
141000,0,0,0.0058783534994552447,0,0,1.2211779414393455,0,0,0
141200,0,0,0.0061223928877431168,0,0,1.219215941439368,0,0,0
141400,0,0,0.0063660398760309938,0,0,1.2172539414393904,0,0,0
141600,0,0,0.0066092944643188723,0,0,1.2152919414394128,0,0,0
141800,0,0,0.0068521566526067576,0,0,1.2133299414394352,0,0,0
142000,0,0,0.0070946264408946486,0,0,1.2113679414394576,0,0,0
142200,0,0,0.0073367038291825403,0,0,1.20940594143948,0,0,0
142400,0,0,0.0075783888174704387,0,0,1.2074439414395024,0,0,0
142600,0,0,0.0078196814057583386,0,0,1.2054819414395248,0,0,0
142800,0,0,0.0080605815940462469,0,0,1.2035199414395472,0,0,0
143000,0,0,0.0083010893823341602,0,0,1.2015579414395696,0,0,0
143200,0,0,0.008541204770622075,0,0,1.199595941439592,0,0,0
143400,0,0,0.0087809277589099965,0,0,1.1976339414396144,0,0,0
143600,0,0,0.0090202583471979229,0,0,1.1956719414396368,0,0,0
143800,0,0,0.0092591965354858509,0,0,1.1937099414396593,0,0,0
144000,0,0,0.0094977423237737855,0,0,1.1917479414396817,0,0,0
144200,0,0,0.0097358957120617269,0,0,1.1897859414397041,0,0,0
144400,0,0,0.009973656700349668,0,0,1.1878239414397265,0,0,0
144600,0,0,0.010211025288637616,0,0,1.1858619414397489,0,0,0
144800,0,0,0.01044800147692557,0,0,1.1838999414397713,0,0,0
145000,0,0,0.010684585265213525,0,0,1.1819379414397937,0,0,0
145200,0,0,0.010920776653501486,0,0,1.1799759414398161,0,0,0
145400,0,0,0.011156575641789453,0,0,1.1780139414398385,0,0,0
145600,0,0,0.011391982230077423,0,0,1.1760519414398609,0,0,0
145800,0,0,0.011626996418365397,0,0,1.1740899414398833,0,0,0
146000,0,0,0.011861618206653378,0,0,1.1721279414399057,0,0,0
146200,0,0,0.01209584759494136,0,0,1.1701659414399281,0,0,0
146400,0,0,0.012329684583229347,0,0,1.1682039414399505,0,0,0
146600,0,0,0.012563129171517341,0,0,1.166241941439973,0,0,0
146800,0,0,0.012796181359805339,0,0,1.1642799414399954,0,0,0
147000,0,0,0.013028841148093339,0,0,1.1623179414400178,0,0,0
147200,0,0,0.013261108536381346,0,0,1.1603559414400402,0,0,0
147400,0,0,0.013492983524669357,0,0,1.1583939414400626,0,0,0
147600,0,0,0.01372446611295737,0,0,1.156431941440085,0,0,0
147800,0,0,0.013955556301245391,0,0,1.1544699414401074,0,0,0
148000,0,0,0.014186254089533414,0,0,1.1525079414401298,0,0,0
148200,0,0,0.014416559477821441,0,0,1.1505459414401522,0,0,0
148400,0,0,0.014646472466109475,0,0,1.1485839414401746,0,0,0
148600,0,0,0.014875993054397513,0,0,1.146621941440197,0,0,0
148800,0,0,0.015105121242685553,0,0,1.1446599414402194,0,0,0
149000,0,0,0.0153338570309736,0,0,1.1426979414402418,0,0,0
149200,0,0,0.015562200419261651,0,0,1.1407359414402642,0,0,0
149400,0,0,0.015790151407549722,0,0,1.1387739414402867,0,0,0
149600,0,0,0.016017709995837782,0,0,1.1368119414403091,0,0,0
149800,0,0,0.016244876184125848,0,0,1.1348499414403315,0,0,0
150000,0,0,0.016471649972413915,0,0,1.1328879414403539,0,0,0
150200,0,0,0.016698031360701988,0,0,1.1309259414403763,0,0,0
150400,0,0,0.016924020348990067,0,0,1.1289639414403987,0,0,0
150600,0,0,0.017149616937278147,0,0,1.1270019414404211,0,0,0
150800,0,0,0.017374821125566233,0,0,1.1250399414404435,0,0,0
151000,0,0,0.017599632913854326,0,0,1.1230779414404659,0,0,0
151200,0,0,0.017824052302142419,0,0,1.1211159414404883,0,0,0
151400,0,0,0.018048079290430518,0,0,1.1191539414405107,0,0,0
151600,0,0,0.018271713878718624,0,0,1.1171919414405331,0,0,0
151800,0,0,0.018494956067006733,0,0,1.1152299414405555,0,0,0
152000,0,0,0.018717805855294846,0,0,1.1132679414405779,0,0,0
152200,0,0,0.018940263243582965,0,0,1.1113059414406004,0,0,0
152400,0,0,0.019162328231871088,0,0,1.1093439414406228,0,0,0
152600,0,0,0.019384000820159213,0,0,1.1073819414406452,0,0,0
152800,0,0,0.019605281008447346,0,0,1.1054199414406676,0,0,0
153000,0,0,0.019826168796735481,0,0,1.10345794144069,0,0,0
153200,0,0,0.02004666418502362,0,0,1.1014959414407124,0,0,0
153400,0,0,0.020266767173311766,0,0,1.0995339414407348,0,0,0
153600,0,0,0.020486477761599915,0,0,1.0975719414407572,0,0,0
153800,0,0,0.020705795949888067,0,0,1.0956099414407796,0,0,0
154000,0,0,0.020924721738176225,0,0,1.093647941440802,0,0,0
154200,0,0,0.021143255126464391,0,0,1.0916859414408244,0,0,0
154400,0,0,0.021361396114752556,0,0,1.0897239414408468,0,0,0
154600,0,0,0.021579144703040728,0,0,1.0877619414408692,0,0,0
154800,0,0,0.021796500891328906,0,0,1.0857999414408916,0,0,0
155000,0,0,0.022013464679617085,0,0,1.0838379414409141,0,0,0
155200,0,0,0.02223003606790527,0,0,1.0818759414409365,0,0,0
155400,0,0,0.022446215056193462,0,0,1.0799139414409589,0,0,0
155600,0,0,0.022662001644481653,0,0,1.0779519414409813,0,0,0
155800,0,0,0.022877395832769851,0,0,1.0759899414410037,0,0,0
156000,0,0,0.023092397621058056,0,0,1.0740279414410261,0,0,0
156200,0,0,0.023307007009346261,0,0,1.0720659414410485,0,0,0
156400,0,0,0.023521223997634472,0,0,1.0701039414410709,0,0,0
156600,0,0,0.02373504858592269,0,0,1.0681419414410933,0,0,0
156800,0,0,0.023948480774210912,0,0,1.0661799414411157,0,0,0
157000,0,0,0.024161520562499136,0,0,1.0642179414411381,0,0,0
157200,0,0,0.024374167950787368,0,0,1.0622559414411605,0,0,0
157400,0,0,0.024586422939075602,0,0,1.0602939414411829,0,0,0
157600,0,0,0.02479828552736384,0,0,1.0583319414412053,0,0,0
157800,0,0,0.025009755715652084,0,0,1.0563699414412278,0,0,0
158000,0,0,0.025220833503940332,0,0,1.0544079414412502,0,0,0
158200,0,0,0.025431518892228583,0,0,1.0524459414412726,0,0,0
158400,0,0,0.02564181188051684,0,0,1.050483941441295,0,0,0
158600,0,0,0.025851712468805101,0,0,1.0485219414413174,0,0,0
158800,0,0,0.026061220657093365,0,0,1.0465599414413398,0,0,0
159000,0,0,0.026270336445381636,0,0,1.0445979414413622,0,0,0
159200,0,0,0.026479059833669914,0,0,1.0426359414413846,0,0,0
159400,0,0,0.026687390821958191,0,0,1.040673941441407,0,0,0
159600,0,0,0.026895329410246475,0,0,1.0387119414414294,0,0,0
159800,0,0,0.027102875598534765,0,0,1.0367499414414518,0,0,0
160000,0,0,0.027310029386823056,0,0,1.0347879414414742,0,0,0
160200,0,0,0.027516790775111353,0,0,1.0328259414414966,0,0,0
160400,0,0,0.027723159763399657,0,0,1.030863941441519,0,0,0
160600,0,0,0.02792913635168796,0,0,1.0289019414415415,0,0,0
160800,0,0,0.028134720539976271,0,0,1.0269399414415639,0,0,0
161000,0,0,0.028339912328264587,0,0,1.0249779414415863,0,0,0
161200,0,0,0.028544711716552904,0,0,1.0230159414416087,0,0,0
161400,0,0,0.028749118704841228,0,0,1.0210539414416311,0,0,0
161600,0,0,0.028953133293129558,0,0,1.0190919414416535,0,0,0
161800,0,0,0.029156755481417891,0,0,1.0171299414416759,0,0,0
162000,0,0,0.029359985269706228,0,0,1.0151679414416983,0,0,0
162200,0,0,0.029562822657994571,0,0,1.0132059414417207,0,0,0
162400,0,0,0.029765267646282918,0,0,1.0112439414417431,0,0,0
162600,0,0,0.029967320234571267,0,0,1.0092819414417655,0,0,0
162800,0,0,0.030168980422859624,0,0,1.0073199414417879,0,0,0
163000,0,0,0.030370248211147984,0,0,1.0053579414418103,0,0,0
163200,0,0,0.030571123599436346,0,0,1.0033959414418328,0,0,0
163400,0,0,0.030771606587724716,0,0,1.0014339414418552,0,0,0
163600,0,0,0.030971697176013089,0,0,0.99947194144186557,0,0,0
163800,0,0,0.031171395364301462,0,0,0.99750994144184357,0,0,0
164000,0,0,0.031370701152589706,0,0,0.99554794144182157,0,0,0
164200,0,0,0.031569614540878074,0,0,0.99358594144179957,0,0,0
164400,0,0,0.031768135529166436,0,0,0.99162394144177757,0,0,0
164600,0,0,0.03196626411745479,0,0,0.98966194144175557,0,0,0
164800,0,0,0.032164000305743144,0,0,0.98769994144173356,0,0,0
165000,0,0,0.032361344094031491,0,0,0.98573794144171156,0,0,0
165200,0,0,0.032558295482319838,0,0,0.98377594144168956,0,0,0
165400,0,0,0.032754854470608177,0,0,0.98181394144166756,0,0,0
165600,0,0,0.03295102105889651,0,0,0.97985194144164556,0,0,0
165800,0,0,0.033146795247184842,0,0,0.97788994144162356,0,0,0
166000,0,0,0.033342177035473167,0,0,0.97592794144160155,0,0,0
166200,0,0,0.033537166423761491,0,0,0.97396594144157955,0,0,0
166400,0,0,0.033731763412049809,0,0,0.97200394144155755,0,0,0
166600,0,0,0.033925968000338119,0,0,0.97004194144153555,0,0,0
166800,0,0,0.034119780188626429,0,0,0.96807994144151355,0,0,0
167000,0,0,0.034313199976914732,0,0,0.96611794144149155,0,0,0
167200,0,0,0.034506227365203035,0,0,0.96415594144146954,0,0,0
167400,0,0,0.03469886235349133,0,0,0.96219394144144754,0,0,0
167600,0,0,0.034891104941779619,0,0,0.96023194144142554,0,0,0
167800,0,0,0.035082955130067907,0,0,0.95826994144140354,0,0,0
168000,0,0,0.035274412918356188,0,0,0.95630794144138154,0,0,0
168200,0,0,0.035465478306644461,0,0,0.95434594144135954,0,0,0
168400,0,0,0.035656151294932735,0,0,0.95238394144133753,0,0,0
168600,0,0,0.035846431883221001,0,0,0.95042194144131553,0,0,0
168800,0,0,0.036036320071509267,0,0,0.94845994144129353,0,0,0
169000,0,0,0.036225815859797526,0,0,0.94649794144127153,0,0,0
169200,0,0,0.036414919248085778,0,0,0.94453594144124953,0,0,0
169400,0,0,0.03660363023637403,0,0,0.94257394144122753,0,0,0
169600,0,0,0.036791948824662274,0,0,0.94061194144120552,0,0,0
169800,0,0,0.036979875012950518,0,0,0.93864994144118352,0,0,0
170000,0,0,0.037167408801238755,0,0,0.93668794144116152,0,0,0
170200,0,0,0.037354550189526985,0,0,0.93472594144113952,0,0,0
170400,0,0,0.037541299177815214,0,0,0.93276394144111752,0,0,0
170600,0,0,0.037727655766103436,0,0,0.93080194144109552,0,0,0
170800,0,0,0.037913619954391652,0,0,0.92883994144107351,0,0,0
171000,0,0,0.038099191742679867,0,0,0.92687794144105151,0,0,0
171200,0,0,0.038284371130968074,0,0,0.92491594144102951,0,0,0
171400,0,0,0.038469158119256282,0,0,0.92295394144100751,0,0,0
171600,0,0,0.038653552707544482,0,0,0.92099194144098551,0,0,0
171800,0,0,0.038837554895832675,0,0,0.9190299414409635,0,0,0
172000,0,0,0.039021164684120868,0,0,0.9170679414409415,0,0,0
172200,0,0,0.039204382072409054,0,0,0.9151059414409195,0,0,0
172400,0,0,0.039387207060697239,0,0,0.9131439414408975,0,0,0
172600,0,0,0.039569639648985418,0,0,0.9111819414408755,0,0,0
172800,0,0,0.039751679837273589,0,0,0.9092199414408535,0,0,0
173000,0,0,0.03993332762556176,0,0,0.90725794144083149,0,0,0
173200,0,0,0.040114583013849923,0,0,0.90529594144080949,0,0,0
173400,0,0,0.040295446002138087,0,0,0.90333394144078749,0,0,0
173600,0,0,0.040475916590426243,0,0,0.90137194144076549,0,0,0
173800,0,0,0.040655994778714392,0,0,0.89940994144074349,0,0,0
174000,0,0,0.040835680567002541,0,0,0.89744794144072149,0,0,0
174200,0,0,0.041014973955290683,0,0,0.89548594144069948,0,0,0
174400,0,0,0.041193874943578818,0,0,0.89352394144067748,0,0,0
174600,0,0,0.041372383531866952,0,0,0.89156194144065548,0,0,0
174800,0,0,0.041550499720155079,0,0,0.88959994144063348,0,0,0
175000,0,0,0.041728223508443206,0,0,0.88763794144061148,0,0,0
175200,0,0,0.041905554896731326,0,0,0.88567594144058948,0,0,0
175400,0,0,0.042082493885019438,0,0,0.88371394144056747,0,0,0
175600,0,0,0.042259040473307551,0,0,0.88175194144054547,0,0,0
175800,0,0,0.042435194661595656,0,0,0.87978994144052347,0,0,0
176000,0,0,0.042610956449883761,0,0,0.87782794144050147,0,0,0
176200,0,0,0.042786325838171858,0,0,0.87586594144047947,0,0,0
176400,0,0,0.042961302826459949,0,0,0.87390394144045747,0,0,0
176600,0,0,0.043135887414748039,0,0,0.87194194144043546,0,0,0
176800,0,0,0.043310079603036122,0,0,0.86997994144041346,0,0,0
177000,0,0,0.043483879391324198,0,0,0.86801794144039146,0,0,0
177200,0,0,0.043657286779612274,0,0,0.86605594144036946,0,0,0
177400,0,0,0.043830301767900343,0,0,0.86409394144034746,0,0,0
177600,0,0,0.044002924356188411,0,0,0.86213194144032546,0,0,0
177800,0,0,0.044175154544476472,0,0,0.86016994144030345,0,0,0
178000,0,0,0.044346992332764526,0,0,0.85820794144028145,0,0,0
178200,0,0,0.04451843772105258,0,0,0.85624594144025945,0,0,0
178400,0,0,0.044689490709340626,0,0,0.85428394144023745,0,0,0
178600,0,0,0.044860151297628673,0,0,0.85232194144021545,0,0,0
178800,0,0,0.045030419485916712,0,0,0.85035994144019345,0,0,0
179000,0,0,0.045200295274204744,0,0,0.84839794144017144,0,0,0
179200,0,0,0.045369778662492775,0,0,0.84643594144014944,0,0,0
179400,0,0,0.0455388696507808,0,0,0.84447394144012744,0,0,0
179600,0,0,0.045707568239068824,0,0,0.84251194144010544,0,0,0
179800,0,0,0.045875874427356841,0,0,0.84054994144008344,0,0,0
180000,0,0,0.046043788215644851,0,0,0.83858794144006144,0,0,0
180200,0,0,0.046211309603932861,0,0,0.83662594144003943,0,0,0
180400,0,0,0.046378438592220864,0,0,0.83466394144001743,0,0,0
180600,0,0,0.046545175180508859,0,0,0.83270194143999543,0,0,0
180800,0,0,0.046711519368796854,0,0,0.83073994143997343,0,0,0
181000,0,0,0.046877471157084842,0,0,0.82877794143995143,0,0,0
181200,0,0,0.04704303054537283,0,0,0.82681594143992942,0,0,0
181400,0,0,0.04720819753366081,0,0,0.82485394143990742,0,0,0
181600,0,0,0.047372972121948784,0,0,0.82289194143988542,0,0,0
181800,0,0,0.047537354310236757,0,0,0.82092994143986342,0,0,0
182000,0,0,0.047701344098524723,0,0,0.81896794143984142,0,0,0
182200,0,0,0.047864941486812689,0,0,0.81700594143981942,0,0,0
182400,0,0,0.048028146475100647,0,0,0.81504394143979741,0,0,0
182600,0,0,0.048190959063388598,0,0,0.81308194143977541,0,0,0
182800,0,0,0.04835337925167655,0,0,0.81111994143975341,0,0,0
183000,0,0,0.048515407039964493,0,0,0.80915794143973141,0,0,0
183200,0,0,0.04867704242825243,0,0,0.80719594143970941,0,0,0
183400,0,0,0.048838285416540367,0,0,0.80523394143968741,0,0,0
183600,0,0,0.048999136004828296,0,0,0.8032719414396654,0,0,0
183800,0,0,0.049159594193116225,0,0,0.8013099414396434,0,0,0
184000,0,0,0.049319659981404147,0,0,0.7993479414396214,0,0,0
184200,0,0,0.049479333369692062,0,0,0.7973859414395994,0,0,0
184400,0,0,0.049638614357979977,0,0,0.7954239414395774,0,0,0
184600,0,0,0.049797502946267884,0,0,0.7934619414395554,0,0,0
184800,0,0,0.049955999134555791,0,0,0.79149994143953339,0,0,0
185000,0,0,0.050114102922843691,0,0,0.78953794143951139,0,0,0
185200,0,0,0.050271814311131584,0,0,0.78757594143948939,0,0,0
185400,0,0,0.050429133299419476,0,0,0.78561394143946739,0,0,0
185600,0,0,0.050586059887707362,0,0,0.78365194143944539,0,0,0
185800,0,0,0.050742594075995247,0,0,0.78168994143942339,0,0,0
186000,0,0,0.050898735864283125,0,0,0.77972794143940138,0,0,0
186200,0,0,0.051054485252570996,0,0,0.77776594143937938,0,0,0
186400,0,0,0.051209842240858866,0,0,0.77580394143935738,0,0,0
186600,0,0,0.051364806829146729,0,0,0.77384194143933538,0,0,0
186800,0,0,0.051519379017434586,0,0,0.77187994143931338,0,0,0
187000,0,0,0.051673558805722442,0,0,0.76991794143929138,0,0,0
187200,0,0,0.051827346194010304,0,0,0.76795594143926937,0,0,0
187400,0,0,0.05198074118229816,0,0,0.76599394143924737,0,0,0
187600,0,0,0.052133743770586015,0,0,0.76403194143922537,0,0,0
187800,0,0,0.052286353958873863,0,0,0.76206994143920337,0,0,0
188000,0,0,0.052438571747161704,0,0,0.76010794143918137,0,0,0
188200,0,0,0.052590397135449544,0,0,0.75814594143915937,0,0,0
188400,0,0,0.052741830123737378,0,0,0.75618394143913736,0,0,0
188600,0,0,0.052892870712025211,0,0,0.75422194143911536,0,0,0
188800,0,0,0.053043518900313037,0,0,0.75225994143909336,0,0,0
189000,0,0,0.053193774688600856,0,0,0.75029794143907136,0,0,0
189200,0,0,0.053343638076888675,0,0,0.74833594143904936,0,0,0
189400,0,0,0.053493109065176486,0,0,0.74637394143902736,0,0,0
189600,0,0,0.053642187653464291,0,0,0.74441194143900535,0,0,0
189800,0,0,0.053790873841752095,0,0,0.74244994143898335,0,0,0
190000,0,0,0.053939167630039891,0,0,0.74048794143896135,0,0,0
190200,0,0,0.054087069018327688,0,0,0.73852594143893935,0,0,0
190400,0,0,0.054234578006615478,0,0,0.73656394143891735,0,0,0
190600,0,0,0.05438169459490326,0,0,0.73460194143889535,0,0,0
190800,0,0,0.054528418783191042,0,0,0.73263994143887334,0,0,0
191000,0,0,0.054674750571478817,0,0,0.73067794143885134,0,0,0
191200,0,0,0.054820689959766591,0,0,0.72871594143882934,0,0,0
191400,0,0,0.054966236948054359,0,0,0.72675394143880734,0,0,0
191600,0,0,0.055111391536342119,0,0,0.72479194143878534,0,0,0
191800,0,0,0.055256153724629879,0,0,0.72282994143876333,0,0,0
192000,0,0,0.055400523512917632,0,0,0.72086794143874133,0,0,0
192200,0,0,0.055544500901205385,0,0,0.71890594143871933,0,0,0
192400,0,0,0.05568808588949313,0,0,0.71694394143869733,0,0,0
192600,0,0,0.055831278477780868,0,0,0.71498194143867533,0,0,0
192800,0,0,0.055974078666068607,0,0,0.71301994143865333,0,0,0
193000,0,0,0.056116486454356337,0,0,0.71105794143863132,0,0,0
193200,0,0,0.056258501842644061,0,0,0.70909594143860932,0,0,0
193400,0,0,0.056400124830931785,0,0,0.70713394143858732,0,0,0
193600,0,0,0.056541355419219501,0,0,0.70517194143856532,0,0,0
193800,0,0,0.056682193607507217,0,0,0.70320994143854332,0,0,0
194000,0,0,0.056822639395794926,0,0,0.70124794143852132,0,0,0
194200,0,0,0.056962692784082627,0,0,0.69928594143849931,0,0,0
194400,0,0,0.057102353772370329,0,0,0.69732394143847731,0,0,0
194600,0,0,0.057241622360658023,0,0,0.69536194143845531,0,0,0
194800,0,0,0.057380498548945717,0,0,0.69339994143843331,0,0,0
195000,0,0,0.057518982337233404,0,0,0.69143794143841131,0,0,0
195200,0,0,0.057657073725521084,0,0,0.68947594143838931,0,0,0
195400,0,0,0.057794772713808763,0,0,0.6875139414383673,0,0,0
195600,0,0,0.057932079302096436,0,0,0.6855519414383453,0,0,0
195800,0,0,0.058068993490384101,0,0,0.6835899414383233,0,0,0
196000,0,0,0.058205515278671766,0,0,0.6816279414383013,0,0,0
196200,0,0,0.058341644666959423,0,0,0.6796659414382793,0,0,0
196400,0,0,0.058477381655247081,0,0,0.6777039414382573,0,0,0
196600,0,0,0.058612726243534731,0,0,0.67574194143823529,0,0,0
196800,0,0,0.058747678431822374,0,0,0.67377994143821329,0,0,0
197000,0,0,0.058882238220110017,0,0,0.67181794143819129,0,0,0
197200,0,0,0.059016405608397653,0,0,0.66985594143816929,0,0,0
197400,0,0,0.059150180596685288,0,0,0.66789394143814729,0,0,0
197600,0,0,0.059283563184972916,0,0,0.66593194143812529,0,0,0
197800,0,0,0.059416553373260537,0,0,0.66396994143810328,0,0,0
198000,0,0,0.059549151161548158,0,0,0.66200794143808128,0,0,0
198200,0,0,0.059681356549835772,0,0,0.66004594143805928,0,0,0
198400,0,0,0.059813169538123385,0,0,0.65808394143803728,0,0,0
198600,0,0,0.059944590126410992,0,0,0.65612194143801528,0,0,0
198800,0,0,0.060075618314698591,0,0,0.65415994143799328,0,0,0
199000,0,0,0.06020625410298619,0,0,0.65219794143797127,0,0,0
199200,0,0,0.060336497491273781,0,0,0.65023594143794927,0,0,0
199400,0,0,0.060466348479561366,0,0,0.64827394143792727,0,0,0
199600,0,0,0.06059580706784895,0,0,0.64631194143790527,0,0,0
199800,0,0,0.060724873256136527,0,0,0.64434994143788327,0,0,0
200000,0,0,0.060853547044424104,0,0,0.64238794143786127,0,0,0
200200,0,0,0.060981828432711674,0,0,0.64042594143783926,0,0,0
200400,0,0,0.061109717420999236,0,0,0.63846394143781726,0,0,0
200600,0,0,0.061237214009286799,0,0,0.63650194143779526,0,0,0
200800,0,0,0.061364318197574354,0,0,0.63453994143777326,0,0,0
201000,0,0,0.061491029985861909,0,0,0.63257794143775126,0,0,0
201200,0,0,0.061617349374149456,0,0,0.63061594143772925,0,0,0
201400,0,0,0.061743276362436997,0,0,0.62865394143770725,0,0,0
201600,0,0,0.061868810950724537,0,0,0.62669194143768525,0,0,0
201800,0,0,0.06199395313901207,0,0,0.62472994143766325,0,0,0
202000,0,0,0.062118702927299596,0,0,0.62276794143764125,0,0,0
202200,0,0,0.062243060315587122,0,0,0.62080594143761925,0,0,0
202400,0,0,0.06236702530387464,0,0,0.61884394143759724,0,0,0
202600,0,0,0.062490597892162159,0,0,0.61688194143757524,0,0,0
202800,0,0,0.062613778080449156,0,0,0.61491994143755324,0,0,0
203000,0,0,0.062736565868737174,0,0,0.61295794143753124,0,0,0
203200,0,0,0.062858961257024185,0,0,0.61099594143750924,0,0,0
203400,0,0,0.062980964245312174,0,0,0.60903394143748724,0,0,0
203600,0,0,0.063102574833599198,0,0,0.60707194143746523,0,0,0
203800,0,0,0.063223793021887159,0,0,0.60510994143744323,0,0,0
204000,0,0,0.063344618810174197,0,0,0.60314794143742123,0,0,0
204200,0,0,0.06346505219846213,0,0,0.60118594143739923,0,0,0
204400,0,0,0.063585093186749181,0,0,0.59922394143737723,0,0,0
204600,0,0,0.063704741775037071,0,0,0.59726194143735523,0,0,0
204800,0,0,0.063823997963324136,0,0,0.59529994143733322,0,0,0
205000,0,0,0.063942861751611998,0,0,0.59333794143731122,0,0,0
205200,0,0,0.064061333139899077,0,0,0.59137594143728922,0,0,0
205400,0,0,0.064179412128186911,0,0,0.58941394143726722,0,0,0
205600,0,0,0.064297098716474002,0,0,0.58745194143724522,0,0,0
205800,0,0,0.064414392904761808,0,0,0.58548994143722322,0,0,0
206000,0,0,0.064531294693048913,0,0,0.58352794143720121,0,0,0
206200,0,0,0.064647804081336677,0,0,0.58156594143717921,0,0,0
206400,0,0,0.064763921069623795,0,0,0.57960394143715721,0,0,0
206600,0,0,0.06487964565791153,0,0,0.57764194143713521,0,0,0
206800,0,0,0.064994977846198662,0,0,0.57567994143711321,0,0,0
207000,0,0,0.065109917634486369,0,0,0.57371794143709121,0,0,0
207200,0,0,0.065224465022773515,0,0,0.5717559414370692,0,0,0
207400,0,0,0.065338620011061194,0,0,0.5697939414370472,0,0,0
207600,0,0,0.065452382599348352,0,0,0.5678319414370252,0,0,0
207800,0,0,0.065565752787636003,0,0,0.5658699414370032,0,0,0
208000,0,0,0.065678730575923175,0,0,0.5639079414369812,0,0,0
208200,0,0,0.065791315964210784,0,0,0.5619459414369592,0,0,0
208400,0,0,0.065903508952497969,0,0,0.55998394143693719,0,0,0
208600,0,0,0.066015309540785549,0,0,0.55802194143691519,0,0,0
208800,0,0,0.066126717729072748,0,0,0.55605994143689319,0,0,0
209000,0,0,0.0662377335173603,0,0,0.55409794143687119,0,0,0
209200,0,0,0.066348356905647513,0,0,0.55213594143684919,0,0,0
209400,0,0,0.066458587893935037,0,0,0.55017394143682719,0,0,0
209600,0,0,0.066568426482222262,0,0,0.54821194143680518,0,0,0
209800,0,0,0.066677872670509744,0,0,0.54624994143678318,0,0,0
210000,0,0,0.066786926458796983,0,0,0.54428794143676118,0,0,0
210200,0,0,0.066895587847084437,0,0,0.54232594143673918,0,0,0
210400,0,0,0.067003856835371689,0,0,0.54036394143671718,0,0,0
210600,0,0,0.067111733423659115,0,0,0.53840194143669518,0,0,0
210800,0,0,0.06721921761194638,0,0,0.53643994143667317,0,0,0
211000,0,0,0.067326309400233778,0,0,0.53447794143665117,0,0,0
211200,0,0,0.067433008788521057,0,0,0.53251594143662917,0,0,0
211400,0,0,0.067539315776808412,0,0,0.53055394143660717,0,0,0
211600,0,0,0.067645230365095704,0,0,0.52859194143658517,0,0,0
211800,0,0,0.067750752553383031,0,0,0.52662994143656316,0,0,0
212000,0,0,0.067855882341670337,0,0,0.52466794143654116,0,0,0
212200,0,0,0.067960619729957636,0,0,0.52270594143651916,0,0,0
212400,0,0,0.068064964718244955,0,0,0.52074394143649716,0,0,0
212600,0,0,0.068168917306532226,0,0,0.51878194143647516,0,0,0
212800,0,0,0.068272477494819558,0,0,0.51681994143645316,0,0,0
213000,0,0,0.068375645283106801,0,0,0.51485794143643115,0,0,0
213200,0,0,0.068478420671394147,0,0,0.51289594143640915,0,0,0
213400,0,0,0.068580803659681347,0,0,0.51093394143638715,0,0,0
213600,0,0,0.068682794247968706,0,0,0.50897194143636515,0,0,0
213800,0,0,0.068784392436255878,0,0,0.50700994143634315,0,0,0
214000,0,0,0.068885598224543251,0,0,0.50504794143632115,0,0,0
214200,0,0,0.068986411612830395,0,0,0.50308594143629914,0,0,0
214400,0,0,0.069086832601117781,0,0,0.50112394143627714,0,0,0
214600,0,0,0.069186861189404897,0,0,0.49916194143626463,0,0,0
214800,0,0,0.069286497377692297,0,0,0.49719994143626484,0,0,0
215000,0,0,0.069385741165979398,0,0,0.49523794143626504,0,0,0
215200,0,0,0.069484592554266811,0,0,0.49327594143626524,0,0,0
215400,0,0,0.069583051542553898,0,0,0.49131394143626544,0,0,0
215600,0,0,0.069681118130841324,0,0,0.48935194143626565,0,0,0
215800,0,0,0.069778792319128397,0,0,0.48738994143626585,0,0,0
216000,0,0,0.069876074107415836,0,0,0.48542794143626605,0,0,0
216200,0,0,0.069972963495702895,0,0,0.48346594143626626,0,0,0
216400,0,0,0.070069460483990348,0,0,0.48150394143626646,0,0,0
216600,0,0,0.070165565072277392,0,0,0.47954194143626666,0,0,0
216800,0,0,0.070261277260564858,0,0,0.47757994143626686,0,0,0
217000,0,0,0.070356597048851888,0,0,0.47561794143626707,0,0,0
217200,0,0,0.070451524437139368,0,0,0.47365594143626727,0,0,0
217400,0,0,0.070546059425426383,0,0,0.47169394143626747,0,0,0
217600,0,0,0.070640202013713876,0,0,0.46973194143626767,0,0,0
217800,0,0,0.070733952202000877,0,0,0.46776994143626788,0,0,0
218000,0,0,0.070827309990288384,0,0,0.46580794143626808,0,0,0
218200,0,0,0.07092027537857537,0,0,0.46384594143626828,0,0,0
218400,0,0,0.071012848366862891,0,0,0.46188394143626849,0,0,0
218600,0,0,0.071105028955149863,0,0,0.45992194143626869,0,0,0
218800,0,0,0.071196817143437396,0,0,0.45795994143626889,0,0,0
219000,0,0,0.071288212931724354,0,0,0.45599794143626909,0,0,0
219200,0,0,0.071379216320011901,0,0,0.4540359414362693,0,0,0
219400,0,0,0.071469827308298858,0,0,0.4520739414362695,0,0,0
219600,0,0,0.071560045896586419,0,0,0.4501119414362697,0,0,0
219800,0,0,0.071649872084873362,0,0,0.44814994143626991,0,0,0
220000,0,0,0.071739305873160936,0,0,0.44618794143627011,0,0,0
220200,0,0,0.071828347261447864,0,0,0.44422594143627031,0,0,0
220400,0,0,0.071916996249735451,0,0,0.44226394143627051,0,0,0
220600,0,0,0.072005252838022366,0,0,0.44030194143627072,0,0,0
220800,0,0,0.072093117026309966,0,0,0.43833994143627092,0,0,0
221000,0,0,0.072180588814596866,0,0,0.43637794143627112,0,0,0
221200,0,0,0.07226766820288448,0,0,0.43441594143627132,0,0,0
221400,0,0,0.072354355191171366,0,0,0.43245394143627153,0,0,0
221600,0,0,0.072440649779458993,0,0,0.43049194143627173,0,0,0
221800,0,0,0.072526551967745864,0,0,0.42852994143627193,0,0,0
222000,0,0,0.072612061756033505,0,0,0.42656794143627214,0,0,0
222200,0,0,0.072697179144320362,0,0,0.42460594143627234,0,0,0
222400,0,0,0.072781904132608016,0,0,0.42264394143627254,0,0,0
222600,0,0,0.072866236720894859,0,0,0.42068194143627274,0,0,0
222800,0,0,0.072950176909182526,0,0,0.41871994143627295,0,0,0
223000,0,0,0.073033724697469354,0,0,0.41675794143627315,0,0,0
223200,0,0,0.073116880085757036,0,0,0.41479594143627335,0,0,0
223400,0,0,0.073199643074043849,0,0,0.41283394143627355,0,0,0
223600,0,0,0.073282013662331544,0,0,0.41087194143627376,0,0,0
223800,0,0,0.073363991850618343,0,0,0.40890994143627396,0,0,0
224000,0,0,0.073445577638906051,0,0,0.40694794143627416,0,0,0
224200,0,0,0.073526771027192836,0,0,0.40498594143627437,0,0,0
224400,0,0,0.073607572015480557,0,0,0.40302394143627457,0,0,0
224600,0,0,0.073687980603767328,0,0,0.40106194143627477,0,0,0
224800,0,0,0.073767996792055063,0,0,0.39909994143627497,0,0,0
225000,0,0,0.073847620580341833,0,0,0.39713794143627518,0,0,0
225200,0,0,0.073926851968629581,0,0,0.39517594143627538,0,0,0
225400,0,0,0.074005690956916337,0,0,0.39321394143627558,0,0,0
225600,0,0,0.074084137545204098,0,0,0.39125194143627579,0,0,0
225800,0,0,0.07416219173349084,0,0,0.38928994143627599,0,0,0
226000,0,0,0.074239853521778615,0,0,0.38732794143627619,0,0,0
226200,0,0,0.074317122910065342,0,0,0.38536594143627639,0,0,0
226400,0,0,0.07439399989835313,0,0,0.3834039414362766,0,0,0
226600,0,0,0.074470484486639843,0,0,0.3814419414362768,0,0,0
226800,0,0,0.074546576674927645,0,0,0.379479941436277,0,0,0
227000,0,0,0.074622276463214343,0,0,0.3775179414362772,0,0,0
227200,0,0,0.074697583851502158,0,0,0.37555594143627741,0,0,0
227400,0,0,0.074772498839788842,0,0,0.37359394143627761,0,0,0
227600,0,0,0.074847021428076671,0,0,0.37163194143627781,0,0,0
227800,0,0,0.074921151616363341,0,0,0.36966994143627802,0,0,0
228000,0,0,0.074994889404651183,0,0,0.36770794143627822,0,0,0
228200,0,0,0.075068234792937838,0,0,0.36574594143627842,0,0,0
228400,0,0,0.075141187781225693,0,0,0.36378394143627862,0,0,0
228600,0,0,0.075213748369512334,0,0,0.36182194143627883,0,0,0
228800,0,0,0.075285916557800203,0,0,0.35985994143627903,0,0,0
229000,0,0,0.07535769234608683,0,0,0.35789794143627923,0,0,0
229200,0,0,0.075429075734374712,0,0,0.35593594143627943,0,0,0
229400,0,0,0.075500066722661324,0,0,0.35397394143627964,0,0,0
229600,0,0,0.07557066531094922,0,0,0.35201194143627984,0,0,0
229800,0,0,0.075640871499235818,0,0,0.35004994143628004,0,0,0
230000,0,0,0.075710685287523727,0,0,0.34808794143628025,0,0,0
230200,0,0,0.07578010667581031,0,0,0.34612594143628045,0,0,0
230400,0,0,0.075849135664098233,0,0,0.34416394143628065,0,0,0
230600,0,0,0.075917772252384816,0,0,0.34220194143628085,0,0,0
230800,0,0,0.075986016440672752,0,0,0.34023994143628106,0,0,0
231000,0,0,0.07605386822895932,0,0,0.33827794143628126,0,0,0
231200,0,0,0.07612132761724727,0,0,0.33631594143628146,0,0,0
231400,0,0,0.076188394605533838,0,0,0.33435394143628167,0,0,0
231600,0,0,0.076255069193821787,0,0,0.33239194143628187,0,0,0
231800,0,0,0.076321351382108368,0,0,0.33042994143628207,0,0,0
232000,0,0,0.076387241170396303,0,0,0.32846794143628227,0,0,0
232200,0,0,0.076452738558682898,0,0,0.32650594143628248,0,0,0
232400,0,0,0.076517843546970818,0,0,0.32454394143628268,0,0,0
232600,0,0,0.076582556135257426,0,0,0.32258194143628288,0,0,0
232800,0,0,0.076646876323545332,0,0,0.32061994143628308,0,0,0
233000,0,0,0.076710804111831954,0,0,0.31865794143628329,0,0,0
233200,0,0,0.076774339500119845,0,0,0.31669594143628349,0,0,0
233400,0,0,0.076837482488406481,0,0,0.31473394143628369,0,0,0
233600,0,0,0.076900233076694358,0,0,0.3127719414362839,0,0,0
233800,0,0,0.076962591264981006,0,0,0.3108099414362841,0,0,0
234000,0,0,0.077024557053268869,0,0,0.3088479414362843,0,0,0
234200,0,0,0.077086130441555531,0,0,0.3068859414362845,0,0,0
234400,0,0,0.077147311429843379,0,0,0.30492394143628471,0,0,0
234600,0,0,0.077208100018130055,0,0,0.30296194143628491,0,0,0
234800,0,0,0.077268496206417889,0,0,0.30099994143628511,0,0,0
235000,0,0,0.077328499994704578,0,0,0.29903794143628531,0,0,0
235200,0,0,0.077388111382992397,0,0,0.29707594143628552,0,0,0
235400,0,0,0.077447330371279099,0,0,0.29511394143628572,0,0,0
235600,0,0,0.077506156959566905,0,0,0.29315194143628592,0,0,0
235800,0,0,0.07756459114785362,0,0,0.29118994143628613,0,0,0
236000,0,0,0.077622632936141411,0,0,0.28922794143628633,0,0,0
236200,0,0,0.07768028232442814,0,0,0.28726594143628653,0,0,0
236400,0,0,0.077737539312715931,0,0,0.28530394143628673,0,0,0
236600,0,0,0.077794403901002673,0,0,0.28334194143628694,0,0,0
236800,0,0,0.077850876089290449,0,0,0.28137994143628714,0,0,0
237000,0,0,0.077906955877577205,0,0,0.27941794143628734,0,0,0
237200,0,0,0.077962643265864967,0,0,0.27745594143628755,0,0,0
237400,0,0,0.078017938254151736,0,0,0.27549394143628775,0,0,0
237600,0,0,0.078072840842439484,0,0,0.27353194143628795,0,0,0
237800,0,0,0.078127351030726266,0,0,0.27156994143628815,0,0,0
238000,0,0,0.078181468819013999,0,0,0.26960794143628836,0,0,0
238200,0,0,0.078235194207300796,0,0,0.26764594143628856,0,0,0
238400,0,0,0.078288527195588514,0,0,0.26568394143628876,0,0,0
238600,0,0,0.078341467783875324,0,0,0.26372194143628896,0,0,0
238800,0,0,0.078394015972163028,0,0,0.26175994143628917,0,0,0
239000,0,0,0.078446171760449851,0,0,0.25979794143628937,0,0,0
239200,0,0,0.078497935148737541,0,0,0.25783594143628957,0,0,0
239400,0,0,0.078549306137024377,0,0,0.25587394143628978,0,0,0
239600,0,0,0.078600284725312053,0,0,0.25391194143628998,0,0,0
239800,0,0,0.078650870913598903,0,0,0.25194994143629018,0,0,0
240000,0,0,0.078701064701886564,0,0,0.24998794143629038,0,0,0
240200,0,0,0.078750866090173427,0,0,0.24802594143629059,0,0,0
240400,0,0,0.078800275078461074,0,0,0.24606394143629079,0,0,0
240600,0,0,0.07884929166674795,0,0,0.24410194143629099,0,0,0
240800,0,0,0.078897915855035583,0,0,0.2421399414362912,0,0,0
241000,0,0,0.078946147643322473,0,0,0.2401779414362914,0,0,0
241200,0,0,0.078993987031610091,0,0,0.2382159414362916,0,0,0
241400,0,0,0.079041434019896994,0,0,0.2362539414362918,0,0,0
241600,0,0,0.079088488608184598,0,0,0.23429194143629201,0,0,0
241800,0,0,0.079135150796471515,0,0,0.23232994143629221,0,0,0
242000,0,0,0.079181420584759118,0,0,0.23036794143629241,0,0,0
242200,0,0,0.079227297973046049,0,0,0.22840594143629261,0,0,0
242400,0,0,0.079272782961333638,0,0,0.22644394143629282,0,0,0
242600,0,0,0.079317875549620581,0,0,0.22448194143629302,0,0,0
242800,0,0,0.079362575737908156,0,0,0.22251994143629322,0,0,0
243000,0,0,0.079406883526195113,0,0,0.22055794143629343,0,0,0
243200,0,0,0.079450798914482673,0,0,0.21859594143629363,0,0,0
243400,0,0,0.079494321902769643,0,0,0.21663394143629383,0,0,0
243600,0,0,0.07953745249105719,0,0,0.21467194143629403,0,0,0
243800,0,0,0.079580190679344173,0,0,0.21270994143629424,0,0,0
244000,0,0,0.079622536467631705,0,0,0.21074794143629444,0,0,0
244200,0,0,0.079664489855918702,0,0,0.20878594143629464,0,0,0
244400,0,0,0.079706050844206219,0,0,0.20682394143629484,0,0,0
244600,0,0,0.07974721943249323,0,0,0.20486194143629505,0,0,0
244800,0,0,0.079787995620780733,0,0,0.20289994143629525,0,0,0
245000,0,0,0.079828379409067757,0,0,0.20093794143629545,0,0,0
245200,0,0,0.079868370797355245,0,0,0.19897594143629566,0,0,0
245400,0,0,0.079907969785642283,0,0,0.19701394143629586,0,0,0
245600,0,0,0.079947176373929757,0,0,0.19505194143629606,0,0,0
245800,0,0,0.079985990562216808,0,0,0.19308994143629626,0,0,0
246000,0,0,0.080024412350504268,0,0,0.19112794143629647,0,0,0
246200,0,0,0.080062441738791332,0,0,0.18916594143629667,0,0,0
246400,0,0,0.080100078727078777,0,0,0.18720394143629687,0,0,0
246600,0,0,0.080137323315365855,0,0,0.18524194143629708,0,0,0
246800,0,0,0.080174175503653286,0,0,0.18327994143629728,0,0,0
247000,0,0,0.080210635291940377,0,0,0.18131794143629748,0,0,0
247200,0,0,0.080246702680227794,0,0,0.17935594143629768,0,0,0
247400,0,0,0.080282377668514898,0,0,0.17739394143629789,0,0,0
247600,0,0,0.080317660256802315,0,0,0.17543194143629809,0,0,0
247800,0,0,0.080352550445089432,0,0,0.17346994143629829,0,0,0
248000,0,0,0.080387048233376834,0,0,0.17150794143629849,0,0,0
248200,0,0,0.080421153621663966,0,0,0.1695459414362987,0,0,0
248400,0,0,0.080454866609951353,0,0,0.1675839414362989,0,0,0
248600,0,0,0.080488187198238498,0,0,0.1656219414362991,0,0,0
248800,0,0,0.080521115386525871,0,0,0.16365994143629931,0,0,0
249000,0,0,0.080553651174813029,0,0,0.16169794143629951,0,0,0
249200,0,0,0.080585794563100388,0,0,0.15973594143629971,0,0,0
249400,0,0,0.080617545551387559,0,0,0.15777394143629991,0,0,0
249600,0,0,0.080648904139674904,0,0,0.15581194143630012,0,0,0
249800,0,0,0.080679870327962089,0,0,0.15384994143630032,0,0,0
250000,0,0,0.080710444116249419,0,0,0.15188794143630052,0,0,0
250200,0,0,0.080740625504536617,0,0,0.14992594143630072,0,0,0
250400,0,0,0.080770414492823933,0,0,0.14796394143630093,0,0,0
250600,0,0,0.080799811081111145,0,0,0.14600194143630113,0,0,0
250800,0,0,0.080828815269398446,0,0,0.14403994143630133,0,0,0
251000,0,0,0.080857427057685671,0,0,0.14207794143630154,0,0,0
251200,0,0,0.080885646445972958,0,0,0.14011594143630174,0,0,0
251400,0,0,0.080913473434260197,0,0,0.13815394143630194,0,0,0
251600,0,0,0.08094090802254747,0,0,0.13619194143630214,0,0,0
251800,0,0,0.080967950210834722,0,0,0.13422994143630235,0,0,0
252000,0,0,0.08099459999912198,0,0,0.13226794143630255,0,0,0
252200,0,0,0.081020857387409245,0,0,0.13030594143630275,0,0,0
252400,0,0,0.081046722375696489,0,0,0.12834394143630296,0,0,0
252600,0,0,0.081072194963983768,0,0,0.12638194143630316,0,0,0
252800,0,0,0.081097275152270998,0,0,0.12441994143630336,0,0,0
253000,0,0,0.08112196294055829,0,0,0.12245794143630356,0,0,0
253200,0,0,0.081146258328845519,0,0,0.12049594143630377,0,0,0
253400,0,0,0.081170161317132825,0,0,0.11853394143630397,0,0,0
253600,0,0,0.08119367190542004,0,0,0.11657194143630417,0,0,0
253800,0,0,0.081216790093707358,0,0,0.11460994143630437,0,0,0
254000,0,0,0.081239515881994559,0,0,0.11264794143630458,0,0,0
254200,0,0,0.081261849270281891,0,0,0.11068594143630478,0,0,0
254400,0,0,0.081283790258569077,0,0,0.10872394143630498,0,0,0
254600,0,0,0.081305338846856423,0,0,0.10676194143630519,0,0,0
254800,0,0,0.081326495035143595,0,0,0.10479994143630539,0,0,0
255000,0,0,0.081347258823430954,0,0,0.10283794143630559,0,0,0
255200,0,0,0.081367630211718112,0,0,0.10087594143630579,0,0,0
255400,0,0,0.081387609200005484,0,0,0.098913941436305997,0,0,0
255600,0,0,0.081407195788292627,0,0,0.096951941436306199,0,0,0
255800,0,0,0.081426389976580013,0,0,0.094989941436306402,0,0,0
256000,0,0,0.081445191764867142,0,0,0.093027941436306605,0,0,0
256200,0,0,0.081463601153154541,0,0,0.091065941436306808,0,0,0
256400,0,0,0.081481618141441656,0,0,0.08910394143630701,0,0,0
256600,0,0,0.081499242729729068,0,0,0.087141941436307213,0,0,0
256800,0,0,0.081516474918016169,0,0,0.085179941436307416,0,0,0
257000,0,0,0.081533314706303595,0,0,0.083217941436307619,0,0,0
257200,0,0,0.08154976209459068,0,0,0.081255941436307821,0,0,0
257400,0,0,0.08156581708287812,0,0,0.079293941436308024,0,0,0
257600,0,0,0.081581479671165191,0,0,0.077331941436308227,0,0,0
257800,0,0,0.081596749859452644,0,0,0.07536994143630843,0,0,0
258000,0,0,0.081611627647739701,0,0,0.073407941436308632,0,0,0
258200,0,0,0.081626113036027168,0,0,0.071445941436308835,0,0,0
258400,0,0,0.08164020602431421,0,0,0.069483941436309038,0,0,0
258600,0,0,0.08165390661260169,0,0,0.067521941436309241,0,0,0
258800,0,0,0.081667214800888718,0,0,0.065559941436309443,0,0,0
259000,0,0,0.081680130589176211,0,0,0.063597941436309646,0,0,0
259200,0,0,0.081692653977463239,0,0,0.061635941436309849,0,0,0
259400,0,0,0.081704784965750746,0,0,0.059673941436310052,0,0,0
259600,0,0,0.081716523554037759,0,0,0.057711941436310255,0,0,0
259800,0,0,0.081727869742325279,0,0,0.055749941436310457,0,0,0
260000,0,0,0.081738823530612278,0,0,0.05378794143631066,0,0,0
260200,0,0,0.081749384918899812,0,0,0.051825941436310863,0,0,0
260400,0,0,0.081759553907186797,0,0,0.049863941436311066,0,0,0
260600,0,0,0.081769330495474343,0,0,0.047901941436311268,0,0,0
260800,0,0,0.081778714683761314,0,0,0.045939941436311471,0,0,0
261000,0,0,0.081787706472048874,0,0,0.043977941436311674,0,0,0
261200,0,0,0.08179630586033583,0,0,0.042015941436311877,0,0,0
261400,0,0,0.081804512848623404,0,0,0.040053941436312079,0,0,0
261600,0,0,0.081812327436910345,0,0,0.038091941436312282,0,0,0
261800,0,0,0.081819749625197932,0,0,0.036129941436312485,0,0,0
262000,0,0,0.08182677941348486,0,0,0.034167941436312688,0,0,0
262200,0,0,0.08183341680177246,0,0,0.03220594143631289,0,0,0
262400,0,0,0.081839661790059373,0,0,0.030243941436313093,0,0,0
262600,0,0,0.081845514378346987,0,0,0.028281941436313296,0,0,0
262800,0,0,0.081850974566633886,0,0,0.026319941436313499,0,0,0
263000,0,0,0.081856042354921513,0,0,0.024357941436313701,0,0,0
263200,0,0,0.081860717743208397,0,0,0.022395941436313904,0,0,0
263400,0,0,0.081865000731496038,0,0,0.020433941436314107,0,0,0
263600,0,0,0.081868891319782908,0,0,0.01847194143631431,0,0,0
263800,0,0,0.081872389508070562,0,0,0.016509941436314512,0,0,0
264000,0,0,0.081875495296357417,0,0,0.014547941436314715,0,0,0
264200,0,0,0.081878208684645085,0,0,0.012585941436314918,0,0,0
264400,0,0,0.081880529672931926,0,0,0.010623941436315121,0,0,0
264600,0,0,0.081882458261219607,0,0,0.0086619414363153235,0,0,0
264800,0,0,0.081883994449506448,0,0,0.0066999414363153294,0,0,0
265000,0,0,0.081885138237794142,0,0,0.0047379414363151852,0,0,0
265200,0,0,0.081885889626080968,0,0,0.0027759414363151412,0,0,0
265400,0,0,0.081886248614368676,0,0,0.00081394143631516682,0,0,0
265600,0,0,0.081886215202655488,0,0,-0.0011480585636848349,0,0,0
265800,0,0,0.081885789390943209,0,0,-0.0031100585636848056,0,0,0
266000,0,0,0.081884971179230007,0,0,-0.0050720585636848791,0,0,0
266200,0,0,0.081883760567517741,0,0,-0.0070340585636850233,0,0,0
266400,0,0,0.081882157555804524,0,0,-0.0089960585636849576,0,0,0
266600,0,0,0.081880162144092272,0,0,-0.010958058563684755,0,0,0
266800,0,0,0.081877774332379041,0,0,-0.012920058563684552,0,0,0
267000,0,0,0.081874994120666802,0,0,-0.014882058563684349,0,0,0
267200,0,0,0.081871821508953557,0,0,-0.016844058563684147,0,0,0
267400,0,0,0.081868256497241332,0,0,-0.018806058563683944,0,0,0
267600,0,0,0.081864299085528072,0,0,-0.020768058563683741,0,0,0
267800,0,0,0.08185994927381586,0,0,-0.022730058563683538,0,0,0
268000,0,0,0.081855207062102586,0,0,-0.024692058563683335,0,0,0
268200,0,0,0.081850072450390388,0,0,-0.026654058563683133,0,0,0
268400,0,0,0.081844545438677099,0,0,-0.02861605856368293,0,0,0
268600,0,0,0.081838626026964914,0,0,-0.030578058563682727,0,0,0
268800,0,0,0.081832314215251611,0,0,-0.032540058563682528,0,0,0
269000,0,0,0.08182561000353944,0,0,-0.034502058563682325,0,0,0
269200,0,0,0.081818513391826123,0,0,-0.036464058563682122,0,0,0
269400,0,0,0.081811024380113964,0,0,-0.03842605856368192,0,0,0
269600,0,0,0.081803142968400633,0,0,-0.040388058563681717,0,0,0
269800,0,0,0.081794869156688488,0,0,-0.042350058563681514,0,0,0
270000,0,0,0.081786202944975142,0,0,-0.044312058563681311,0,0,0
270200,0,0,0.08177714433326301,0,0,-0.046274058563681109,0,0,0
270400,0,0,0.08176769332154965,0,0,-0.048236058563680906,0,0,0
270600,0,0,0.081757849909837532,0,0,-0.050198058563680703,0,0,0
270800,0,0,0.081747614098124172,0,0,-0.0521600585636805,0,0,0
271000,0,0,0.081736985886412067,0,0,-0.054122058563680298,0,0,0
271200,0,0,0.081725965274698692,0,0,-0.056084058563680095,0,0,0
271400,0,0,0.081714552262986601,0,0,-0.058046058563679892,0,0,0
271600,0,0,0.081702746851273211,0,0,-0.060008058563679689,0,0,0
271800,0,0,0.081690549039561133,0,0,-0.061970058563679487,0,0,0
272000,0,0,0.08167795882784773,0,0,-0.063932058563679284,0,0,0
272200,0,0,0.081664976216135665,0,0,-0.065894058563679081,0,0,0
272400,0,0,0.081651601204422247,0,0,-0.067856058563678878,0,0,0
272600,0,0,0.081637833792710196,0,0,-0.069818058563678675,0,0,0
272800,0,0,0.081623673980996764,0,0,-0.071780058563678473,0,0,0
273000,0,0,0.081609121769284726,0,0,-0.07374205856367827,0,0,0
273200,0,0,0.081594177157571307,0,0,-0.075704058563678067,0,0,0
273400,0,0,0.081578840145859255,0,0,-0.077666058563677864,0,0,0
273600,0,0,0.081563110734145849,0,0,-0.079628058563677662,0,0,0
273800,0,0,0.081546988922433783,0,0,-0.081590058563677459,0,0,0
274000,0,0,0.081530474710720391,0,0,-0.083552058563677256,0,0,0
274200,0,0,0.08151356809900831,0,0,-0.085514058563677053,0,0,0
274400,0,0,0.081496269087294931,0,0,-0.087476058563676851,0,0,0
274600,0,0,0.081478577675582836,0,0,-0.089438058563676648,0,0,0
274800,0,0,0.081460493863869471,0,0,-0.091400058563676445,0,0,0
275000,0,0,0.081442017652157361,0,0,-0.093362058563676242,0,0,0
275200,0,0,0.081423149040444009,0,0,-0.09532405856367604,0,0,0
275400,0,0,0.081403888028731886,0,0,-0.097286058563675837,0,0,0
275600,0,0,0.081384234617018547,0,0,-0.099248058563675634,0,0,0
275800,0,0,0.081364188805306409,0,0,-0.10121005856367543,0,0,0
276000,0,0,0.081343750593593084,0,0,-0.10317205856367523,0,0,0
276200,0,0,0.081322919981880931,0,0,-0.10513405856367503,0,0,0
276400,0,0,0.08130169697016762,0,0,-0.10709605856367482,0,0,0
276600,0,0,0.081280081558455466,0,0,-0.10905805856367462,0,0,0
276800,0,0,0.081258073746742168,0,0,-0.11102005856367442,0,0,0
277000,0,0,0.081235673535030001,0,0,-0.11298205856367421,0,0,0
277200,0,0,0.081212880923316716,0,0,-0.11494405856367401,0,0,0
277400,0,0,0.081189695911604534,0,0,-0.11690605856367381,0,0,0
277600,0,0,0.081166118499891263,0,0,-0.11886805856367361,0,0,0
277800,0,0,0.081142148688179067,0,0,-0.1208300585636734,0,0,0
278000,0,0,0.081117786476465809,0,0,-0.1227920585636732,0,0,0
278200,0,0,0.081093031864753598,0,0,-0.124754058563673,0,0,0
278400,0,0,0.081067884853040353,0,0,-0.1267160585636728,0,0,0
278600,0,0,0.081042345441328129,0,0,-0.12867805856367259,0,0,0
278800,0,0,0.081016413629614897,0,0,-0.13064005856367239,0,0,0
279000,0,0,0.080990089417902658,0,0,-0.13260205856367219,0,0,0
279200,0,0,0.08096337280618944,0,0,-0.13456405856367198,0,0,0
279400,0,0,0.080936263794477187,0,0,-0.13652605856367178,0,0,0
279600,0,0,0.080908762382763982,0,0,-0.13848805856367158,0,0,0
279800,0,0,0.080880868571051714,0,0,-0.14045005856367138,0,0,0
280000,0,0,0.080852582359338523,0,0,-0.14241205856367117,0,0,0
280200,0,0,0.080823903747626241,0,0,-0.14437405856367097,0,0,0
280400,0,0,0.080794832735913064,0,0,-0.14633605856367077,0,0,0
280600,0,0,0.080765369324200767,0,0,-0.14829805856367057,0,0,0
280800,0,0,0.080735513512487603,0,0,-0.15026005856367036,0,0,0
281000,0,0,0.080705265300775292,0,0,-0.15222205856367016,0,0,0
281200,0,0,0.080674624689062141,0,0,-0.15418405856366996,0,0,0
281400,0,0,0.080643591677349816,0,0,-0.15614605856366975,0,0,0
281600,0,0,0.080612166265636678,0,0,-0.15810805856366955,0,0,0
281800,0,0,0.080580348453924339,0,0,-0.16007005856366935,0,0,0
282000,0,0,0.080548138242211215,0,0,-0.16203205856366915,0,0,0
282200,0,0,0.080515535630498875,0,0,-0.16399405856366894,0,0,0
282400,0,0,0.080482540618785764,0,0,-0.16595605856366874,0,0,0
282600,0,0,0.080449153207073409,0,0,-0.16791805856366854,0,0,0
282800,0,0,0.080415373395360312,0,0,-0.16988005856366833,0,0,0
283000,0,0,0.080381201183647943,0,0,-0.17184205856366813,0,0,0
283200,0,0,0.08034663657193486,0,0,-0.17380405856366793,0,0,0
283400,0,0,0.080311679560222476,0,0,-0.17576605856366773,0,0,0
283600,0,0,0.080276330148509406,0,0,-0.17772805856366752,0,0,0
283800,0,0,0.080240588336797009,0,0,-0.17969005856366732,0,0,0
284000,0,0,0.080204454125083952,0,0,-0.18165205856366712,0,0,0
284200,0,0,0.08016792751337154,0,0,-0.18361405856366692,0,0,0
284400,0,0,0.080131008501658496,0,0,-0.18557605856366671,0,0,0
284600,0,0,0.08009369708994607,0,0,-0.18753805856366651,0,0,0
284800,0,0,0.08005599327823304,0,0,-0.18950005856366631,0,0,0
285000,0,0,0.080017897066520599,0,0,-0.1914620585636661,0,0,0
285200,0,0,0.079979408454807582,0,0,-0.1934240585636659,0,0,0
285400,0,0,0.079940527443095127,0,0,-0.1953860585636657,0,0,0
285600,0,0,0.079901254031382124,0,0,-0.1973480585636655,0,0,0
285800,0,0,0.079861588219669655,0,0,-0.19931005856366529,0,0,0
286000,0,0,0.079821530007956665,0,0,-0.20127205856366509,0,0,0
286200,0,0,0.079781079396244181,0,0,-0.20323405856366489,0,0,0
286400,0,0,0.079740236384531205,0,0,-0.20519605856366468,0,0,0
286600,0,0,0.079699000972818707,0,0,-0.20715805856366448,0,0,0
286800,0,0,0.079657373161105743,0,0,-0.20912005856366428,0,0,0
287000,0,0,0.079615352949393231,0,0,-0.21108205856366408,0,0,0
287200,0,0,0.079572940337680281,0,0,-0.21304405856366387,0,0,0
287400,0,0,0.079530135325967755,0,0,-0.21500605856366367,0,0,0
287600,0,0,0.079486937914254818,0,0,-0.21696805856366347,0,0,0
287800,0,0,0.079443348102542291,0,0,-0.21893005856366327,0,0,0
288000,0,0,0.079399365890829368,0,0,-0.22089205856366306,0,0,0
288200,0,0,0.079354991279116827,0,0,-0.22285405856366286,0,0,0
288400,0,0,0.079310224267403917,0,0,-0.22481605856366266,0,0,0
288600,0,0,0.079265064855691361,0,0,-0.22677805856366245,0,0,0
288800,0,0,0.079219513043978465,0,0,-0.22874005856366225,0,0,0
289000,0,0,0.079173568832265895,0,0,-0.23070205856366205,0,0,0
289200,0,0,0.079127232220553012,0,0,-0.23266405856366185,0,0,0
289400,0,0,0.079080503208840427,0,0,-0.23462605856366164,0,0,0
289600,0,0,0.079033381797127558,0,0,-0.23658805856366144,0,0,0
289800,0,0,0.078985867985414959,0,0,-0.23855005856366124,0,0,0
290000,0,0,0.078937961773702103,0,0,-0.24051205856366104,0,0,0
290200,0,0,0.07888966316198949,0,0,-0.24247405856366083,0,0,0
290400,0,0,0.078840972150276648,0,0,-0.24443605856366063,0,0,0
290600,0,0,0.07879188873856402,0,0,-0.24639805856366043,0,0,0
290800,0,0,0.078742412926851191,0,0,-0.24836005856366022,0,0,0
291000,0,0,0.078692544715138549,0,0,-0.25032205856366002,0,0,0
291200,0,0,0.078642284103425733,0,0,-0.25228405856365982,0,0,0
291400,0,0,0.078591631091713077,0,0,-0.25424605856365962,0,0,0
291600,0,0,0.078540585680000274,0,0,-0.25620805856365941,0,0,0
291800,0,0,0.078489147868287604,0,0,-0.25817005856365921,0,0,0
292000,0,0,0.078437317656574815,0,0,-0.26013205856365901,0,0,0
292200,0,0,0.07838509504486213,0,0,-0.2620940585636588,0,0,0
292400,0,0,0.078332480033149354,0,0,-0.2640560585636586,0,0,0
292600,0,0,0.078279472621436655,0,0,-0.2660180585636584,0,0,0
292800,0,0,0.078226072809723893,0,0,-0.2679800585636582,0,0,0
293000,0,0,0.078172280598011179,0,0,-0.26994205856365799,0,0,0
293200,0,0,0.07811809598629843,0,0,-0.27190405856365779,0,0,0
293400,0,0,0.078063518974585716,0,0,-0.27386605856365759,0,0,0
293600,0,0,0.078008549562872981,0,0,-0.27582805856365739,0,0,0
293800,0,0,0.077953187751160252,0,0,-0.27779005856365718,0,0,0
294000,0,0,0.07789743353944753,0,0,-0.27975205856365698,0,0,0
294200,0,0,0.077841286927734787,0,0,-0.28171405856365678,0,0,0
294400,0,0,0.077784747916022079,0,0,-0.28367605856365657,0,0,0
294600,0,0,0.077727816504309322,0,0,-0.28563805856365637,0,0,0
294800,0,0,0.077670492692596627,0,0,-0.28760005856365617,0,0,0
295000,0,0,0.077612776480883855,0,0,-0.28956205856365597,0,0,0
295200,0,0,0.077554667869171173,0,0,-0.29152405856365576,0,0,0
295400,0,0,0.077496166857458387,0,0,-0.29348605856365556,0,0,0
295600,0,0,0.077437273445745719,0,0,-0.29544805856365536,0,0,0
295800,0,0,0.077377987634032919,0,0,-0.29741005856365516,0,0,0
296000,0,0,0.077318309422320264,0,0,-0.29937205856365495,0,0,0
296200,0,0,0.077258238810607449,0,0,-0.30133405856365475,0,0,0
296400,0,0,0.077197775798894808,0,0,-0.30329605856365455,0,0,0
296600,0,0,0.077136920387181979,0,0,-0.30525805856365434,0,0,0
296800,0,0,0.077075672575469351,0,0,-0.30722005856365414,0,0,0
297000,0,0,0.077014032363756507,0,0,-0.30918205856365394,0,0,0
297200,0,0,0.076951999752043893,0,0,-0.31114405856365374,0,0,0
297400,0,0,0.076889574740331035,0,0,-0.31310605856365353,0,0,0
297600,0,0,0.076826757328618434,0,0,-0.31506805856365333,0,0,0
297800,0,0,0.076763547516905561,0,0,-0.31703005856365313,0,0,0
298000,0,0,0.076699945305192974,0,0,-0.31899205856365292,0,0,0
298200,0,0,0.076635950693480087,0,0,-0.32095405856365272,0,0,0
298400,0,0,0.076571563681767513,0,0,-0.32291605856365252,0,0,0
298600,0,0,0.076506784270054612,0,0,-0.32487805856365232,0,0,0
298800,0,0,0.076441612458342051,0,0,-0.32684005856365211,0,0,0
299000,0,0,0.07637604824662915,0,0,-0.32880205856365191,0,0,0
299200,0,0,0.076310091634916602,0,0,-0.33076405856365171,0,0,0
299400,0,0,0.076243742623203686,0,0,-0.33272605856365151,0,0,0
299600,0,0,0.076177001211491152,0,0,-0.3346880585636513,0,0,0
299800,0,0,0.076109867399778222,0,0,-0.3366500585636511,0,0,0
300000,0,0,0.076042341188065701,0,0,-0.3386120585636509,0,0,0
300200,0,0,0.075974422576352757,0,0,-0.34057405856365069,0,0,0
300400,0,0,0.07590611156464025,0,0,-0.34253605856365049,0,0,0
300600,0,0,0.075837408152927291,0,0,-0.34449805856365029,0,0,0
300800,0,0,0.075768312341214797,0,0,-0.34646005856365009,0,0,0
301000,0,0,0.075698824129501824,0,0,-0.34842205856364988,0,0,0
301200,0,0,0.075628943517789343,0,0,-0.35038405856364968,0,0,0
301400,0,0,0.075558670506076356,0,0,-0.35234605856364948,0,0,0
301600,0,0,0.075488005094363889,0,0,-0.35430805856364928,0,0,0
301800,0,0,0.075416947282650887,0,0,-0.35627005856364907,0,0,0
302000,0,0,0.075345497070938433,0,0,-0.35823205856364887,0,0,0
302200,0,0,0.075273654459225417,0,0,-0.36019405856364867,0,0,0
302400,0,0,0.075201419447512977,0,0,-0.36215605856364846,0,0,0
302600,0,0,0.075128792035799946,0,0,-0.36411805856364826,0,0,0
302800,0,0,0.075055772224087519,0,0,-0.36608005856364806,0,0,0
303000,0,0,0.074982360012374474,0,0,-0.36804205856364786,0,0,0
303200,0,0,0.074908555400662061,0,0,-0.37000405856364765,0,0,0
303400,0,0,0.074834358388949002,0,0,-0.37196605856364745,0,0,0
303600,0,0,0.074759768977236601,0,0,-0.37392805856364725,0,0,0
303800,0,0,0.074684787165523528,0,0,-0.37589005856364704,0,0,0
304000,0,0,0.074609412953811141,0,0,-0.37785205856364684,0,0,0
304200,0,0,0.074533646342098053,0,0,-0.37981405856364664,0,0,0
304400,0,0,0.07445748733038568,0,0,-0.38177605856364644,0,0,0
304600,0,0,0.074380935918672578,0,0,-0.38373805856364623,0,0,0
304800,0,0,0.074303992106960218,0,0,-0.38570005856364603,0,0,0
305000,0,0,0.074226655895247115,0,0,-0.38766205856364583,0,0,0
305200,0,0,0.074148927283534768,0,0,-0.38962405856364563,0,0,0
305400,0,0,0.074070806271821651,0,0,-0.39158605856364542,0,0,0
305600,0,0,0.073992292860109318,0,0,-0.39354805856364522,0,0,0
305800,0,0,0.073913387048396187,0,0,-0.39551005856364502,0,0,0
306000,0,0,0.073834088836683867,0,0,-0.39747205856364481,0,0,0
306200,0,0,0.073754398224970721,0,0,-0.39943405856364461,0,0,0
306400,0,0,0.073674315213258415,0,0,-0.40139605856364441,0,0,0
306600,0,0,0.073593839801545255,0,0,-0.40335805856364421,0,0,0
306800,0,0,0.073512971989832962,0,0,-0.405320058563644,0,0,0
307000,0,0,0.073431711778119788,0,0,-0.4072820585636438,0,0,0
307200,0,0,0.073350059166407508,0,0,-0.4092440585636436,0,0,0
307400,0,0,0.073268014154694319,0,0,-0.4112060585636434,0,0,0
307600,0,0,0.073185576742982053,0,0,-0.41316805856364319,0,0,0
307800,0,0,0.07310274693126885,0,0,-0.41513005856364299,0,0,0
308000,0,0,0.073019524719556597,0,0,-0.41709205856364279,0,0,0
308200,0,0,0.07293591010784338,0,0,-0.41905405856364258,0,0,0
308400,0,0,0.07285190309613114,0,0,-0.42101605856364238,0,0,0
308600,0,0,0.072767503684417909,0,0,-0.42297805856364218,0,0,0
308800,0,0,0.072682711872705683,0,0,-0.42494005856364198,0,0,0
309000,0,0,0.072597527660992436,0,0,-0.42690205856364177,0,0,0
309200,0,0,0.072511951049280224,0,0,-0.42886405856364157,0,0,0
309400,0,0,0.072425982037566963,0,0,-0.43082605856364137,0,0,0
309600,0,0,0.072339620625854764,0,0,-0.43278805856364116,0,0,0
309800,0,0,0.072252866814141489,0,0,-0.43475005856364096,0,0,0
310000,0,0,0.072165720602429304,0,0,-0.43671205856364076,0,0,0
310200,0,0,0.072078181990716014,0,0,-0.43867405856364056,0,0,0
310400,0,0,0.071990250979003842,0,0,-0.44063605856364035,0,0,0
310600,0,0,0.071901927567290552,0,0,-0.44259805856364015,0,0,0
310800,0,0,0.071813211755578393,0,0,-0.44456005856363995,0,0,0
311000,0,0,0.071724103543865089,0,0,-0.44652205856363975,0,0,0
311200,0,0,0.071634602932152944,0,0,-0.44848405856363954,0,0,0
311400,0,0,0.071544709920439625,0,0,-0.45044605856363934,0,0,0
311600,0,0,0.071454424508727493,0,0,-0.45240805856363914,0,0,0
311800,0,0,0.07136374669701416,0,0,-0.45437005856363893,0,0,0
312000,0,0,0.071272676485302042,0,0,-0.45633205856363873,0,0,0
312200,0,0,0.071181213873588695,0,0,-0.45829405856363853,0,0,0
312400,0,0,0.071089358861876589,0,0,-0.46025605856363833,0,0,0
312600,0,0,0.070997111450163228,0,0,-0.46221805856363812,0,0,0
312800,0,0,0.070904471638451136,0,0,-0.46418005856363792,0,0,0
313000,0,0,0.07081143942673776,0,0,-0.46614205856363772,0,0,0
313200,0,0,0.070718014815025682,0,0,-0.46810405856363752,0,0,0
313400,0,0,0.070624197803312291,0,0,-0.47006605856363731,0,0,0
313600,0,0,0.070529988391600226,0,0,-0.47202805856363711,0,0,0
313800,0,0,0.070435386579886822,0,0,-0.47399005856363691,0,0,0
314000,0,0,0.07034039236817477,0,0,-0.4759520585636367,0,0,0
314200,0,0,0.070245005756461351,0,0,-0.4779140585636365,0,0,0
314400,0,0,0.070149226744749313,0,0,-0.4798760585636363,0,0,0
314600,0,0,0.070053055333035893,0,0,-0.4818380585636361,0,0,0
314800,0,0,0.069956491521323855,0,0,-0.48380005856363589,0,0,0
315000,0,0,0.069859535309610449,0,0,-0.48576205856363569,0,0,0
315200,0,0,0.069762186697898396,0,0,-0.48772405856363549,0,0,0
315400,0,0,0.069664445686185003,0,0,-0.48968605856363528,0,0,0
315600,0,0,0.069566312274472936,0,0,-0.49164805856363508,0,0,0
315800,0,0,0.069467786462759556,0,0,-0.49361005856363488,0,0,0
316000,0,0,0.069368868251047475,0,0,-0.49557205856363468,0,0,0
316200,0,0,0.069269557639334109,0,0,-0.49753405856363447,0,0,0
316400,0,0,0.069169854627622027,0,0,-0.49949605856363427,0,0,0
316600,0,0,0.069069759215908674,0,0,-0.50145805856365055,0,0,0
316800,0,0,0.068969271404196564,0,0,-0.50342005856367256,0,0,0
317000,0,0,0.068868391192483225,0,0,-0.50538205856369456,0,0,0
317200,0,0,0.068767118580771086,0,0,-0.50734405856371656,0,0,0
317400,0,0,0.068665453569057761,0,0,-0.50930605856373856,0,0,0
317600,0,0,0.068563396157345594,0,0,-0.51126805856376056,0,0,0
317800,0,0,0.068460946345632281,0,0,-0.51323005856378257,0,0,0
318000,0,0,0.068358104133920072,0,0,-0.51519205856380457,0,0,0
318200,0,0,0.068254869522206774,0,0,-0.51715405856382657,0,0,0
318400,0,0,0.068151242510494536,0,0,-0.51911605856384857,0,0,0
318600,0,0,0.068047223098781251,0,0,-0.52107805856387057,0,0,0
318800,0,0,0.067942811287068985,0,0,-0.52304005856389257,0,0,0
319000,0,0,0.067838007075355714,0,0,-0.52500205856391458,0,0,0
319200,0,0,0.06773281046364342,0,0,-0.52696405856393658,0,0,0
319400,0,0,0.067627221451930161,0,0,-0.52892605856395858,0,0,0
319600,0,0,0.067521240040217839,0,0,-0.53088805856398058,0,0,0
319800,0,0,0.067414866228504594,0,0,-0.53285005856400258,0,0,0
320000,0,0,0.06730810001679223,0,0,-0.53481205856402458,0,0,0
320200,0,0,0.067200941405078998,0,0,-0.53677405856404659,0,0,0
320400,0,0,0.067093390393366606,0,0,-0.53873605856406859,0,0,0
320600,0,0,0.066985446981653388,0,0,-0.54069805856409059,0,0,0
320800,0,0,0.066877111169940967,0,0,-0.54266005856411259,0,0,0
321000,0,0,0.066768382958227762,0,0,-0.54462205856413459,0,0,0
321200,0,0,0.066659262346515313,0,0,-0.54658405856415659,0,0,0
321400,0,0,0.066549749334802122,0,0,-0.5485460585641786,0,0,0
321600,0,0,0.066439843923089631,0,0,-0.5505080585642006,0,0,0
321800,0,0,0.066329546111376453,0,0,-0.5524700585642226,0,0,0
322000,0,0,0.066218855899663934,0,0,-0.5544320585642446,0,0,0
322200,0,0,0.066107773287950769,0,0,-0.5563940585642666,0,0,0
322400,0,0,0.065996298276238222,0,0,-0.5583560585642886,0,0,0
322600,0,0,0.06588443086452507,0,0,-0.56031805856431061,0,0,0
322800,0,0,0.065772171052812495,0,0,-0.56228005856433261,0,0,0
323000,0,0,0.065659518841099357,0,0,-0.56424205856435461,0,0,0
323200,0,0,0.065546474229386739,0,0,-0.56620405856437661,0,0,0
323400,0,0,0.065433037217673615,0,0,-0.56816605856439861,0,0,0
323600,0,0,0.065319207805960969,0,0,-0.57012805856442061,0,0,0
323800,0,0,0.065204985994247858,0,0,-0.57209005856444262,0,0,0
324000,0,0,0.065090371782535184,0,0,-0.57405205856446462,0,0,0
324200,0,0,0.064975365170822086,0,0,-0.57601405856448662,0,0,0
324400,0,0,0.064859966159109383,0,0,-0.57797605856450862,0,0,0
324600,0,0,0.064744174747396299,0,0,-0.57993805856453062,0,0,0
324800,0,0,0.064627990935683569,0,0,-0.58190005856455262,0,0,0
325000,0,0,0.064511414723970498,0,0,-0.58386205856457463,0,0,0
325200,0,0,0.064394446112257725,0,0,-0.58582405856459663,0,0,0
325400,0,0,0.064277085100544668,0,0,-0.58778605856461863,0,0,0
325600,0,0,0.064159331688831867,0,0,-0.58974805856464063,0,0,0
325800,0,0,0.064041185877118822,0,0,-0.59171005856466263,0,0,0
326000,0,0,0.063922647665405993,0,0,-0.59367205856468463,0,0,0
326200,0,0,0.063803717053692963,0,0,-0.59563405856470664,0,0,0
326400,0,0,0.063684394041980105,0,0,-0.59759605856472864,0,0,0
326600,0,0,0.063564678630267088,0,0,-0.59955805856475064,0,0,0
326800,0,0,0.063444570818554188,0,0,-0.60152005856477264,0,0,0
327000,0,0,0.063324070606841185,0,0,-0.60348205856479464,0,0,0
327200,0,0,0.063203177995128257,0,0,-0.60544405856481665,0,0,0
327400,0,0,0.063081892983415266,0,0,-0.60740605856483865,0,0,0
327600,0,0,0.06296021557170231,0,0,-0.60936805856486065,0,0,0
327800,0,0,0.062838145759989333,0,0,-0.61133005856488265,0,0,0
328000,0,0,0.062715683548276349,0,0,-0.61329205856490465,0,0,0
328200,0,0,0.062592828936563386,0,0,-0.61525405856492665,0,0,0
328400,0,0,0.062469581924850026,0,0,-0.61721605856494866,0,0,0
328600,0,0,0.062345942513137041,0,0,-0.61917805856497066,0,0,0
328800,0,0,0.062221910701424049,0,0,-0.62114005856499266,0,0,0
329000,0,0,0.062097486489711057,0,0,-0.62310205856501466,0,0,0
329200,0,0,0.061972669877998057,0,0,-0.62506405856503666,0,0,0
329400,0,0,0.061847460866285051,0,0,-0.62702605856505866,0,0,0
329600,0,0,0.061721859454572044,0,0,-0.62898805856508067,0,0,0
329800,0,0,0.06159586564285903,0,0,-0.63095005856510267,0,0,0
330000,0,0,0.061469479431146008,0,0,-0.63291205856512467,0,0,0
330200,0,0,0.061342700819432987,0,0,-0.63487405856514667,0,0,0
330400,0,0,0.061215529807719958,0,0,-0.63683605856516867,0,0,0
330600,0,0,0.061087966396006929,0,0,-0.63879805856519067,0,0,0
330800,0,0,0.060960010584293893,0,0,-0.64076005856521268,0,0,0
331000,0,0,0.06083166237258085,0,0,-0.64272205856523468,0,0,0
331200,0,0,0.060702921760867806,0,0,-0.64468405856525668,0,0,0
331400,0,0,0.060573788749154756,0,0,-0.64664605856527868,0,0,0
331600,0,0,0.060444263337441705,0,0,-0.64860805856530068,0,0,0
331800,0,0,0.060314345525728646,0,0,-0.65057005856532268,0,0,0
332000,0,0,0.060184035314015581,0,0,-0.65253205856534469,0,0,0
332200,0,0,0.060053332702302516,0,0,-0.65449405856536669,0,0,0
332400,0,0,0.059922237690589443,0,0,-0.65645605856538869,0,0,0
332600,0,0,0.059790750278876363,0,0,-0.65841805856541069,0,0,0
332800,0,0,0.059658870467163283,0,0,-0.66038005856543269,0,0,0
333000,0,0,0.059526598255450196,0,0,-0.66234205856545469,0,0,0
333200,0,0,0.059393933643737108,0,0,-0.6643040585654767,0,0,0
333400,0,0,0.059260876632024014,0,0,-0.6662660585654987,0,0,0
333600,0,0,0.059127427220310912,0,0,-0.6682280585655207,0,0,0
333800,0,0,0.05899358540859781,0,0,-0.6701900585655427,0,0,0
334000,0,0,0.0588593511968847,0,0,-0.6721520585655647,0,0,0
334200,0,0,0.058724724585171591,0,0,-0.6741140585655867,0,0,0
334400,0,0,0.058589705573458474,0,0,-0.67607605856560871,0,0,0
334600,0,0,0.05845429416174535,0,0,-0.67803805856563071,0,0,0
334800,0,0,0.058318490350032226,0,0,-0.68000005856565271,0,0,0
335000,0,0,0.058182294138319095,0,0,-0.68196205856567471,0,0,0
335200,0,0,0.058045705526605963,0,0,-0.68392405856569671,0,0,0
335400,0,0,0.057908724514892825,0,0,-0.68588605856571871,0,0,0
335600,0,0,0.057771351103179679,0,0,-0.68784805856574072,0,0,0
335800,0,0,0.057633585291466533,0,0,-0.68981005856576272,0,0,0
336000,0,0,0.057495427079753379,0,0,-0.69177205856578472,0,0,0
336200,0,0,0.057356876468040219,0,0,-0.69373405856580672,0,0,0
336400,0,0,0.057217933456327058,0,0,-0.69569605856582872,0,0,0
336600,0,0,0.05707859804461389,0,0,-0.69765805856585072,0,0,0
336800,0,0,0.056938870232900722,0,0,-0.69962005856587273,0,0,0
337000,0,0,0.056798750021187547,0,0,-0.70158205856589473,0,0,0
337200,0,0,0.056658237409474364,0,0,-0.70354405856591673,0,0,0
337400,0,0,0.056517332397761182,0,0,-0.70550605856593873,0,0,0
337600,0,0,0.056376034986047992,0,0,-0.70746805856596073,0,0,0
337800,0,0,0.056234345174334802,0,0,-0.70943005856598274,0,0,0
338000,0,0,0.056092262962621604,0,0,-0.71139205856600474,0,0,0
338200,0,0,0.0559497883509084,0,0,-0.71335405856602674,0,0,0
338400,0,0,0.055806921339195195,0,0,-0.71531605856604874,0,0,0
338600,0,0,0.055663661927481983,0,0,-0.71727805856607074,0,0,0
338800,0,0,0.055520010115768764,0,0,-0.71924005856609274,0,0,0
339000,0,0,0.055375965904055545,0,0,-0.72120205856611475,0,0,0
339200,0,0,0.055231529292342318,0,0,-0.72316405856613675,0,0,0
339400,0,0,0.055086700280629092,0,0,-0.72512605856615875,0,0,0
339600,0,0,0.054941478868915858,0,0,-0.72708805856618075,0,0,0
339800,0,0,0.054795865057202617,0,0,-0.72905005856620275,0,0,0
340000,0,0,0.054649858845489376,0,0,-0.73101205856622475,0,0,0
340200,0,0,0.054503460233776127,0,0,-0.73297405856624676,0,0,0
340400,0,0,0.054356669222062878,0,0,-0.73493605856626876,0,0,0
340600,0,0,0.054209485810349622,0,0,-0.73689805856629076,0,0,0
340800,0,0,0.054061909998636359,0,0,-0.73886005856631276,0,0,0
341000,0,0,0.053913941786923096,0,0,-0.74082205856633476,0,0,0
341200,0,0,0.053765581175209826,0,0,-0.74278405856635676,0,0,0
341400,0,0,0.053616828163496555,0,0,-0.74474605856637877,0,0,0
341600,0,0,0.053467682751783277,0,0,-0.74670805856640077,0,0,0
341800,0,0,0.053318144940069992,0,0,-0.74867005856642277,0,0,0
342000,0,0,0.053168214728356707,0,0,-0.75063205856644477,0,0,0
342200,0,0,0.053017892116643414,0,0,-0.75259405856646677,0,0,0
342400,0,0,0.052867177104930115,0,0,-0.75455605856648877,0,0,0
342600,0,0,0.052716069693216815,0,0,-0.75651805856651078,0,0,0
342800,0,0,0.052564569881503508,0,0,-0.75848005856653278,0,0,0
343000,0,0,0.0524126776697902,0,0,-0.76044205856655478,0,0,0
343200,0,0,0.052260393058076886,0,0,-0.76240405856657678,0,0,0
343400,0,0,0.052107716046363564,0,0,-0.76436605856659878,0,0,0
343600,0,0,0.051954646634650242,0,0,-0.76632805856662078,0,0,0
343800,0,0,0.051801184822936913,0,0,-0.76829005856664279,0,0,0
344000,0,0,0.051647330611223584,0,0,-0.77025205856666479,0,0,0
344200,0,0,0.051493083999510247,0,0,-0.77221405856668679,0,0,0
344400,0,0,0.051338444987796904,0,0,-0.77417605856670879,0,0,0
344600,0,0,0.05118341357608356,0,0,-0.77613805856673079,0,0,0
344800,0,0,0.051027989764370209,0,0,-0.77810005856675279,0,0,0
345000,0,0,0.050872173552656851,0,0,-0.7800620585667748,0,0,0
345200,0,0,0.050715964940943492,0,0,-0.7820240585667968,0,0,0
345400,0,0,0.050559363929230126,0,0,-0.7839860585668188,0,0,0
345600,0,0,0.050402370517516761,0,0,-0.7859480585668408,0,0,0
345800,0,0,0.050244984705803387,0,0,-0.7879100585668628,0,0,0
346000,0,0,0.050087206494090007,0,0,-0.7898720585668848,0,0,0
346200,0,0,0.049929035882376627,0,0,-0.79183405856690681,0,0,0
346400,0,0,0.049770472870663239,0,0,-0.79379605856692881,0,0,0
346600,0,0,0.049611517458949851,0,0,-0.79575805856695081,0,0,0
346800,0,0,0.049452169647236456,0,0,-0.79772005856697281,0,0,0
347000,0,0,0.049292429435523054,0,0,-0.79968205856699481,0,0,0
347200,0,0,0.049132296823809651,0,0,-0.80164405856701682,0,0,0
347400,0,0,0.048971771812096242,0,0,-0.80360605856703882,0,0,0
347600,0,0,0.048810854400382832,0,0,-0.80556805856706082,0,0,0
347800,0,0,0.048649544588669415,0,0,-0.80753005856708282,0,0,0
348000,0,0,0.04848784237695599,0,0,-0.80949205856710482,0,0,0
348200,0,0,0.048325747765242566,0,0,-0.81145405856712682,0,0,0
348400,0,0,0.048163260753529134,0,0,-0.81341605856714883,0,0,0
348600,0,0,0.048000381341815695,0,0,-0.81537805856717083,0,0,0
348800,0,0,0.047837109530102256,0,0,-0.81734005856719283,0,0,0
349000,0,0,0.04767344531838881,0,0,-0.81930205856721483,0,0,0
349200,0,0,0.047509388706675364,0,0,-0.82126405856723683,0,0,0
349400,0,0,0.04734493969496191,0,0,-0.82322605856725883,0,0,0
349600,0,0,0.047180098283248449,0,0,-0.82518805856728084,0,0,0
349800,0,0,0.047014864471534988,0,0,-0.82715005856730284,0,0,0
350000,0,0,0.04684923825982152,0,0,-0.82911205856732484,0,0,0
350200,0,0,0.046683219648108051,0,0,-0.83107405856734684,0,0,0
350400,0,0,0.046516808636394576,0,0,-0.83303605856736884,0,0,0
350600,0,0,0.046350005224681093,0,0,-0.83499805856739084,0,0,0
350800,0,0,0.04618280941296761,0,0,-0.83696005856741285,0,0,0
351000,0,0,0.04601522120125412,0,0,-0.83892205856743485,0,0,0
351200,0,0,0.045847240589540622,0,0,-0.84088405856745685,0,0,0
351400,0,0,0.045678867577827124,0,0,-0.84284605856747885,0,0,0
351600,0,0,0.04551010216611362,0,0,-0.84480805856750085,0,0,0
351800,0,0,0.045340944354400115,0,0,-0.84677005856752285,0,0,0
352000,0,0,0.045171394142686602,0,0,-0.84873205856754486,0,0,0
352200,0,0,0.045001451530973083,0,0,-0.85069405856756686,0,0,0
352400,0,0,0.044831116519259563,0,0,-0.85265605856758886,0,0,0
352600,0,0,0.044660389107546036,0,0,-0.85461805856761086,0,0,0
352800,0,0,0.044489269295832509,0,0,-0.85658005856763286,0,0,0
353000,0,0,0.044317757084118989,0,0,-0.85854205856765486,0,0,0
353200,0,0,0.044145852472405461,0,0,-0.86050405856767687,0,0,0
353400,0,0,0.043973555460691927,0,0,-0.86246605856769887,0,0,0
353600,0,0,0.043800866048978392,0,0,-0.86442805856772087,0,0,0
353800,0,0,0.043627784237264849,0,0,-0.86639005856774287,0,0,0
354000,0,0,0.043454310025551307,0,0,-0.86835205856776487,0,0,0
354200,0,0,0.043280443413837758,0,0,-0.87031405856778687,0,0,0
354400,0,0,0.043106184402124201,0,0,-0.87227605856780888,0,0,0
354600,0,0,0.042931532990410644,0,0,-0.87423805856783088,0,0,0
354800,0,0,0.04275648917869708,0,0,-0.87620005856785288,0,0,0
355000,0,0,0.042581052966983508,0,0,-0.87816205856787488,0,0,0
355200,0,0,0.042405224355269937,0,0,-0.88012405856789688,0,0,0
355400,0,0,0.042229003343556358,0,0,-0.88208605856791888,0,0,0
355600,0,0,0.042052389931842779,0,0,-0.88404805856794089,0,0,0
355800,0,0,0.041875384120129193,0,0,-0.88601005856796289,0,0,0
356000,0,0,0.0416979859084156,0,0,-0.88797205856798489,0,0,0
356200,0,0,0.041520195296702006,0,0,-0.88993405856800689,0,0,0
356400,0,0,0.041342012284988405,0,0,-0.89189605856802889,0,0,0
356600,0,0,0.041163436873274804,0,0,-0.89385805856805089,0,0,0
356800,0,0,0.040984469061561196,0,0,-0.8958200585680729,0,0,0
357000,0,0,0.040805108849847581,0,0,-0.8977820585680949,0,0,0
357200,0,0,0.040625356238133965,0,0,-0.8997440585681169,0,0,0
357400,0,0,0.040445211226420343,0,0,-0.9017060585681389,0,0,0
357600,0,0,0.040264673814706713,0,0,-0.9036680585681609,0,0,0
357800,0,0,0.040083744002993082,0,0,-0.90563005856818291,0,0,0
358000,0,0,0.039902421791279445,0,0,-0.90759205856820491,0,0,0
358200,0,0,0.039720707179565808,0,0,-0.90955405856822691,0,0,0
358400,0,0,0.039538600167852163,0,0,-0.91151605856824891,0,0,0
358600,0,0,0.039356100756138511,0,0,-0.91347805856827091,0,0,0
358800,0,0,0.039173208944424859,0,0,-0.91544005856829291,0,0,0
359000,0,0,0.038989924732711199,0,0,-0.91740205856831492,0,0,0
359200,0,0,0.03880624812099754,0,0,-0.91936405856833692,0,0,0
359400,0,0,0.038622179109283873,0,0,-0.92132605856835892,0,0,0
359600,0,0,0.038437717697570199,0,0,-0.92328805856838092,0,0,0
359800,0,0,0.038252863885856525,0,0,-0.92525005856840292,0,0,0
360000,0,0,0.038067617674142844,0,0,-0.92721205856842492,0,0,0
360200,0,0,0.037881979062429162,0,0,-0.92917405856844693,0,0,0
360400,0,0,0.037695948050715473,0,0,-0.93113605856846893,0,0,0
360600,0,0,0.037509524639001778,0,0,-0.93309805856849093,0,0,0
360800,0,0,0.037322708827288081,0,0,-0.93506005856851293,0,0,0
361000,0,0,0.037135500615574378,0,0,-0.93702205856853493,0,0,0
361200,0,0,0.036947900003860668,0,0,-0.93898405856855693,0,0,0
361400,0,0,0.036759906992146957,0,0,-0.94094605856857894,0,0,0
361600,0,0,0.036571521580433239,0,0,-0.94290805856860094,0,0,0
361800,0,0,0.036382743768719521,0,0,-0.94487005856862294,0,0,0
362000,0,0,0.036193573557005795,0,0,-0.94683205856864494,0,0,0
362200,0,0,0.036004010945292063,0,0,-0.94879405856866694,0,0,0
362400,0,0,0.03581405593357833,0,0,-0.95075605856868894,0,0,0
362600,0,0,0.03562370852186459,0,0,-0.95271805856871095,0,0,0
362800,0,0,0.03543296871015085,0,0,-0.95468005856873295,0,0,0
363000,0,0,0.035241836498437103,0,0,-0.95664205856875495,0,0,0
363200,0,0,0.035050311886723348,0,0,-0.95860405856877695,0,0,0
363400,0,0,0.034858394875009593,0,0,-0.96056605856879895,0,0,0
363600,0,0,0.034666085463295832,0,0,-0.96252805856882095,0,0,0
363800,0,0,0.034473383651582062,0,0,-0.96449005856884296,0,0,0
364000,0,0,0.034280289439868293,0,0,-0.96645205856886496,0,0,0
364200,0,0,0.034086802828154517,0,0,-0.96841405856888696,0,0,0
364400,0,0,0.03389292381644074,0,0,-0.97037605856890896,0,0,0
364600,0,0,0.033698652404726956,0,0,-0.97233805856893096,0,0,0
364800,0,0,0.033503988593013165,0,0,-0.97430005856895296,0,0,0
365000,0,0,0.033308932381299373,0,0,-0.97626205856897497,0,0,0
365200,0,0,0.033113483769585575,0,0,-0.97822405856899697,0,0,0
365400,0,0,0.032917642757871776,0,0,-0.98018605856901897,0,0,0
365600,0,0,0.03272140934615797,0,0,-0.98214805856904097,0,0,0
365800,0,0,0.032524783534444157,0,0,-0.98411005856906297,0,0,0
366000,0,0,0.032327765322730344,0,0,-0.98607205856908497,0,0,0
366200,0,0,0.032130354711016523,0,0,-0.98803405856910698,0,0,0
366400,0,0,0.031932551699302703,0,0,-0.98999605856912898,0,0,0
366600,0,0,0.031734356287588875,0,0,-0.99195805856915098,0,0,0
366800,0,0,0.03153576847587504,0,0,-0.99392005856917298,0,0,0
367000,0,0,0.031336788264161204,0,0,-0.99588205856919498,0,0,0
367200,0,0,0.031137415652447285,0,0,-0.99784405856921699,0,0,0
367400,0,0,0.030937650640733439,0,0,-0.99980605856923899,0,0,0
367600,0,0,0.030737493229019593,0,0,-1.001768058569221,0,0,0
367800,0,0,0.030536943417305749,0,0,-1.0037300585691986,0,0,0
368000,0,0,0.030336001205591913,0,0,-1.0056920585691762,0,0,0
368200,0,0,0.03013466659387808,0,0,-1.0076540585691538,0,0,0
368400,0,0,0.02993293958216425,0,0,-1.0096160585691314,0,0,0
368600,0,0,0.029730820170450426,0,0,-1.011578058569109,0,0,0
368800,0,0,0.029528308358736606,0,0,-1.0135400585690866,0,0,0
369000,0,0,0.029325404147022789,0,0,-1.0155020585690642,0,0,0
369200,0,0,0.029122107535308979,0,0,-1.0174640585690418,0,0,0
369400,0,0,0.028918418523595175,0,0,-1.0194260585690194,0,0,0
369600,0,0,0.028714337111881372,0,0,-1.0213880585689969,0,0,0
369800,0,0,0.028509863300167575,0,0,-1.0233500585689745,0,0,0
370000,0,0,0.028304997088453784,0,0,-1.0253120585689521,0,0,0
370200,0,0,0.028099738476739994,0,0,-1.0272740585689297,0,0,0
370400,0,0,0.02789408746502621,0,0,-1.0292360585689073,0,0,0
370600,0,0,0.027688044053312433,0,0,-1.0311980585688849,0,0,0
370800,0,0,0.027481608241598655,0,0,-1.0331600585688625,0,0,0
371000,0,0,0.027274780029884885,0,0,-1.0351220585688401,0,0,0
371200,0,0,0.027067559418171121,0,0,-1.0370840585688177,0,0,0
371400,0,0,0.026859946406457356,0,0,-1.0390460585687953,0,0,0
371600,0,0,0.026651940994743599,0,0,-1.0410080585687729,0,0,0
371800,0,0,0.026443543183029848,0,0,-1.0429700585687505,0,0,0
372000,0,0,0.026234752971316101,0,0,-1.0449320585687281,0,0,0
372200,0,0,0.026025570359602356,0,0,-1.0468940585687057,0,0,0
372400,0,0,0.025815995347888619,0,0,-1.0488560585686832,0,0,0
372600,0,0,0.025606027936174884,0,0,-1.0508180585686608,0,0,0
372800,0,0,0.025395668124461153,0,0,-1.0527800585686384,0,0,0
373000,0,0,0.025184915912747428,0,0,-1.054742058568616,0,0,0
373200,0,0,0.024973771301033707,0,0,-1.0567040585685936,0,0,0
373400,0,0,0.024762234289319989,0,0,-1.0586660585685712,0,0,0
373600,0,0,0.024550304877606278,0,0,-1.0606280585685488,0,0,0
373800,0,0,0.02433798306589257,0,0,-1.0625900585685264,0,0,0
374000,0,0,0.024125268854178865,0,0,-1.064552058568504,0,0,0
374200,0,0,0.023912162242465167,0,0,-1.0665140585684816,0,0,0
374400,0,0,0.023698663230751475,0,0,-1.0684760585684592,0,0,0
374600,0,0,0.023484771819037784,0,0,-1.0704380585684368,0,0,0
374800,0,0,0.023270488007324099,0,0,-1.0724000585684144,0,0,0
375000,0,0,0.02305581179561042,0,0,-1.074362058568392,0,0,0
375200,0,0,0.022840743183896742,0,0,-1.0763240585683695,0,0,0
375400,0,0,0.02262528217218307,0,0,-1.0782860585683471,0,0,0
375600,0,0,0.022409428760469405,0,0,-1.0802480585683247,0,0,0
375800,0,0,0.022193182948755739,0,0,-1.0822100585683023,0,0,0
376000,0,0,0.021976544737042081,0,0,-1.0841720585682799,0,0,0
376200,0,0,0.021759514125328429,0,0,-1.0861340585682575,0,0,0
376400,0,0,0.021542091113614777,0,0,-1.0880960585682351,0,0,0
376600,0,0,0.021324275701901131,0,0,-1.0900580585682127,0,0,0
376800,0,0,0.021106067890187492,0,0,-1.0920200585681903,0,0,0
377000,0,0,0.020887467678473853,0,0,-1.0939820585681679,0,0,0
377200,0,0,0.020668475066760221,0,0,-1.0959440585681455,0,0,0
377400,0,0,0.020449090055046595,0,0,-1.0979060585681231,0,0,0
377600,0,0,0.020229312643332973,0,0,-1.0998680585681007,0,0,0
377800,0,0,0.020009142831619354,0,0,-1.1018300585680783,0,0,0
378000,0,0,0.019788580619905741,0,0,-1.1037920585680558,0,0,0
378200,0,0,0.019567626008192132,0,0,-1.1057540585680334,0,0,0
378400,0,0,0.019346278996478526,0,0,-1.107716058568011,0,0,0
378600,0,0,0.019124539584764927,0,0,-1.1096780585679886,0,0,0
378800,0,0,0.018902407773051331,0,0,-1.1116400585679662,0,0,0
379000,0,0,0.018679883561337738,0,0,-1.1136020585679438,0,0,0
379200,0,0,0.018456966949624152,0,0,-1.1155640585679214,0,0,0
379400,0,0,0.018233657937910569,0,0,-1.117526058567899,0,0,0
379600,0,0,0.018009956526196989,0,0,-1.1194880585678766,0,0,0
379800,0,0,0.017785862714483416,0,0,-1.1214500585678542,0,0,0
380000,0,0,0.01756137650276985,0,0,-1.1234120585678318,0,0,0
380200,0,0,0.017336497891056284,0,0,-1.1253740585678094,0,0,0
380400,0,0,0.017111226879342724,0,0,-1.127336058567787,0,0,0
380600,0,0,0.016885563467629171,0,0,-1.1292980585677646,0,0,0
380800,0,0,0.016659507655915617,0,0,-1.1312600585677421,0,0,0
381000,0,0,0.016433059444202071,0,0,-1.1332220585677197,0,0,0
381200,0,0,0.016206218832488531,0,0,-1.1351840585676973,0,0,0
381400,0,0,0.015978985820774991,0,0,-1.1371460585676749,0,0,0
381600,0,0,0.015751360409061457,0,0,-1.1391080585676525,0,0,0
381800,0,0,0.015523342597347948,0,0,-1.1410700585676301,0,0,0
382000,0,0,0.015294932385634424,0,0,-1.1430320585676077,0,0,0
382200,0,0,0.015066129773920904,0,0,-1.1449940585675853,0,0,0
382400,0,0,0.01483693476220739,0,0,-1.1469560585675629,0,0,0
382600,0,0,0.01460734735049388,0,0,-1.1489180585675405,0,0,0
382800,0,0,0.014377367538780373,0,0,-1.1508800585675181,0,0,0
383000,0,0,0.014146995327066873,0,0,-1.1528420585674957,0,0,0
383200,0,0,0.013916230715353377,0,0,-1.1548040585674733,0,0,0
383400,0,0,0.013685073703639883,0,0,-1.1567660585674508,0,0,0
383600,0,0,0.013453524291926396,0,0,-1.1587280585674284,0,0,0
383800,0,0,0.013221582480212914,0,0,-1.160690058567406,0,0,0
384000,0,0,0.012989248268499433,0,0,-1.1626520585673836,0,0,0
384200,0,0,0.012756521656785959,0,0,-1.1646140585673612,0,0,0
384400,0,0,0.012523402645072491,0,0,-1.1665760585673388,0,0,0
384600,0,0,0.012289891233359024,0,0,-1.1685380585673164,0,0,0
384800,0,0,0.012055987421645563,0,0,-1.170500058567294,0,0,0
385000,0,0,0.011821691209932109,0,0,-1.1724620585672716,0,0,0
385200,0,0,0.011587002598218654,0,0,-1.1744240585672492,0,0,0
385400,0,0,0.011351921586505206,0,0,-1.1763860585672268,0,0,0
385600,0,0,0.011116448174791765,0,0,-1.1783480585672044,0,0,0
385800,0,0,0.010880582363078326,0,0,-1.180310058567182,0,0,0
386000,0,0,0.010644324151364891,0,0,-1.1822720585671596,0,0,0
386200,0,0,0.010407673539651463,0,0,-1.1842340585671371,0,0,0
386400,0,0,0.010170630527938037,0,0,-1.1861960585671147,0,0,0
386600,0,0,0.0099331951162246156,0,0,-1.1881580585670923,0,0,0
386800,0,0,0.0096953673045112009,0,0,-1.1901200585670699,0,0,0
387000,0,0,0.0094571470927977894,0,0,-1.1920820585670475,0,0,0
387200,0,0,0.0092185344810843811,0,0,-1.1940440585670251,0,0,0
387400,0,0,0.0089795294693709796,0,0,-1.1960060585670027,0,0,0
387600,0,0,0.0087401320576575812,0,0,-1.1979680585669803,0,0,0
387800,0,0,0.0085003422459441862,0,0,-1.1999300585669579,0,0,0
388000,0,0,0.0082601600342307978,0,0,-1.2018920585669355,0,0,0
388200,0,0,0.0080195854225174144,0,0,-1.2038540585669131,0,0,0
388400,0,0,0.0077786184108040264,0,0,-1.2058160585668907,0,0,0
388600,0,0,0.0075372589990906494,0,0,-1.2077780585668683,0,0,0
388800,0,0,0.0072955071873772774,0,0,-1.2097400585668459,0,0,0
389000,0,0,0.0070533629756639122,0,0,-1.2117020585668234,0,0,0
389200,0,0,0.0068108263639505484,0,0,-1.213664058566801,0,0,0
389400,0,0,0.0065678973522371896,0,0,-1.2156260585667786,0,0,0
389600,0,0,0.0063245759405238374,0,0,-1.2175880585667562,0,0,0
389800,0,0,0.0060808621288104877,0,0,-1.2195500585667338,0,0,0
390000,0,0,0.005836755917097142,0,0,-1.2215120585667114,0,0,0
390200,0,0,0.0055922573053838031,0,0,-1.223474058566689,0,0,0
390400,0,0,0.0053473662936704674,0,0,-1.2254360585666666,0,0,0
390600,0,0,0.0051020828819571349,0,0,-1.2273980585666442,0,0,0
390800,0,0,0.0048584235122780452,0,0,-1.1795128171377942,0,0,0
391000,0,0,0.0046519081679370841,0,0,-0.82195989769758626,0,0,0
391200,0,0,0.0045516171709746806,0,0,-0.14532018098980409,0,0,0
391400,0,0,0.0045963651609996041,0,0,0.56904954158150534,0,0,0
391600,0,0,0.0047604411549959352,0,0,1.0104786016902514,0,0,0
391800,0,0,0.0049767890142893064,0,0,1.106638999286687,0,0,0
392000,0,0,0.0051976292669145448,0,0,1.1031435541016184,0,0,0
392200,0,0,0.0054180617777348714,0,0,1.1011815541016408,0,0,0
392400,0,0,0.0056381018885552029,0,0,1.0992195541016632,0,0,0
392600,0,0,0.005857749599375536,0,0,1.0972575541016856,0,0,0
392800,0,0,0.0060770049101958757,0,0,1.095295554101708,0,0,0
393000,0,0,0.0062958678210162213,0,0,1.0933335541017304,0,0,0
393200,0,0,0.0065143383318365675,0,0,1.0913715541017528,0,0,0
393400,0,0,0.0067324164426569204,0,0,1.0894095541017752,0,0,0
393600,0,0,0.00695010215347728,0,0,1.0874475541017976,0,0,0
393800,0,0,0.0071673954642976394,0,0,1.08548555410182,0,0,0
394000,0,0,0.0073842963751180055,0,0,1.0835235541018424,0,0,0
394200,0,0,0.0076008048859383783,0,0,1.0815615541018648,0,0,0
394400,0,0,0.0078169209967587517,0,0,1.0795995541018872,0,0,0
394600,0,0,0.0080326447075791327,0,0,1.0776375541019096,0,0,0
394800,0,0,0.0082479760183995152,0,0,1.0756755541019321,0,0,0
395000,0,0,0.0084629149292199043,0,0,1.0737135541019545,0,0,0
395200,0,0,0.0086774614400402985,0,0,1.0717515541019769,0,0,0
395400,0,0,0.0088916155508606941,0,0,1.0697895541019993,0,0,0
395600,0,0,0.0091053772616810965,0,0,1.0678275541020217,0,0,0
395800,0,0,0.0093187465725015056,0,0,1.0658655541020441,0,0,0
396000,0,0,0.0095317234833219144,0,0,1.0639035541020665,0,0,0
396200,0,0,0.0097443079941423299,0,0,1.0619415541020889,0,0,0
396400,0,0,0.0099565001049627521,0,0,1.0599795541021113,0,0,0
396600,0,0,0.010168299815783174,0,0,1.0580175541021337,0,0,0
396800,0,0,0.010379707126603603,0,0,1.0560555541021561,0,0,0
397000,0,0,0.010590722037424038,0,0,1.0540935541021785,0,0,0
397200,0,0,0.010801344548244475,0,0,1.0521315541022009,0,0,0
397400,0,0,0.011011574659064917,0,0,1.0501695541022233,0,0,0
397600,0,0,0.011221412369885365,0,0,1.0482075541022458,0,0,0
397800,0,0,0.011430857680705815,0,0,1.0462455541022682,0,0,0
398000,0,0,0.011639910591526271,0,0,1.0442835541022906,0,0,0
398200,0,0,0.011848571102346732,0,0,1.042321554102313,0,0,0
398400,0,0,0.012056839213167197,0,0,1.0403595541023354,0,0,0
398600,0,0,0.012264714923987665,0,0,1.0383975541023578,0,0,0
398800,0,0,0.01247219823480814,0,0,1.0364355541023802,0,0,0
399000,0,0,0.012679289145628618,0,0,1.0344735541024026,0,0,0
399200,0,0,0.0128859876564491,0,0,1.032511554102425,0,0,0
399400,0,0,0.013092293767269588,0,0,1.0305495541024474,0,0,0
399600,0,0,0.013298207478090081,0,0,1.0285875541024698,0,0,0
399800,0,0,0.013503728788910575,0,0,1.0266255541024922,0,0,0
400000,0,0,0.013708857699731077,0,0,1.0246635541025146,0,0,0
